规划日期,目标日期,24:00基础模型,边界预测方法,预测_当日24:00,实际_当日24:00,预测_次日00:10,实际_次日00:10,预测_最后区间平均负载,实际_最后区间平均负载
2025-02-01,2025-02-02,Baseline,XGBoost跨日边界,3440.36,3484.94,3363.554443359375,3591.9843,3401.957221679688,3538.4621500000003
2025-02-01,2025-02-02,Baseline,历史跨日比例,3440.36,3484.94,3434.4383749676736,3591.9843,3437.3991874838366,3538.4621500000003
2025-02-01,2025-02-02,Baseline,目标时刻上周同期,3440.36,3484.94,3618.1419,3591.9843,3529.25095,3538.4621500000003
2025-02-02,2025-02-03,Baseline,XGBoost跨日边界,3722.21,3548.26,3366.3896484375,3319.2759,3544.29982421875,3433.7679500000004
2025-02-02,2025-02-03,Baseline,历史跨日比例,3722.21,3548.26,3715.8032484066853,3319.2759,3719.0066242033427,3433.7679500000004
2025-02-02,2025-02-03,Baseline,目标时刻上周同期,3722.21,3548.26,3516.9328,3319.2759,3619.5714,3433.7679500000004
2025-02-03,2025-02-04,Baseline,XGBoost跨日边界,3458.67,3553.22,3460.989990234375,3336.6152,3459.8299951171875,3444.9175999999998
2025-02-03,2025-02-04,Baseline,历史跨日比例,3458.67,3553.22,3452.71685938374,3336.6152,3455.69342969187,3444.9175999999998
2025-02-03,2025-02-04,Baseline,目标时刻上周同期,3458.67,3553.22,3695.8008,3336.6152,3577.2354,3444.9175999999998
2025-02-04,2025-02-05,Baseline,XGBoost跨日边界,3606.8,3318.01,3364.778076171875,3549.4514,3485.7890380859376,3433.7307
2025-02-04,2025-02-05,Baseline,历史跨日比例,3606.8,3318.01,3594.9253119668647,3549.4514,3600.8626559834324,3433.7307
2025-02-04,2025-02-05,Baseline,目标时刻上周同期,3606.8,3318.01,3458.6049,3549.4514,3532.7024499999998,3433.7307
2025-02-05,2025-02-06,Baseline,XGBoost跨日边界,3580.49,3329.79,3118.914306640625,3497.9209,3349.7021533203124,3413.85545
2025-02-05,2025-02-06,Baseline,历史跨日比例,3580.49,3329.79,3563.8354669433816,3497.9209,3572.1627334716904,3413.85545
2025-02-05,2025-02-06,Baseline,目标时刻上周同期,3580.49,3329.79,3405.0251,3497.9209,3492.75755,3413.85545
2025-02-06,2025-02-07,Baseline,XGBoost跨日边界,2764.86,2446.62,3167.5458984375,2317.5067,2966.2029492187503,2382.06335
2025-02-06,2025-02-07,Baseline,历史跨日比例,2764.86,2446.62,2751.9993434231287,2317.5067,2758.4296717115644,2382.06335
2025-02-06,2025-02-07,Baseline,目标时刻上周同期,2764.86,2446.62,2646.1276,2317.5067,2705.4938,2382.06335
2025-02-07,2025-02-08,Baseline,XGBoost跨日边界,2543.76,2384.59,2995.10302734375,2341.7515,2769.431513671875,2363.17075
2025-02-07,2025-02-08,Baseline,历史跨日比例,2543.76,2384.59,2535.385164569378,2341.7515,2539.572582284689,2363.17075
2025-02-07,2025-02-08,Baseline,目标时刻上周同期,2543.76,2384.59,2532.1822,2341.7515,2537.9711,2363.17075
2025-02-08,2025-02-09,Baseline,XGBoost跨日边界,3484.94,3210.87,3336.78173828125,3413.1243,3410.8608691406253,3311.99715
2025-02-08,2025-02-09,Baseline,历史跨日比例,3484.94,3210.87,3473.466512333871,3413.1243,3479.2032561669357,3311.99715
2025-02-08,2025-02-09,Baseline,目标时刻上周同期,3484.94,3210.87,3591.9843,3413.1243,3538.4621500000003,3311.99715
2025-02-09,2025-02-10,Baseline,XGBoost跨日边界,3548.26,3455.92,3398.780517578125,3379.5939,3473.5202587890626,3417.75695
2025-02-09,2025-02-10,Baseline,历史跨日比例,3548.26,3455.92,3531.7553837425953,3379.5939,3540.0076918712975,3417.75695
2025-02-09,2025-02-10,Baseline,目标时刻上周同期,3548.26,3455.92,3319.2759,3379.5939,3433.7679500000004,3417.75695
2025-02-10,2025-02-11,Baseline,XGBoost跨日边界,3553.22,3569.7,3311.6279296875,3413.1735,3432.4239648437497,3491.43675
2025-02-10,2025-02-11,Baseline,历史跨日比例,3553.22,3569.7,3536.692312463535,3413.1735,3544.9561562317676,3491.43675
2025-02-10,2025-02-11,Baseline,目标时刻上周同期,3553.22,3569.7,3336.6152,3413.1735,3444.9175999999998,3491.43675
2025-02-11,2025-02-12,Baseline,XGBoost跨日边界,3318.01,3222.62,3310.85791015625,3272.9536,3314.433955078125,3247.7868
2025-02-11,2025-02-12,Baseline,历史跨日比例,3318.01,3222.62,3286.525868086377,3272.9536,3302.2679340431887,3247.7868
2025-02-11,2025-02-12,Baseline,目标时刻上周同期,3318.01,3222.62,3549.4514,3272.9536,3433.7307,3247.7868
2025-02-12,2025-02-13,Baseline,XGBoost跨日边界,3329.79,3246.86,3240.05419921875,3551.1175,3284.922099609375,3398.98875
2025-02-12,2025-02-13,Baseline,历史跨日比例,3329.79,3246.86,3276.1954324645603,3551.1175,3302.99271623228,3398.98875
2025-02-12,2025-02-13,Baseline,目标时刻上周同期,3329.79,3246.86,3497.9209,3551.1175,3413.85545,3398.98875
2025-02-13,2025-02-14,Baseline,XGBoost跨日边界,2446.62,2421.19,2679.233642578125,2507.4053,2562.9268212890624,2464.29765
2025-02-13,2025-02-14,Baseline,历史跨日比例,2446.62,2421.19,2418.831036563542,2507.4053,2432.7255182817707,2464.29765
2025-02-13,2025-02-14,Baseline,目标时刻上周同期,2446.62,2421.19,2317.5067,2507.4053,2382.06335,2464.29765
2025-02-14,2025-02-15,Baseline,XGBoost跨日边界,2384.59,2509.56,2752.3681640625,2470.6272,2568.47908203125,2490.0936
2025-02-14,2025-02-15,Baseline,历史跨日比例,2384.59,2509.56,2357.5055797300183,2470.6272,2371.0477898650092,2490.0936
2025-02-14,2025-02-15,Baseline,目标时刻上周同期,2384.59,2509.56,2341.7515,2470.6272,2363.17075,2490.0936
2025-02-15,2025-02-16,Baseline,XGBoost跨日边界,3210.87,3285.85,3304.662841796875,3581.8623,3257.7664208984374,3433.8561499999996
2025-02-15,2025-02-16,Baseline,历史跨日比例,3210.87,3285.85,3195.934742380092,3581.8623,3203.402371190046,3433.8561499999996
2025-02-15,2025-02-16,Baseline,目标时刻上周同期,3210.87,3285.85,3413.1243,3581.8623,3311.99715,3433.8561499999996
2025-02-16,2025-02-17,Baseline,XGBoost跨日边界,3455.92,3314.64,3319.40771484375,3431.708,3387.663857421875,3373.174
2025-02-16,2025-02-17,Baseline,历史跨日比例,3455.92,3314.64,3420.9024085735514,3431.708,3438.4112042867755,3373.174
2025-02-16,2025-02-17,Baseline,目标时刻上周同期,3455.92,3314.64,3379.5939,3431.708,3417.75695,3373.174
2025-02-17,2025-02-18,Baseline,XGBoost跨日边界,3569.7,3399.92,3331.3564453125,3450.3468,3450.52822265625,3425.1333999999997
2025-02-17,2025-02-18,Baseline,历史跨日比例,3569.7,3399.92,3533.5295168536904,3450.3468,3551.614758426845,3425.1333999999997
2025-02-17,2025-02-18,Baseline,目标时刻上周同期,3569.7,3399.92,3413.1735,3450.3468,3491.43675,3425.1333999999997
2025-02-18,2025-02-19,Baseline,XGBoost跨日边界,3222.62,3266.88,3309.5703125,3303.9013,3266.09515625,3285.3906500000003
2025-02-18,2025-02-19,Baseline,历史跨日比例,3222.62,3266.88,3190.2886674336637,3303.9013,3206.4543337168316,3285.3906500000003
2025-02-18,2025-02-19,Baseline,目标时刻上周同期,3222.62,3266.88,3272.9536,3303.9013,3247.7868,3285.3906500000003
2025-02-19,2025-02-20,Baseline,XGBoost跨日边界,3246.86,3432.95,3383.090087890625,3438.0854,3314.975043945313,3435.5177
2025-02-19,2025-02-20,Baseline,历史跨日比例,3246.86,3432.95,3236.1703444639943,3438.0854,3241.515172231997,3435.5177
2025-02-19,2025-02-20,Baseline,目标时刻上周同期,3246.86,3432.95,3551.1175,3438.0854,3398.98875,3435.5177
2025-02-20,2025-02-21,Baseline,XGBoost跨日边界,2421.19,2498.4,2638.730224609375,2404.3697,2529.9601123046878,2451.3848500000004
2025-02-20,2025-02-21,Baseline,历史跨日比例,2421.19,2498.4,2422.9322280946667,2404.3697,2422.0611140473334,2451.3848500000004
2025-02-20,2025-02-21,Baseline,目标时刻上周同期,2421.19,2498.4,2507.4053,2404.3697,2464.29765,2451.3848500000004
2025-02-21,2025-02-22,Baseline,XGBoost跨日边界,2509.56,2618.28,2723.534423828125,2306.8268,2616.5472119140622,2462.5534
2025-02-21,2025-02-22,Baseline,历史跨日比例,2509.56,2618.28,2515.794029056744,2306.8268,2512.6770145283717,2462.5534
2025-02-21,2025-02-22,Baseline,目标时刻上周同期,2509.56,2618.28,2470.6272,2306.8268,2490.0936,2462.5534
2025-02-22,2025-02-23,Baseline,XGBoost跨日边界,3285.85,3501.77,3401.1943359375,3653.2341,3343.52216796875,3577.50205
2025-02-22,2025-02-23,Baseline,历史跨日比例,3285.85,3501.77,3294.0124206538608,3653.2341,3289.9312103269303,3577.50205
2025-02-22,2025-02-23,Baseline,目标时刻上周同期,3285.85,3501.77,3581.8623,3653.2341,3433.8561499999996,3577.50205
2025-02-23,2025-02-24,Baseline,XGBoost跨日边界,3314.64,3389.9,3365.6259765625,3298.8996,3340.1329882812497,3344.3998
2025-02-23,2025-02-24,Baseline,历史跨日比例,3314.64,3389.9,3309.57599774668,3298.8996,3312.10799887334,3344.3998
2025-02-23,2025-02-24,Baseline,目标时刻上周同期,3314.64,3389.9,3431.708,3298.8996,3373.174,3344.3998
2025-02-24,2025-02-25,Baseline,XGBoost跨日边界,3399.92,3348.42,3417.4794921875,3552.7178,3408.69974609375,3450.5689
2025-02-24,2025-02-25,Baseline,历史跨日比例,3399.92,3348.42,3394.7257096574267,3552.7178,3397.3228548287134,3450.5689
2025-02-24,2025-02-25,Baseline,目标时刻上周同期,3399.92,3348.42,3450.3468,3552.7178,3425.1333999999997,3450.5689
2025-02-25,2025-02-26,Baseline,XGBoost跨日边界,3266.88,3204.43,3331.66552734375,3373.4506,3299.272763671875,3288.9403
2025-02-25,2025-02-26,Baseline,历史跨日比例,3266.88,3204.43,3261.888963965521,3373.4506,3264.3844819827605,3288.9403
2025-02-25,2025-02-26,Baseline,目标时刻上周同期,3266.88,3204.43,3303.9013,3373.4506,3285.3906500000003,3288.9403
2025-02-26,2025-02-27,Baseline,XGBoost跨日边界,3432.95,3375.21,3396.505859375,3349.53,3414.7279296875,3362.37
2025-02-26,2025-02-27,Baseline,历史跨日比例,3432.95,3375.21,3427.705247467135,3349.53,3430.3276237335676,3362.37
2025-02-26,2025-02-27,Baseline,目标时刻上周同期,3432.95,3375.21,3438.0854,3349.53,3435.5177,3362.37
2025-02-27,2025-02-28,Baseline,XGBoost跨日边界,2498.4,2323.87,2565.460205078125,2298.0528,2531.9301025390623,2310.9614
2025-02-27,2025-02-28,Baseline,历史跨日比例,2498.4,2323.87,2514.4250193489747,2298.0528,2506.4125096744874,2310.9614
2025-02-27,2025-02-28,Baseline,目标时刻上周同期,2498.4,2323.87,2404.3697,2298.0528,2451.3848500000004,2310.9614
2025-02-28,2025-03-01,Baseline,XGBoost跨日边界,2618.28,2558.33,2721.958740234375,2600.0321,2670.119370117188,2579.18105
2025-02-28,2025-03-01,Baseline,历史跨日比例,2618.28,2558.33,2635.0739431880543,2600.0321,2626.6769715940272,2579.18105
2025-02-28,2025-03-01,Baseline,目标时刻上周同期,2618.28,2558.33,2306.8268,2600.0321,2462.5534,2579.18105
2025-03-01,2025-03-02,Baseline,XGBoost跨日边界,3501.77,3225.63,3413.552490234375,3361.4819,3457.6612451171877,3293.55595
2025-03-01,2025-03-02,Baseline,历史跨日比例,3501.77,3225.63,3524.2307476807796,3361.4819,3513.00037384039,3293.55595
2025-03-01,2025-03-02,Baseline,目标时刻上周同期,3501.77,3225.63,3653.2341,3361.4819,3577.50205,3293.55595
2025-03-02,2025-03-03,Baseline,XGBoost跨日边界,3389.9,3405.41,3445.263916015625,3424.6787,3417.5819580078123,3415.04435
2025-03-02,2025-03-03,Baseline,历史跨日比例,3389.9,3405.41,3434.246793325259,3424.6787,3412.0733966626294,3415.04435
2025-03-02,2025-03-03,Baseline,目标时刻上周同期,3389.9,3405.41,3298.8996,3424.6787,3344.3998,3415.04435
2025-03-03,2025-03-04,Baseline,XGBoost跨日边界,3348.42,3420.11,3432.333740234375,3407.0972,3390.3768701171875,3413.6036000000004
2025-03-03,2025-03-04,Baseline,历史跨日比例,3348.42,3420.11,3392.2241504782337,3407.0972,3370.322075239117,3413.6036000000004
2025-03-03,2025-03-04,Baseline,目标时刻上周同期,3348.42,3420.11,3552.7178,3407.0972,3450.5689,3413.6036000000004
2025-03-04,2025-03-05,Baseline,XGBoost跨日边界,3204.43,3403.02,3344.973388671875,3411.259,3274.7016943359376,3407.1395
2025-03-04,2025-03-05,Baseline,历史跨日比例,3204.43,3403.02,3246.3504681363047,3411.259,3225.3902340681525,3407.1395
2025-03-04,2025-03-05,Baseline,目标时刻上周同期,3204.43,3403.02,3373.4506,3411.259,3288.9403,3407.1395
2025-03-05,2025-03-06,Baseline,XGBoost跨日边界,3375.21,3529.41,3323.33544921875,3401.6642,3349.272724609375,3465.5371
2025-03-05,2025-03-06,Baseline,历史跨日比例,3375.21,3529.41,3419.364618218634,3401.6642,3397.287309109317,3465.5371
2025-03-05,2025-03-06,Baseline,目标时刻上周同期,3375.21,3529.41,3349.53,3401.6642,3362.37,3465.5371
2025-03-06,2025-03-07,Baseline,XGBoost跨日边界,2323.87,2606.24,2510.420654296875,2572.0153,2417.1453271484374,2589.12765
2025-03-06,2025-03-07,Baseline,历史跨日比例,2323.87,2606.24,2343.611940700436,2572.0153,2333.740970350218,2589.12765
2025-03-06,2025-03-07,Baseline,目标时刻上周同期,2323.87,2606.24,2298.0528,2572.0153,2310.9614,2589.12765
2025-03-07,2025-03-08,Baseline,XGBoost跨日边界,2558.33,2480.27,2537.597412109375,2516.5725,2547.9637060546875,2498.4212500000003
2025-03-07,2025-03-08,Baseline,历史跨日比例,2558.33,2480.27,2568.664816900604,2516.5725,2563.497408450302,2498.4212500000003
2025-03-07,2025-03-08,Baseline,目标时刻上周同期,2558.33,2480.27,2600.0321,2516.5725,2579.18105,2498.4212500000003
2025-03-08,2025-03-09,Baseline,XGBoost跨日边界,3225.63,3225.68,3248.09130859375,3292.478,3236.860654296875,3259.0789999999997
2025-03-08,2025-03-09,Baseline,历史跨日比例,3225.63,3225.68,3238.6604907651067,3292.478,3232.145245382553,3259.0789999999997
2025-03-08,2025-03-09,Baseline,目标时刻上周同期,3225.63,3225.68,3361.4819,3292.478,3293.55595,3259.0789999999997
2025-03-09,2025-03-10,Baseline,XGBoost跨日边界,3405.41,3396.17,3338.970458984375,3488.6651,3372.1902294921874,3442.41755
2025-03-09,2025-03-10,Baseline,历史跨日比例,3405.41,3396.17,3434.339932518029,3488.6651,3419.8749662590144,3442.41755
2025-03-09,2025-03-10,Baseline,目标时刻上周同期,3405.41,3396.17,3424.6787,3488.6651,3415.04435,3442.41755
2025-03-10,2025-03-11,Baseline,XGBoost跨日边界,3420.11,3449.29,3438.1357421875,3510.7186,3429.1228710937503,3480.0043
2025-03-10,2025-03-11,Baseline,历史跨日比例,3420.11,3449.29,3449.164813224909,3510.7186,3434.6374066124545,3480.0043
2025-03-10,2025-03-11,Baseline,目标时刻上周同期,3420.11,3449.29,3407.0972,3510.7186,3413.6036000000004,3480.0043
2025-03-11,2025-03-12,Baseline,XGBoost跨日边界,3403.02,3201.35,3370.158447265625,3321.6259,3386.5892236328127,3261.4879499999997
2025-03-11,2025-03-12,Baseline,历史跨日比例,3403.02,3201.35,3447.206210829421,3321.6259,3425.1131054147104,3261.4879499999997
2025-03-11,2025-03-12,Baseline,目标时刻上周同期,3403.02,3201.35,3411.259,3321.6259,3407.1395,3261.4879499999997
2025-03-12,2025-03-13,Baseline,XGBoost跨日边界,3529.41,3486.26,3442.7587890625,3617.1514,3486.08439453125,3551.7057000000004
2025-03-12,2025-03-13,Baseline,历史跨日比例,3529.41,3486.26,3581.4128071071714,3617.1514,3555.411403553586,3551.7057000000004
2025-03-12,2025-03-13,Baseline,目标时刻上周同期,3529.41,3486.26,3401.6642,3617.1514,3465.5371,3551.7057000000004
2025-03-13,2025-03-14,Baseline,XGBoost跨日边界,2606.24,2440.31,2526.61962890625,2355.0261,2566.429814453125,2397.66805
2025-03-13,2025-03-14,Baseline,历史跨日比例,2606.24,2440.31,2644.6406947322625,2355.0261,2625.4403473661314,2397.66805
2025-03-13,2025-03-14,Baseline,目标时刻上周同期,2606.24,2440.31,2572.0153,2355.0261,2589.12765,2397.66805
2025-03-14,2025-03-15,Baseline,XGBoost跨日边界,2480.27,2350.93,2501.084716796875,2545.3728,2490.6773583984377,2448.1513999999997
2025-03-14,2025-03-15,Baseline,历史跨日比例,2480.27,2350.93,2516.8146356143675,2545.3728,2498.5423178071837,2448.1513999999997
2025-03-14,2025-03-15,Baseline,目标时刻上周同期,2480.27,2350.93,2516.5725,2545.3728,2498.4212500000003,2448.1513999999997
2025-03-15,2025-03-16,Baseline,XGBoost跨日边界,3225.68,3459.73,3443.651611328125,3473.5801,3334.6658056640626,3466.6550500000003
2025-03-15,2025-03-16,Baseline,历史跨日比例,3225.68,3459.73,3267.5635553561974,3473.5801,3246.6217776780986,3466.6550500000003
2025-03-15,2025-03-16,Baseline,目标时刻上周同期,3225.68,3459.73,3292.478,3473.5801,3259.0789999999997,3466.6550500000003
2025-03-16,2025-03-17,Baseline,XGBoost跨日边界,3396.17,3564.41,3476.040283203125,3395.9681,3436.1051416015625,3480.18905
2025-03-16,2025-03-17,Baseline,历史跨日比例,3396.17,3564.41,3446.2096308202117,3395.9681,3421.189815410106,3480.18905
2025-03-16,2025-03-17,Baseline,目标时刻上周同期,3396.17,3564.41,3488.6651,3395.9681,3442.41755,3480.18905
2025-03-17,2025-03-18,Baseline,XGBoost跨日边界,3449.29,3365.04,3445.76123046875,3306.312,3447.525615234375,3335.676
2025-03-17,2025-03-18,Baseline,历史跨日比例,3449.29,3365.04,3494.0769995333008,3306.312,3471.68349976665,3335.676
2025-03-17,2025-03-18,Baseline,目标时刻上周同期,3449.29,3365.04,3510.7186,3306.312,3480.0043,3335.676
2025-03-18,2025-03-19,Baseline,XGBoost跨日边界,3201.35,3412.87,3371.780029296875,3431.2079,3286.5650146484377,3422.03895
2025-03-18,2025-03-19,Baseline,历史跨日比例,3201.35,3412.87,3228.546384419671,3431.2079,3214.9481922098357,3422.03895
2025-03-18,2025-03-19,Baseline,目标时刻上周同期,3201.35,3412.87,3321.6259,3431.2079,3261.4879499999997,3422.03895
2025-03-19,2025-03-20,Baseline,XGBoost跨日边界,3486.26,3410.51,3363.46044921875,3299.0689,3424.860224609375,3354.78945
2025-03-19,2025-03-20,Baseline,历史跨日比例,3486.26,3410.51,3503.1012380830357,3299.0689,3494.680619041518,3354.78945
2025-03-19,2025-03-20,Baseline,目标时刻上周同期,3486.26,3410.51,3617.1514,3299.0689,3551.7057000000004,3354.78945
2025-03-20,2025-03-21,Baseline,XGBoost跨日边界,2440.31,2401.0,2597.93115234375,2359.4277,2519.1205761718747,2380.21385
2025-03-20,2025-03-21,Baseline,历史跨日比例,2440.31,2401.0,2451.7506521558103,2359.4277,2446.030326077905,2380.21385
2025-03-20,2025-03-21,Baseline,目标时刻上周同期,2440.31,2401.0,2355.0261,2359.4277,2397.66805,2380.21385
2025-03-21,2025-03-22,Baseline,XGBoost跨日边界,2350.93,2450.59,2644.4072265625,2430.3122,2497.66861328125,2440.4511
2025-03-21,2025-03-22,Baseline,历史跨日比例,2350.93,2450.59,2361.951621176268,2430.3122,2356.440810588134,2440.4511
2025-03-21,2025-03-22,Baseline,目标时刻上周同期,2350.93,2450.59,2545.3728,2430.3122,2448.1513999999997,2440.4511
2025-03-22,2025-03-23,Baseline,XGBoost跨日边界,3459.73,3487.42,3348.5263671875,3450.6115,3404.12818359375,3469.01575
2025-03-22,2025-03-23,Baseline,历史跨日比例,3459.73,3487.42,3475.949893162353,3450.6115,3467.8399465811763,3469.01575
2025-03-22,2025-03-23,Baseline,目标时刻上周同期,3459.73,3487.42,3473.5801,3450.6115,3466.6550500000003,3469.01575
2025-03-23,2025-03-24,Baseline,XGBoost跨日边界,3564.41,3392.55,3377.198974609375,3547.3049,3470.8044873046874,3469.92745
2025-03-23,2025-03-24,Baseline,历史跨日比例,3564.41,3392.55,3581.1206535443002,3547.3049,3572.76532677215,3469.92745
2025-03-23,2025-03-24,Baseline,目标时刻上周同期,3564.41,3392.55,3395.9681,3547.3049,3480.18905,3469.92745
2025-03-24,2025-03-25,Baseline,XGBoost跨日边界,3365.04,3501.11,3389.04248046875,3443.9236,3377.041240234375,3472.5168000000003
2025-03-24,2025-03-25,Baseline,历史跨日比例,3365.04,3501.11,3375.849040605867,3443.9236,3370.4445203029336,3472.5168000000003
2025-03-24,2025-03-25,Baseline,目标时刻上周同期,3365.04,3501.11,3306.312,3443.9236,3335.676,3472.5168000000003
2025-03-25,2025-03-26,Baseline,XGBoost跨日边界,3412.87,3349.46,3322.95703125,3288.8805,3367.913515625,3319.17025
2025-03-25,2025-03-26,Baseline,历史跨日比例,3412.87,3349.46,3428.8702042867503,3288.8805,3420.8701021433753,3319.17025
2025-03-25,2025-03-26,Baseline,目标时刻上周同期,3412.87,3349.46,3431.2079,3288.8805,3422.03895,3319.17025
2025-03-26,2025-03-27,Baseline,XGBoost跨日边界,3410.51,3468.14,3339.572021484375,3344.1586,3375.0410107421876,3406.1493
2025-03-26,2025-03-27,Baseline,历史跨日比例,3410.51,3468.14,3421.4650974362016,3344.1586,3415.9875487181007,3406.1493
2025-03-26,2025-03-27,Baseline,目标时刻上周同期,3410.51,3468.14,3299.0689,3344.1586,3354.78945,3406.1493
2025-03-27,2025-03-28,Baseline,XGBoost跨日边界,2401.0,2463.43,2486.98876953125,2320.9786,2443.994384765625,2392.2043
2025-03-27,2025-03-28,Baseline,历史跨日比例,2401.0,2463.43,2399.3388620235232,2320.9786,2400.169431011762,2392.2043
2025-03-27,2025-03-28,Baseline,目标时刻上周同期,2401.0,2463.43,2359.4277,2320.9786,2380.21385,2392.2043
2025-03-28,2025-03-29,Baseline,XGBoost跨日边界,2450.59,2623.15,2509.140869140625,2589.6557,2479.8654345703126,2606.40285
2025-03-28,2025-03-29,Baseline,历史跨日比例,2450.59,2623.15,2448.894553055488,2589.6557,2449.7422765277443,2606.40285
2025-03-28,2025-03-29,Baseline,目标时刻上周同期,2450.59,2623.15,2430.3122,2589.6557,2440.4511,2606.40285
2025-03-29,2025-03-30,Baseline,XGBoost跨日边界,3487.42,3416.19,3468.968505859375,3585.3895,3478.1942529296875,3500.78975
2025-03-29,2025-03-30,Baseline,历史跨日比例,3487.42,3416.19,3485.0072195743755,3585.3895,3486.213609787188,3500.78975
2025-03-29,2025-03-30,Baseline,目标时刻上周同期,3487.42,3416.19,3450.6115,3585.3895,3469.01575,3500.78975
2025-03-30,2025-03-31,Baseline,XGBoost跨日边界,3392.55,3520.7,3410.352294921875,3575.6323,3401.4511474609376,3548.16615
2025-03-30,2025-03-31,Baseline,历史跨日比例,3392.55,3520.7,3372.0599304553866,3575.6323,3382.304965227693,3548.16615
2025-03-30,2025-03-31,Baseline,目标时刻上周同期,3392.55,3520.7,3547.3049,3575.6323,3469.92745,3548.16615
2025-03-31,2025-04-01,Baseline,XGBoost跨日边界,3501.11,3355.05,3447.3984375,3533.6798,3474.2542187500003,3444.3649
2025-03-31,2025-04-01,Baseline,历史跨日比例,3501.11,3355.05,3479.964257893519,3533.6798,3490.5371289467594,3444.3649
2025-03-31,2025-04-01,Baseline,目标时刻上周同期,3501.11,3355.05,3443.9236,3533.6798,3472.5168000000003,3444.3649
2025-04-01,2025-04-02,Baseline,XGBoost跨日边界,3349.46,3423.61,3384.672607421875,3564.2691,3367.0663037109375,3493.93955
2025-04-01,2025-04-02,Baseline,历史跨日比例,3349.46,3423.61,3329.230182211935,3564.2691,3339.345091105967,3493.93955
2025-04-01,2025-04-02,Baseline,目标时刻上周同期,3349.46,3423.61,3288.8805,3564.2691,3319.17025,3493.93955
2025-04-02,2025-04-03,Baseline,XGBoost跨日边界,3468.14,3279.03,3337.998779296875,3404.4367,3403.069389648437,3341.7333500000004
2025-04-02,2025-04-03,Baseline,历史跨日比例,3468.14,3279.03,3457.9894901822677,3404.4367,3463.064745091134,3341.7333500000004
2025-04-02,2025-04-03,Baseline,目标时刻上周同期,3468.14,3279.03,3344.1586,3404.4367,3406.1493,3341.7333500000004
2025-04-03,2025-04-04,Baseline,XGBoost跨日边界,2463.43,2234.15,2522.146484375,2288.9737,2492.7882421875,2261.56185
2025-04-03,2025-04-04,Baseline,历史跨日比例,2463.43,2234.15,2458.1688169255017,2288.9737,2460.7994084627508,2261.56185
2025-04-03,2025-04-04,Baseline,目标时刻上周同期,2463.43,2234.15,2320.9786,2288.9737,2392.2043,2261.56185
2025-04-04,2025-04-05,Baseline,XGBoost跨日边界,2623.15,2489.47,2487.30712890625,2313.0806,2555.228564453125,2401.2753
2025-04-04,2025-04-05,Baseline,历史跨日比例,2623.15,2489.47,2635.447841955536,2313.0806,2629.298920977768,2401.2753
2025-04-04,2025-04-05,Baseline,目标时刻上周同期,2623.15,2489.47,2589.6557,2313.0806,2606.40285,2401.2753
2025-04-05,2025-04-06,Baseline,XGBoost跨日边界,3416.19,3305.13,3413.25341796875,3398.2558,3414.7217089843753,3351.6929
2025-04-05,2025-04-06,Baseline,历史跨日比例,3416.19,3305.13,3450.3684212974713,3398.2558,3433.279210648736,3351.6929
2025-04-05,2025-04-06,Baseline,目标时刻上周同期,3416.19,3305.13,3585.3895,3398.2558,3500.78975,3351.6929
2025-04-06,2025-04-07,Baseline,XGBoost跨日边界,3520.7,3237.23,3365.74755859375,3358.3526,3443.223779296875,3297.7913
2025-04-06,2025-04-07,Baseline,历史跨日比例,3520.7,3237.23,3537.20573248684,3358.3526,3528.95286624342,3297.7913
2025-04-06,2025-04-07,Baseline,目标时刻上周同期,3520.7,3237.23,3575.6323,3358.3526,3548.16615,3297.7913
2025-04-07,2025-04-08,Baseline,XGBoost跨日边界,3355.05,3465.82,3395.513427734375,3587.5611,3375.2817138671876,3526.6905500000003
2025-04-07,2025-04-08,Baseline,历史跨日比例,3355.05,3465.82,3370.7791327804057,3587.5611,3362.9145663902027,3526.6905500000003
2025-04-07,2025-04-08,Baseline,目标时刻上周同期,3355.05,3465.82,3533.6798,3587.5611,3444.3649,3526.6905500000003
2025-04-08,2025-04-09,Baseline,XGBoost跨日边界,3423.61,3528.49,3340.611572265625,3448.2221,3382.110786132813,3488.35605
2025-04-08,2025-04-09,Baseline,历史跨日比例,3423.61,3528.49,3439.6605555143215,3448.2221,3431.635277757161,3488.35605
2025-04-08,2025-04-09,Baseline,目标时刻上周同期,3423.61,3528.49,3564.2691,3448.2221,3493.93955,3488.35605
2025-04-09,2025-04-10,Baseline,XGBoost跨日边界,3279.03,3385.28,3400.2578125,3293.9067,3339.6439062500003,3339.59335
2025-04-09,2025-04-10,Baseline,历史跨日比例,3279.03,3385.28,3294.402736102572,3293.9067,3286.716368051286,3339.59335
2025-04-09,2025-04-10,Baseline,目标时刻上周同期,3279.03,3385.28,3404.4367,3293.9067,3341.7333500000004,3339.59335
2025-04-10,2025-04-11,Baseline,XGBoost跨日边界,2234.15,2353.89,2489.02880859375,2343.2886,2361.589404296875,2348.5892999999996
2025-04-10,2025-04-11,Baseline,历史跨日比例,2234.15,2353.89,2229.378493537105,2343.2886,2231.7642467685528,2348.5892999999996
2025-04-10,2025-04-11,Baseline,目标时刻上周同期,2234.15,2353.89,2288.9737,2343.2886,2261.56185,2348.5892999999996
2025-04-11,2025-04-12,Baseline,XGBoost跨日边界,2489.47,2521.9,2508.439453125,2403.9977,2498.9547265624997,2462.9488499999998
2025-04-11,2025-04-12,Baseline,历史跨日比例,2489.47,2521.9,2466.032497443076,2403.9977,2477.751248721538,2462.9488499999998
2025-04-11,2025-04-12,Baseline,目标时刻上周同期,2489.47,2521.9,2313.0806,2403.9977,2401.2753,2462.9488499999998
2025-04-12,2025-04-13,Baseline,XGBoost跨日边界,3305.13,3430.32,3446.497802734375,3500.9734,3375.8139013671876,3465.6467000000002
2025-04-12,2025-04-13,Baseline,历史跨日比例,3305.13,3430.32,3284.0127985588615,3500.9734,3294.571399279431,3465.6467000000002
2025-04-12,2025-04-13,Baseline,目标时刻上周同期,3305.13,3430.32,3398.2558,3500.9734,3351.6929,3465.6467000000002
2025-04-13,2025-04-14,Baseline,XGBoost跨日边界,3237.23,3207.28,3399.756103515625,3253.7645,3318.4930517578123,3230.52225
2025-04-13,2025-04-14,Baseline,历史跨日比例,3237.23,3207.28,3206.7525946075466,3253.7645,3221.9912973037735,3230.52225
2025-04-13,2025-04-14,Baseline,目标时刻上周同期,3237.23,3207.28,3358.3526,3253.7645,3297.7913,3230.52225
2025-04-14,2025-04-15,Baseline,XGBoost跨日边界,3465.82,3317.75,3414.805419921875,3393.4435,3440.3127099609374,3355.5967499999997
2025-04-14,2025-04-15,Baseline,历史跨日比例,3465.82,3317.75,3433.1904984949256,3393.4435,3449.505249247463,3355.5967499999997
2025-04-14,2025-04-15,Baseline,目标时刻上周同期,3465.82,3317.75,3587.5611,3393.4435,3526.6905500000003,3355.5967499999997
2025-04-15,2025-04-16,Baseline,XGBoost跨日边界,3528.49,3253.27,3394.8203125,3410.4015,3461.65515625,3331.83575
2025-04-15,2025-04-16,Baseline,历史跨日比例,3528.49,3253.27,3505.9457024646404,3410.4015,3517.21785123232,3331.83575
2025-04-15,2025-04-16,Baseline,目标时刻上周同期,3528.49,3253.27,3448.2221,3410.4015,3488.35605,3331.83575
2025-04-16,2025-04-17,Baseline,XGBoost跨日边界,3385.28,3440.02,3386.03125,3350.8639,3385.6556250000003,3395.44195
2025-04-16,2025-04-17,Baseline,历史跨日比例,3385.28,3440.02,3386.7515510092744,3350.8639,3386.0157755046375,3395.44195
2025-04-16,2025-04-17,Baseline,目标时刻上周同期,3385.28,3440.02,3293.9067,3350.8639,3339.59335,3395.44195
2025-04-17,2025-04-18,Baseline,XGBoost跨日边界,2353.89,2337.22,2452.0810546875,2427.4102,2402.9855273437497,2382.3151
2025-04-17,2025-04-18,Baseline,历史跨日比例,2353.89,2337.22,2365.647274312346,2427.4102,2359.768637156173,2382.3151
2025-04-17,2025-04-18,Baseline,目标时刻上周同期,2353.89,2337.22,2343.2886,2427.4102,2348.5892999999996,2382.3151
2025-04-18,2025-04-19,Baseline,XGBoost跨日边界,2521.9,2401.15,2486.72021484375,2602.7429,2504.310107421875,2501.9464500000004
2025-04-18,2025-04-19,Baseline,历史跨日比例,2521.9,2401.15,2534.4964552669435,2602.7429,2528.198227633472,2501.9464500000004
2025-04-18,2025-04-19,Baseline,目标时刻上周同期,2521.9,2401.15,2403.9977,2602.7429,2462.9488499999998,2501.9464500000004
2025-04-19,2025-04-20,Baseline,XGBoost跨日边界,3430.32,3429.12,3405.25537109375,3406.0222,3417.787685546875,3417.5711
2025-04-19,2025-04-20,Baseline,历史跨日比例,3430.32,3429.12,3481.939623327789,3406.0222,3456.1298116638945,3417.5711
2025-04-19,2025-04-20,Baseline,目标时刻上周同期,3430.32,3429.12,3500.9734,3406.0222,3465.6467000000002,3417.5711
2025-04-20,2025-04-21,Baseline,XGBoost跨日边界,3207.28,3556.38,3408.880859375,3462.3791,3308.0804296875003,3509.37955
2025-04-20,2025-04-21,Baseline,历史跨日比例,3207.28,3556.38,3265.3308083393827,3462.3791,3236.3054041696914,3509.37955
2025-04-20,2025-04-21,Baseline,目标时刻上周同期,3207.28,3556.38,3253.7645,3462.3791,3230.52225,3509.37955
2025-04-21,2025-04-22,Baseline,XGBoost跨日边界,3317.75,3275.05,3397.53515625,3359.0032,3357.642578125,3317.0266
2025-04-21,2025-04-22,Baseline,历史跨日比例,3317.75,3275.05,3377.800282285297,3359.0032,3347.7751411426484,3317.0266
2025-04-21,2025-04-22,Baseline,目标时刻上周同期,3317.75,3275.05,3393.4435,3359.0032,3355.5967499999997,3317.0266
2025-04-22,2025-04-23,Baseline,XGBoost跨日边界,3253.27,3663.48,3356.464111328125,3636.2405,3304.8670556640627,3649.8602499999997
2025-04-22,2025-04-23,Baseline,历史跨日比例,3253.27,3663.48,3302.2253662584235,3636.2405,3277.7476831292115,3649.8602499999997
2025-04-22,2025-04-23,Baseline,目标时刻上周同期,3253.27,3663.48,3410.4015,3636.2405,3331.83575,3649.8602499999997
2025-04-23,2025-04-24,Baseline,XGBoost跨日边界,3440.02,3475.26,3398.691162109375,3503.3495,3419.3555810546877,3489.3047500000002
2025-04-23,2025-04-24,Baseline,历史跨日比例,3440.02,3475.26,3502.2833327004946,3503.3495,3471.151666350247,3489.3047500000002
2025-04-23,2025-04-24,Baseline,目标时刻上周同期,3440.02,3475.26,3350.8639,3503.3495,3395.44195,3489.3047500000002
2025-04-24,2025-04-25,Baseline,XGBoost跨日边界,2337.22,2493.69,2447.12646484375,2415.768,2392.1732324218747,2454.7290000000003
2025-04-24,2025-04-25,Baseline,历史跨日比例,2337.22,2493.69,2379.522982672848,2415.768,2358.371491336424,2454.7290000000003
2025-04-24,2025-04-25,Baseline,目标时刻上周同期,2337.22,2493.69,2427.4102,2415.768,2382.3151,2454.7290000000003
2025-04-25,2025-04-26,Baseline,XGBoost跨日边界,2401.15,2264.26,2488.742919921875,2361.9963,2444.9464599609373,2313.12815
2025-04-25,2025-04-26,Baseline,历史跨日比例,2401.15,2264.26,2444.610096544146,2361.9963,2422.880048272073,2313.12815
2025-04-25,2025-04-26,Baseline,目标时刻上周同期,2401.15,2264.26,2602.7429,2361.9963,2501.9464500000004,2313.12815
2025-04-26,2025-04-27,Baseline,XGBoost跨日边界,3429.12,3346.82,3433.640625,3333.9964,3431.3803125,3340.4082
2025-04-26,2025-04-27,Baseline,历史跨日比例,3429.12,3346.82,3491.186045961919,3333.9964,3460.1530229809596,3340.4082
2025-04-26,2025-04-27,Baseline,目标时刻上周同期,3429.12,3346.82,3406.0222,3333.9964,3417.5711,3340.4082
2025-04-27,2025-04-28,Baseline,XGBoost跨日边界,3556.38,3635.53,3347.96142578125,3529.6765,3452.170712890625,3582.60325
2025-04-27,2025-04-28,Baseline,历史跨日比例,3556.38,3635.53,3633.5737993300627,3529.6765,3594.9768996650314,3582.60325
2025-04-27,2025-04-28,Baseline,目标时刻上周同期,3556.38,3635.53,3462.3791,3529.6765,3509.37955,3582.60325
2025-04-28,2025-04-29,Baseline,XGBoost跨日边界,3275.05,3447.14,3470.8984375,3409.9503,3372.97421875,3428.54515
2025-04-28,2025-04-29,Baseline,历史跨日比例,3275.05,3447.14,3334.327425061702,3409.9503,3304.6887125308513,3428.54515
2025-04-28,2025-04-29,Baseline,目标时刻上周同期,3275.05,3447.14,3359.0032,3409.9503,3317.0266,3428.54515
2025-04-29,2025-04-30,Baseline,XGBoost跨日边界,3663.48,3256.37,3329.6416015625,3499.9191,3496.56080078125,3378.14455
2025-04-29,2025-04-30,Baseline,历史跨日比例,3663.48,3256.37,3727.756069862319,3499.9191,3695.6180349311594,3378.14455
2025-04-29,2025-04-30,Baseline,目标时刻上周同期,3663.48,3256.37,3636.2405,3499.9191,3649.8602499999997,3378.14455
2025-04-30,2025-05-01,Baseline,XGBoost跨日边界,3475.26,3791.19,3391.55224609375,3587.1893,3433.406123046875,3689.1896500000003
2025-04-30,2025-05-01,Baseline,历史跨日比例,3475.26,3791.19,3514.4889751799037,3587.1893,3494.874487589952,3689.1896500000003
2025-04-30,2025-05-01,Baseline,目标时刻上周同期,3475.26,3791.19,3503.3495,3587.1893,3489.3047500000002,3689.1896500000003
2025-05-01,2025-05-02,Baseline,XGBoost跨日边界,2493.69,2577.89,2472.614013671875,2519.1235,2483.1520068359378,2548.50675
2025-05-01,2025-05-02,Baseline,历史跨日比例,2493.69,2577.89,2521.8389451483845,2519.1235,2507.764472574192,2548.50675
2025-05-01,2025-05-02,Baseline,目标时刻上周同期,2493.69,2577.89,2415.768,2519.1235,2454.7290000000003,2548.50675
2025-05-02,2025-05-03,Baseline,XGBoost跨日边界,2264.26,2676.09,2505.298583984375,2474.8848,2384.7792919921876,2575.4874
2025-05-02,2025-05-03,Baseline,历史跨日比例,2264.26,2676.09,2269.0728285981145,2474.8848,2266.6664142990576,2575.4874
2025-05-02,2025-05-03,Baseline,目标时刻上周同期,2264.26,2676.09,2361.9963,2474.8848,2313.12815,2575.4874
2025-05-03,2025-05-04,Baseline,XGBoost跨日边界,3346.82,3576.17,3384.220947265625,3600.878,3365.5204736328124,3588.5240000000003
2025-05-03,2025-05-04,Baseline,历史跨日比例,3346.82,3576.17,3332.87153143265,3600.878,3339.8457657163253,3588.5240000000003
2025-05-03,2025-05-04,Baseline,目标时刻上周同期,3346.82,3576.17,3333.9964,3600.878,3340.4082,3588.5240000000003
2025-05-04,2025-05-05,Baseline,XGBoost跨日边界,3635.53,3478.5,3379.697998046875,3724.6146,3507.613999023438,3601.5573
2025-05-04,2025-05-05,Baseline,历史跨日比例,3635.53,3478.5,3620.378281075571,3724.6146,3627.954140537786,3601.5573
2025-05-04,2025-05-05,Baseline,目标时刻上周同期,3635.53,3478.5,3529.6765,3724.6146,3582.60325,3601.5573
2025-05-05,2025-05-06,Baseline,XGBoost跨日边界,3447.14,3471.86,3392.1884765625,3434.9695,3419.6642382812497,3453.41475
2025-05-05,2025-05-06,Baseline,历史跨日比例,3447.14,3471.86,3432.7734299612002,3434.9695,3439.9567149806,3453.41475
2025-05-05,2025-05-06,Baseline,目标时刻上周同期,3447.14,3471.86,3409.9503,3434.9695,3428.54515,3453.41475
2025-05-06,2025-05-07,Baseline,XGBoost跨日边界,3256.37,3646.95,3423.934814453125,3479.9819,3340.1524072265624,3563.46595
2025-05-06,2025-05-07,Baseline,历史跨日比例,3256.37,3646.95,3242.7984979208136,3479.9819,3249.5842489604065,3563.46595
2025-05-06,2025-05-07,Baseline,目标时刻上周同期,3256.37,3646.95,3499.9191,3479.9819,3378.14455,3563.46595
2025-05-07,2025-05-08,Baseline,XGBoost跨日边界,3791.19,3732.12,3405.01318359375,3561.6798,3598.1015917968753,3646.8999
2025-05-07,2025-05-08,Baseline,历史跨日比例,3791.19,3732.12,3769.8843472861527,3561.6798,3780.537173643076,3646.8999
2025-05-07,2025-05-08,Baseline,目标时刻上周同期,3791.19,3732.12,3587.1893,3561.6798,3689.1896500000003,3646.8999
2025-05-08,2025-05-09,Baseline,XGBoost跨日边界,2577.89,2707.67,2518.877197265625,2599.3019,2548.383598632812,2653.4859500000002
2025-05-08,2025-05-09,Baseline,历史跨日比例,2577.89,2707.67,2563.4028260323275,2599.3019,2570.646413016164,2653.4859500000002
2025-05-08,2025-05-09,Baseline,目标时刻上周同期,2577.89,2707.67,2519.1235,2599.3019,2548.50675,2653.4859500000002
2025-05-09,2025-05-10,Baseline,XGBoost跨日边界,2676.09,2309.07,2490.880859375,2346.7852,2583.4854296875,2327.9276
2025-05-09,2025-05-10,Baseline,历史跨日比例,2676.09,2309.07,2661.050963662861,2346.7852,2668.5704818314307,2327.9276
2025-05-09,2025-05-10,Baseline,目标时刻上周同期,2676.09,2309.07,2474.8848,2346.7852,2575.4874,2327.9276
2025-05-10,2025-05-11,Baseline,XGBoost跨日边界,3576.17,3508.15,3261.17724609375,3481.4968,3418.673623046875,3494.8234
2025-05-10,2025-05-11,Baseline,历史跨日比例,3576.17,3508.15,3550.8306948423688,3481.4968,3563.5003474211844,3494.8234
2025-05-10,2025-05-11,Baseline,目标时刻上周同期,3576.17,3508.15,3600.878,3481.4968,3588.5240000000003,3494.8234
2025-05-11,2025-05-12,Baseline,XGBoost跨日边界,3478.5,3718.16,3438.532470703125,3550.165,3458.5162353515625,3634.1625
2025-05-11,2025-05-12,Baseline,历史跨日比例,3478.5,3718.16,3460.1207225182807,3550.165,3469.3103612591403,3634.1625
2025-05-11,2025-05-12,Baseline,目标时刻上周同期,3478.5,3718.16,3724.6146,3550.165,3601.5573,3634.1625
2025-05-12,2025-05-13,Baseline,XGBoost跨日边界,3471.86,3340.5,3498.96875,3341.0226,3485.4143750000003,3340.7613
2025-05-12,2025-05-13,Baseline,历史跨日比例,3471.86,3340.5,3447.259793632693,3341.0226,3459.5598968163467,3340.7613
2025-05-12,2025-05-13,Baseline,目标时刻上周同期,3471.86,3340.5,3434.9695,3341.0226,3453.41475,3340.7613
2025-05-13,2025-05-14,Baseline,XGBoost跨日边界,3646.95,3317.83,3440.669189453125,3304.7077,3543.8095947265624,3311.26885
2025-05-13,2025-05-14,Baseline,历史跨日比例,3646.95,3317.83,3619.537836617292,3304.7077,3633.2439183086462,3311.26885
2025-05-13,2025-05-14,Baseline,目标时刻上周同期,3646.95,3317.83,3479.9819,3304.7077,3563.46595,3311.26885
2025-05-14,2025-05-15,Baseline,XGBoost跨日边界,3732.12,3615.61,3429.38134765625,3426.4425,3580.750673828125,3521.02625
2025-05-14,2025-05-15,Baseline,历史跨日比例,3732.12,3615.61,3704.0676594952297,3426.4425,3718.093829747615,3521.02625
2025-05-14,2025-05-15,Baseline,目标时刻上周同期,3732.12,3615.61,3561.6798,3426.4425,3646.8999,3521.02625
2025-05-15,2025-05-16,Baseline,XGBoost跨日边界,2707.67,2648.72,2508.853759765625,2485.8649,2608.2618798828125,2567.29245
2025-05-15,2025-05-16,Baseline,历史跨日比例,2707.67,2648.72,2687.3178996349125,2485.8649,2697.4939498174563,2567.29245
2025-05-15,2025-05-16,Baseline,目标时刻上周同期,2707.67,2648.72,2599.3019,2485.8649,2653.4859500000002,2567.29245
2025-05-16,2025-05-17,Baseline,XGBoost跨日边界,2309.07,2594.84,2476.39208984375,2566.1507,2392.731044921875,2580.49535
2025-05-16,2025-05-17,Baseline,历史跨日比例,2309.07,2594.84,2291.7139616386,2566.1507,2300.3919808193,2580.49535
2025-05-16,2025-05-17,Baseline,目标时刻上周同期,2309.07,2594.84,2346.7852,2566.1507,2327.9276,2580.49535
2025-05-17,2025-05-18,Baseline,XGBoost跨日边界,3508.15,3636.98,3340.1298828125,3537.2003,3424.13994140625,3587.09015
2025-05-17,2025-05-18,Baseline,历史跨日比例,3508.15,3636.98,3476.1853489877185,3537.2003,3492.1676744938595,3587.09015
2025-05-17,2025-05-18,Baseline,目标时刻上周同期,3508.15,3636.98,3481.4968,3537.2003,3494.8234,3587.09015
2025-05-18,2025-05-19,Baseline,XGBoost跨日边界,3718.16,3618.11,3482.84912109375,3568.1539,3600.504560546875,3593.13195
2025-05-18,2025-05-19,Baseline,历史跨日比例,3718.16,3618.11,3678.349402070766,3568.1539,3698.254701035383,3593.13195
2025-05-18,2025-05-19,Baseline,目标时刻上周同期,3718.16,3618.11,3550.165,3568.1539,3634.1625,3593.13195
2025-05-19,2025-05-20,Baseline,XGBoost跨日边界,3340.5,3637.99,3445.17626953125,3538.0878,3392.838134765625,3588.0388999999996
2025-05-19,2025-05-20,Baseline,历史跨日比例,3340.5,3637.99,3304.0136302877663,3538.0878,3322.256815143883,3588.0388999999996
2025-05-19,2025-05-20,Baseline,目标时刻上周同期,3340.5,3637.99,3341.0226,3538.0878,3340.7613,3588.0388999999996
2025-05-20,2025-05-21,Baseline,XGBoost跨日边界,3317.83,3492.2,3396.07470703125,3478.055,3356.952353515625,3485.1274999999996
2025-05-20,2025-05-21,Baseline,历史跨日比例,3317.83,3492.2,3281.591241723592,3478.055,3299.710620861796,3485.1274999999996
2025-05-20,2025-05-21,Baseline,目标时刻上周同期,3317.83,3492.2,3304.7077,3478.055,3311.26885,3485.1274999999996
2025-05-21,2025-05-22,Baseline,XGBoost跨日边界,3615.61,3647.14,3378.3623046875,3448.5525,3496.9861523437503,3547.8462499999996
2025-05-21,2025-05-22,Baseline,历史跨日比例,3615.61,3647.14,3570.6615951708172,3448.5525,3593.135797585409,3547.8462499999996
2025-05-21,2025-05-22,Baseline,目标时刻上周同期,3615.61,3647.14,3426.4425,3448.5525,3521.02625,3547.8462499999996
2025-05-22,2025-05-23,Baseline,XGBoost跨日边界,2648.72,2555.47,2538.59619140625,2414.4389,2593.6580957031247,2484.95445
2025-05-22,2025-05-23,Baseline,历史跨日比例,2648.72,2555.47,2615.7917420188696,2414.4389,2632.2558710094345,2484.95445
2025-05-22,2025-05-23,Baseline,目标时刻上周同期,2648.72,2555.47,2485.8649,2414.4389,2567.29245,2484.95445
2025-05-23,2025-05-24,Baseline,XGBoost跨日边界,2594.84,2564.43,2476.101806640625,2594.4578,2535.4709033203126,2579.4439
2025-05-23,2025-05-24,Baseline,历史跨日比例,2594.84,2564.43,2547.349766259497,2594.4578,2571.0948831297483,2579.4439
2025-05-23,2025-05-24,Baseline,目标时刻上周同期,2594.84,2564.43,2566.1507,2594.4578,2580.49535,2579.4439
2025-05-24,2025-05-25,Baseline,XGBoost跨日边界,3636.98,3367.67,3476.30615234375,3533.452,3556.643076171875,3450.561
2025-05-24,2025-05-25,Baseline,历史跨日比例,3636.98,3367.67,3570.4167320106308,3533.452,3603.6983660053156,3450.561
2025-05-24,2025-05-25,Baseline,目标时刻上周同期,3636.98,3367.67,3537.2003,3533.452,3587.09015,3450.561
2025-05-25,2025-05-26,Baseline,XGBoost跨日边界,3618.11,3267.09,3529.1337890625,3265.0194,3573.6218945312503,3266.0547
2025-05-25,2025-05-26,Baseline,历史跨日比例,3618.11,3267.09,3551.892086911389,3265.0194,3585.0010434556943,3266.0547
2025-05-25,2025-05-26,Baseline,目标时刻上周同期,3618.11,3267.09,3568.1539,3265.0194,3593.13195,3266.0547
2025-05-26,2025-05-27,Baseline,XGBoost跨日边界,3637.99,3464.52,3503.46484375,3640.4009,3570.727421875,3552.46045
2025-05-26,2025-05-27,Baseline,历史跨日比例,3637.99,3464.52,3571.4082471961224,3640.4009,3604.6991235980613,3552.46045
2025-05-26,2025-05-27,Baseline,目标时刻上周同期,3637.99,3464.52,3538.0878,3640.4009,3588.0388999999996,3552.46045
2025-05-27,2025-05-28,Baseline,XGBoost跨日边界,3492.2,3505.28,3384.646484375,3425.7937,3438.4232421875,3465.5368500000004
2025-05-27,2025-05-28,Baseline,历史跨日比例,3492.2,3505.28,3448.785798981507,3425.7937,3470.492899490753,3465.5368500000004
2025-05-27,2025-05-28,Baseline,目标时刻上周同期,3492.2,3505.28,3478.055,3425.7937,3485.1274999999996,3465.5368500000004
2025-05-28,2025-05-29,Baseline,XGBoost跨日边界,3647.14,3667.5,3419.078125,3636.8164,3533.1090624999997,3652.1582
2025-05-28,2025-05-29,Baseline,历史跨日比例,3647.14,3667.5,3601.7996216990477,3636.8164,3624.469810849524,3652.1582
2025-05-28,2025-05-29,Baseline,目标时刻上周同期,3647.14,3667.5,3448.5525,3636.8164,3547.8462499999996,3652.1582
2025-05-29,2025-05-30,Baseline,XGBoost跨日边界,2555.47,2455.95,2522.684326171875,2314.4079,2539.077163085937,2385.17895
2025-05-29,2025-05-30,Baseline,历史跨日比例,2555.47,2455.95,2508.8538839333737,2314.4079,2532.1619419666868,2385.17895
2025-05-29,2025-05-30,Baseline,目标时刻上周同期,2555.47,2455.95,2414.4389,2314.4079,2484.95445,2385.17895
2025-05-30,2025-05-31,Baseline,XGBoost跨日边界,2564.43,2476.42,2528.07177734375,2596.8568,2546.250888671875,2536.6384
2025-05-30,2025-05-31,Baseline,历史跨日比例,2564.43,2476.42,2532.5496152803807,2596.8568,2548.4898076401905,2536.6384
2025-05-30,2025-05-31,Baseline,目标时刻上周同期,2564.43,2476.42,2594.4578,2596.8568,2579.4439,2536.6384
2025-05-31,2025-06-01,Baseline,XGBoost跨日边界,3367.67,4191.11,3489.53076171875,4313.5613,3428.600380859375,4252.33565
2025-05-31,2025-06-01,Baseline,历史跨日比例,3367.67,4191.11,3325.8039263662026,4313.5613,3346.7369631831016,4252.33565
2025-05-31,2025-06-01,Baseline,目标时刻上周同期,3367.67,4191.11,3533.452,4313.5613,3450.561,4252.33565
2025-06-01,2025-06-02,Baseline,XGBoost跨日边界,3267.09,4074.69,3501.944091796875,4174.7567,3384.5170458984376,4124.72335
2025-06-01,2025-06-02,Baseline,历史跨日比例,3267.09,4074.69,3231.671704219062,4174.7567,3249.380852109531,4124.72335
2025-06-01,2025-06-02,Baseline,目标时刻上周同期,3267.09,4074.69,3265.0194,4174.7567,3266.0547,4124.72335
2025-06-02,2025-06-03,Baseline,XGBoost跨日边界,3464.52,4001.61,3497.937255859375,4120.339,3481.2286279296877,4060.9745000000003
2025-06-02,2025-06-03,Baseline,历史跨日比例,3464.52,4001.61,3426.961379301159,4120.339,3445.7406896505795,4060.9745000000003
2025-06-02,2025-06-03,Baseline,目标时刻上周同期,3464.52,4001.61,3640.4009,4120.339,3552.46045,4060.9745000000003
2025-06-03,2025-06-04,Baseline,XGBoost跨日边界,3505.28,4200.62,3553.964111328125,4059.6256,3529.622055664063,4130.1228
2025-06-03,2025-06-04,Baseline,历史跨日比例,3505.28,4200.62,3467.279502972062,4059.6256,3486.2797514860313,4130.1228
2025-06-03,2025-06-04,Baseline,目标时刻上周同期,3505.28,4200.62,3425.7937,4059.6256,3465.5368500000004,4130.1228
2025-06-04,2025-06-05,Baseline,XGBoost跨日边界,3667.5,4210.89,3712.94384765625,4149.5418,3690.221923828125,4180.2159
2025-06-04,2025-06-05,Baseline,历史跨日比例,3667.5,4210.89,3631.88373071673,4149.5418,3649.6918653583652,4180.2159
2025-06-04,2025-06-05,Baseline,目标时刻上周同期,3667.5,4210.89,3636.8164,4149.5418,3652.1582,4180.2159
2025-06-05,2025-06-06,Baseline,XGBoost跨日边界,2455.95,3310.03,2948.39013671875,3019.7242,2702.170068359375,3164.8771
2025-06-05,2025-06-06,Baseline,历史跨日比例,2455.95,3310.03,2432.099481514316,3019.7242,2444.024740757158,3164.8771
2025-06-05,2025-06-06,Baseline,目标时刻上周同期,2455.95,3310.03,2314.4079,3019.7242,2385.17895,3164.8771
2025-06-06,2025-06-07,Baseline,XGBoost跨日边界,2476.42,2903.8,3001.391357421875,3023.5774,2738.9056787109375,2963.6887
2025-06-06,2025-06-07,Baseline,历史跨日比例,2476.42,2903.8,2452.370690776149,3023.5774,2464.3953453880745,2963.6887
2025-06-06,2025-06-07,Baseline,目标时刻上周同期,2476.42,2903.8,2596.8568,3023.5774,2536.6384,2963.6887
2025-06-07,2025-06-08,Baseline,XGBoost跨日边界,4191.11,4175.29,3380.484130859375,4173.8346,3785.7970654296873,4174.5623
2025-06-07,2025-06-08,Baseline,历史跨日比例,4191.11,4175.29,4150.408785997053,4173.8346,4170.759392998527,4174.5623
2025-06-07,2025-06-08,Baseline,目标时刻上周同期,4191.11,4175.29,4313.5613,4173.8346,4252.33565,4174.5623
2025-06-08,2025-06-09,Baseline,XGBoost跨日边界,4074.69,4127.52,3873.5576171875,4028.4969,3974.1238085937503,4078.0084500000003
2025-06-08,2025-06-09,Baseline,历史跨日比例,4074.69,4127.52,4035.1193779725027,4028.4969,4054.904688986251,4078.0084500000003
2025-06-08,2025-06-09,Baseline,目标时刻上周同期,4074.69,4127.52,4174.7567,4028.4969,4124.72335,4078.0084500000003
2025-06-09,2025-06-10,Baseline,XGBoost跨日边界,4001.61,4215.96,3778.31689453125,4293.8723,3889.9634472656253,4254.91615
2025-06-09,2025-06-10,Baseline,历史跨日比例,4001.61,4215.96,3962.749081301534,4293.8723,3982.179540650767,4254.91615
2025-06-09,2025-06-10,Baseline,目标时刻上周同期,4001.61,4215.96,4120.339,4293.8723,4060.9745000000003,4254.91615
2025-06-10,2025-06-11,Baseline,XGBoost跨日边界,4200.62,4222.03,3833.763671875,4152.2007,4017.1918359375,4187.11535
2025-06-10,2025-06-11,Baseline,历史跨日比例,4200.62,4222.03,4159.826431335599,4152.2007,4180.2232156678,4187.11535
2025-06-10,2025-06-11,Baseline,目标时刻上周同期,4200.62,4222.03,4059.6256,4152.2007,4130.1228,4187.11535
2025-06-11,2025-06-12,Baseline,XGBoost跨日边界,4210.89,4112.1,3987.1337890625,4027.3318,4099.01189453125,4069.7159
2025-06-11,2025-06-12,Baseline,历史跨日比例,4210.89,4112.1,4169.996696070286,4027.3318,4190.443348035144,4069.7159
2025-06-11,2025-06-12,Baseline,目标时刻上周同期,4210.89,4112.1,4149.5418,4027.3318,4180.2159,4069.7159
2025-06-12,2025-06-13,Baseline,XGBoost跨日边界,3310.03,2926.78,2988.970703125,2867.2945,3149.5003515625003,2897.0372500000003
2025-06-12,2025-06-13,Baseline,历史跨日比例,3310.03,2926.78,3268.8804931569666,2867.2945,3289.4552465784836,2897.0372500000003
2025-06-12,2025-06-13,Baseline,目标时刻上周同期,3310.03,2926.78,3019.7242,2867.2945,3164.8771,2897.0372500000003
2025-06-13,2025-06-14,Baseline,XGBoost跨日边界,2903.8,3140.81,2810.05419921875,3292.2207,2856.927099609375,3216.5153499999997
2025-06-13,2025-06-14,Baseline,历史跨日比例,2903.8,3140.81,2867.700648039202,3292.2207,2885.750324019601,3216.5153499999997
2025-06-13,2025-06-14,Baseline,目标时刻上周同期,2903.8,3140.81,3023.5774,3292.2207,2963.6887,3216.5153499999997
2025-06-14,2025-06-15,Baseline,XGBoost跨日边界,4175.29,3929.38,3733.79296875,4104.4483,3954.541484375,4016.91415
2025-06-14,2025-06-15,Baseline,历史跨日比例,4175.29,3929.38,4123.383786332254,4104.4483,4149.336893166127,4016.91415
2025-06-14,2025-06-15,Baseline,目标时刻上周同期,4175.29,3929.38,4173.8346,4104.4483,4174.5623,4016.91415
2025-06-15,2025-06-16,Baseline,XGBoost跨日边界,4127.52,4015.98,3999.553466796875,4053.173,4063.5367333984377,4034.5765
2025-06-15,2025-06-16,Baseline,历史跨日比例,4127.52,4015.98,4081.7590329822674,4053.173,4104.639516491134,4034.5765
2025-06-15,2025-06-16,Baseline,目标时刻上周同期,4127.52,4015.98,4028.4969,4053.173,4078.0084500000003,4034.5765
2025-06-16,2025-06-17,Baseline,XGBoost跨日边界,4215.96,3899.93,4012.940673828125,3965.4077,4114.450336914062,3932.66885
2025-06-16,2025-06-17,Baseline,历史跨日比例,4215.96,3899.93,4189.7856162248545,3965.4077,4202.872808112427,3932.66885
2025-06-16,2025-06-17,Baseline,目标时刻上周同期,4215.96,3899.93,4293.8723,3965.4077,4254.91615,3932.66885
2025-06-17,2025-06-18,Baseline,XGBoost跨日边界,4222.03,4002.65,3965.914794921875,3917.2691,4093.9723974609374,3959.95955
2025-06-17,2025-06-18,Baseline,历史跨日比例,4222.03,4002.65,4212.141519549658,3917.2691,4217.085759774829,3959.95955
2025-06-17,2025-06-18,Baseline,目标时刻上周同期,4222.03,4002.65,4152.2007,3917.2691,4187.11535,3959.95955
2025-06-18,2025-06-19,Baseline,XGBoost跨日边界,4112.1,4120.61,3977.876220703125,4194.048,4044.9881103515627,4157.329
2025-06-18,2025-06-19,Baseline,历史跨日比例,4112.1,4120.61,4110.080240103239,4194.048,4111.09012005162,4157.329
2025-06-18,2025-06-19,Baseline,目标时刻上周同期,4112.1,4120.61,4027.3318,4194.048,4069.7159,4157.329
2025-06-19,2025-06-20,Baseline,XGBoost跨日边界,2926.78,3469.38,3172.36328125,3148.7339,3049.5716406250003,3309.05695
2025-06-19,2025-06-20,Baseline,历史跨日比例,2926.78,3469.38,2925.3424394176595,3148.7339,2926.06121970883,3309.05695
2025-06-19,2025-06-20,Baseline,目标时刻上周同期,2926.78,3469.38,2867.2945,3148.7339,2897.0372500000003,3309.05695
2025-06-20,2025-06-21,Baseline,XGBoost跨日边界,3140.81,3230.95,3073.486572265625,3087.9838,3107.1482861328122,3159.4669
2025-06-20,2025-06-21,Baseline,历史跨日比例,3140.81,3230.95,3154.806512070375,3087.9838,3147.8082560351877,3159.4669
2025-06-20,2025-06-21,Baseline,目标时刻上周同期,3140.81,3230.95,3292.2207,3087.9838,3216.5153499999997,3159.4669
2025-06-21,2025-06-22,Baseline,XGBoost跨日边界,3929.38,3636.14,3590.037109375,4241.9529,3759.7085546875,3939.04645
2025-06-21,2025-06-22,Baseline,历史跨日比例,3929.38,3636.14,3946.8906468073815,4241.9529,3938.1353234036906,3939.04645
2025-06-21,2025-06-22,Baseline,目标时刻上周同期,3929.38,3636.14,4104.4483,4241.9529,4016.91415,3939.04645
2025-06-22,2025-06-23,Baseline,XGBoost跨日边界,4015.98,3930.49,3867.87939453125,3863.9277,3941.929697265625,3897.20885
2025-06-22,2025-06-23,Baseline,历史跨日比例,4015.98,3930.49,4014.0074518250535,3863.9277,4014.9937259125268,3897.20885
2025-06-22,2025-06-23,Baseline,目标时刻上周同期,4015.98,3930.49,4053.173,3863.9277,4034.5765,3897.20885
2025-06-23,2025-06-24,Baseline,XGBoost跨日边界,3899.93,3964.0,4071.482666015625,3968.5445,3985.7063330078126,3966.27225
2025-06-23,2025-06-24,Baseline,历史跨日比例,3899.93,3964.0,3898.014452660641,3968.5445,3898.97222633032,3966.27225
2025-06-23,2025-06-24,Baseline,目标时刻上周同期,3899.93,3964.0,3965.4077,3968.5445,3932.66885,3966.27225
2025-06-24,2025-06-25,Baseline,XGBoost跨日边界,4002.65,4215.0,3931.221435546875,4049.8387,3966.9357177734373,4132.41935
2025-06-24,2025-06-25,Baseline,历史跨日比例,4002.65,4215.0,3985.208597337616,4049.8387,3993.929298668808,4132.41935
2025-06-24,2025-06-25,Baseline,目标时刻上周同期,4002.65,4215.0,3917.2691,4049.8387,3959.95955,4132.41935
2025-06-25,2025-06-26,Baseline,XGBoost跨日边界,4120.61,3994.04,3971.9755859375,4198.2019,4046.29279296875,4096.12095
2025-06-25,2025-06-26,Baseline,历史跨日比例,4120.61,3994.04,4102.654590902365,4198.2019,4111.6322954511825,4096.12095
2025-06-25,2025-06-26,Baseline,目标时刻上周同期,4120.61,3994.04,4194.048,4198.2019,4157.329,4096.12095
2025-06-26,2025-06-27,Baseline,XGBoost跨日边界,3469.38,3163.47,3149.1484375,3270.9974,3309.26421875,3217.2336999999998
2025-06-26,2025-06-27,Baseline,历史跨日比例,3469.38,3163.47,3454.262302082665,3270.9974,3461.8211510413325,3217.2336999999998
2025-06-26,2025-06-27,Baseline,目标时刻上周同期,3469.38,3163.47,3148.7339,3270.9974,3309.05695,3217.2336999999998
2025-06-27,2025-06-28,Baseline,XGBoost跨日边界,3230.95,2963.58,3229.428955078125,2818.117,3230.1894775390624,2890.8485
2025-06-27,2025-06-28,Baseline,历史跨日比例,3230.95,2963.58,3232.2389364484065,2818.117,3231.5944682242034,2890.8485
2025-06-27,2025-06-28,Baseline,目标时刻上周同期,3230.95,2963.58,3087.9838,2818.117,3159.4669,2890.8485
2025-06-28,2025-06-29,Baseline,XGBoost跨日边界,3636.14,4151.9,3677.13623046875,4230.7194,3656.6381152343747,4191.3097
2025-06-28,2025-06-29,Baseline,历史跨日比例,3636.14,4151.9,3655.061916754064,4230.7194,3645.600958377032,4191.3097
2025-06-28,2025-06-29,Baseline,目标时刻上周同期,3636.14,4151.9,4241.9529,4230.7194,3939.04645,4191.3097
2025-06-29,2025-06-30,Baseline,XGBoost跨日边界,3930.49,3960.92,4021.578125,4056.9881,3976.0340625,4008.9540500000003
2025-06-29,2025-06-30,Baseline,历史跨日比例,3930.49,3960.92,3932.058006877574,4056.9881,3931.274003438787,4008.9540500000003
2025-06-29,2025-06-30,Baseline,目标时刻上周同期,3930.49,3960.92,3863.9277,4056.9881,3897.20885,4008.9540500000003
2025-06-30,2025-07-01,Baseline,XGBoost跨日边界,3964.0,4854.75,4019.07568359375,4919.4637,3991.537841796875,4887.10685
2025-06-30,2025-07-01,Baseline,历史跨日比例,3964.0,4854.75,3965.5813751625637,4919.4637,3964.790687581282,4887.10685
2025-06-30,2025-07-01,Baseline,目标时刻上周同期,3964.0,4854.75,3968.5445,4919.4637,3966.27225,4887.10685
2025-07-01,2025-07-02,Baseline,XGBoost跨日边界,4215.0,4884.99,4014.7197265625,4768.584,4114.85986328125,4826.787
2025-07-01,2025-07-02,Baseline,历史跨日比例,4215.0,4884.99,4216.681507646369,4768.584,4215.840753823184,4826.787
2025-07-01,2025-07-02,Baseline,目标时刻上周同期,4215.0,4884.99,4049.8387,4768.584,4132.41935,4826.787
2025-07-02,2025-07-03,Baseline,XGBoost跨日边界,3994.04,4679.87,3974.47265625,4951.8268,3984.256328125,4815.8484
2025-07-02,2025-07-03,Baseline,历史跨日比例,3994.04,4679.87,3995.6333591458842,4951.8268,3994.836679572942,4815.8484
2025-07-02,2025-07-03,Baseline,目标时刻上周同期,3994.04,4679.87,4198.2019,4951.8268,4096.12095,4815.8484
2025-07-03,2025-07-04,Baseline,XGBoost跨日边界,3163.47,3699.83,3423.67431640625,3704.5218,3293.5721582031247,3702.1759
2025-07-03,2025-07-04,Baseline,历史跨日比例,3163.47,3699.83,3164.732016368697,3704.5218,3164.1010081843483,3702.1759
2025-07-03,2025-07-04,Baseline,目标时刻上周同期,3163.47,3699.83,3270.9974,3704.5218,3217.2336999999998,3702.1759
2025-07-04,2025-07-05,Baseline,XGBoost跨日边界,2963.58,3770.68,3288.511474609375,3762.87,3126.0457373046875,3766.7749999999996
2025-07-04,2025-07-05,Baseline,历史跨日比例,2963.58,3770.68,2979.0020173189178,3762.87,2971.291008659459,3766.7749999999996
2025-07-04,2025-07-05,Baseline,目标时刻上周同期,2963.58,3770.68,2818.117,3762.87,2890.8485,3766.7749999999996
2025-07-05,2025-07-06,Baseline,XGBoost跨日边界,4151.9,4642.88,3881.197998046875,4669.9004,4016.5489990234373,4656.3902
2025-07-05,2025-07-06,Baseline,历史跨日比例,4151.9,4642.88,4173.758432406371,4669.9004,4162.829216203185,4656.3902
2025-07-05,2025-07-06,Baseline,目标时刻上周同期,4151.9,4642.88,4230.7194,4669.9004,4191.3097,4656.3902
2025-07-06,2025-07-07,Baseline,XGBoost跨日边界,3960.92,4792.23,4171.8330078125,4476.9606,4066.37650390625,4634.5953
2025-07-06,2025-07-07,Baseline,历史跨日比例,3960.92,4792.23,3965.701930200442,4476.9606,3963.310965100221,4634.5953
2025-07-06,2025-07-07,Baseline,目标时刻上周同期,3960.92,4792.23,4056.9881,4476.9606,4008.9540500000003,4634.5953
2025-07-07,2025-07-08,Baseline,XGBoost跨日边界,4854.75,4733.08,4319.25634765625,4520.4376,4587.003173828125,4626.7588
2025-07-07,2025-07-08,Baseline,历史跨日比例,4854.75,4733.08,4871.954899335714,4520.4376,4863.3524496678565,4626.7588
2025-07-07,2025-07-08,Baseline,目标时刻上周同期,4854.75,4733.08,4919.4637,4520.4376,4887.10685,4626.7588
2025-07-08,2025-07-09,Baseline,XGBoost跨日边界,4884.99,4685.77,4334.61181640625,4380.512,4609.800908203125,4533.141
2025-07-08,2025-07-09,Baseline,历史跨日比例,4884.99,4685.77,4902.302067811106,4380.512,4893.646033905553,4533.141
2025-07-08,2025-07-09,Baseline,目标时刻上周同期,4884.99,4685.77,4768.584,4380.512,4826.787,4533.141
2025-07-09,2025-07-10,Baseline,XGBoost跨日边界,4679.87,4491.3,4358.12060546875,4402.6303,4518.9953027343745,4446.96515
2025-07-09,2025-07-10,Baseline,历史跨日比例,4679.87,4491.3,4685.519902468906,4402.6303,4682.694951234453,4446.96515
2025-07-09,2025-07-10,Baseline,目标时刻上周同期,4679.87,4491.3,4951.8268,4402.6303,4815.8484,4446.96515
2025-07-10,2025-07-11,Baseline,XGBoost跨日边界,3699.83,3449.51,3820.99951171875,3525.5937,3760.414755859375,3487.55185
2025-07-10,2025-07-11,Baseline,历史跨日比例,3699.83,3449.51,3704.296722078078,3525.5937,3702.0633610390387,3487.55185
2025-07-10,2025-07-11,Baseline,目标时刻上周同期,3699.83,3449.51,3704.5218,3525.5937,3702.1759,3487.55185
2025-07-11,2025-07-12,Baseline,XGBoost跨日边界,3770.68,3986.55,3786.730224609375,3729.7402,3778.7051123046876,3858.1451
2025-07-11,2025-07-12,Baseline,历史跨日比例,3770.68,3986.55,3775.232257699777,3729.7402,3772.9561288498885,3858.1451
2025-07-11,2025-07-12,Baseline,目标时刻上周同期,3770.68,3986.55,3762.87,3729.7402,3766.7749999999996,3858.1451
2025-07-12,2025-07-13,Baseline,XGBoost跨日边界,4642.88,4570.87,4222.5341796875,4758.2793,4432.7070898437505,4664.5746500000005
2025-07-12,2025-07-13,Baseline,历史跨日比例,4642.88,4570.87,4659.334046661063,4758.2793,4651.107023330532,4664.5746500000005
2025-07-12,2025-07-13,Baseline,目标时刻上周同期,4642.88,4570.87,4669.9004,4758.2793,4656.3902,4664.5746500000005
2025-07-13,2025-07-14,Baseline,XGBoost跨日边界,4792.23,4597.46,4170.98095703125,4604.889,4481.605478515625,4601.1745
2025-07-13,2025-07-14,Baseline,历史跨日比例,4792.23,4597.46,4798.015552185972,4604.889,4795.122776092986,4601.1745
2025-07-13,2025-07-14,Baseline,目标时刻上周同期,4792.23,4597.46,4476.9606,4604.889,4634.5953,4601.1745
2025-07-14,2025-07-15,Baseline,XGBoost跨日边界,4733.08,4709.36,4280.81884765625,4817.9952,4506.949423828125,4763.6776
2025-07-14,2025-07-15,Baseline,历史跨日比例,4733.08,4709.36,4738.79414171281,4817.9952,4735.937070856406,4763.6776
2025-07-14,2025-07-15,Baseline,目标时刻上周同期,4733.08,4709.36,4520.4376,4817.9952,4626.7588,4763.6776
2025-07-15,2025-07-16,Baseline,XGBoost跨日边界,4685.77,4568.4,4398.97900390625,4580.642,4542.374501953125,4574.521
2025-07-15,2025-07-16,Baseline,历史跨日比例,4685.77,4568.4,4691.427025407058,4580.642,4688.598512703529,4574.521
2025-07-15,2025-07-16,Baseline,目标时刻上周同期,4685.77,4568.4,4380.512,4580.642,4533.141,4574.521
2025-07-16,2025-07-17,Baseline,XGBoost跨日边界,4491.3,4497.77,4386.00439453125,4707.5422,4438.652197265625,4602.6561
2025-07-16,2025-07-17,Baseline,历史跨日比例,4491.3,4497.77,4496.722246121923,4707.5422,4494.011123060962,4602.6561
2025-07-16,2025-07-17,Baseline,目标时刻上周同期,4491.3,4497.77,4402.6303,4707.5422,4446.96515,4602.6561
2025-07-17,2025-07-18,Baseline,XGBoost跨日边界,3449.51,3434.74,3392.123779296875,3382.1392,3420.8168896484376,3408.4395999999997
2025-07-17,2025-07-18,Baseline,历史跨日比例,3449.51,3434.74,3454.4842013059647,3382.1392,3451.997100652982,3408.4395999999997
2025-07-17,2025-07-18,Baseline,目标时刻上周同期,3449.51,3434.74,3525.5937,3382.1392,3487.55185,3408.4395999999997
2025-07-18,2025-07-19,Baseline,XGBoost跨日边界,3986.55,3459.93,3934.437255859375,3593.6991,3960.4936279296876,3526.81455
2025-07-18,2025-07-19,Baseline,历史跨日比例,3986.55,3459.93,3992.298614213698,3593.6991,3989.424307106849,3526.81455
2025-07-18,2025-07-19,Baseline,目标时刻上周同期,3986.55,3459.93,3729.7402,3593.6991,3858.1451,3526.81455
2025-07-19,2025-07-20,Baseline,XGBoost跨日边界,4570.87,4868.06,4391.54443359375,4634.6083,4481.2072167968745,4751.334150000001
2025-07-19,2025-07-20,Baseline,历史跨日比例,4570.87,4868.06,4577.461204989519,4634.6083,4574.165602494759,4751.334150000001
2025-07-19,2025-07-20,Baseline,目标时刻上周同期,4570.87,4868.06,4758.2793,4634.6083,4664.5746500000005,4751.334150000001
2025-07-20,2025-07-21,Baseline,XGBoost跨日边界,4597.46,4557.42,4400.0546875,4539.4336,4498.75734375,4548.4268
2025-07-20,2025-07-21,Baseline,历史跨日比例,4597.46,4557.42,4607.3344362271255,4539.4336,4602.397218113563,4548.4268
2025-07-20,2025-07-21,Baseline,目标时刻上周同期,4597.46,4557.42,4604.889,4539.4336,4601.1745,4548.4268
2025-07-21,2025-07-22,Baseline,XGBoost跨日边界,4709.36,4710.71,4499.2724609375,4689.6304,4604.31623046875,4700.1702000000005
2025-07-21,2025-07-22,Baseline,历史跨日比例,4709.36,4710.71,4716.150907886122,4689.6304,4712.75545394306,4700.1702000000005
2025-07-21,2025-07-22,Baseline,目标时刻上周同期,4709.36,4710.71,4817.9952,4689.6304,4763.6776,4700.1702000000005
2025-07-22,2025-07-23,Baseline,XGBoost跨日边界,4568.4,4562.35,4525.48828125,4496.2937,4546.944140625,4529.32185
2025-07-22,2025-07-23,Baseline,历史跨日比例,4568.4,4562.35,4574.987643243871,4496.2937,4571.693821621935,4529.32185
2025-07-22,2025-07-23,Baseline,目标时刻上周同期,4568.4,4562.35,4580.642,4496.2937,4574.521,4529.32185
2025-07-23,2025-07-24,Baseline,XGBoost跨日边界,4497.77,4702.25,4459.84326171875,4670.0358,4478.806630859375,4686.1429
2025-07-23,2025-07-24,Baseline,历史跨日比例,4497.77,4702.25,4504.255794622404,4670.0358,4501.012897311202,4686.1429
2025-07-23,2025-07-24,Baseline,目标时刻上周同期,4497.77,4702.25,4707.5422,4670.0358,4602.6561,4686.1429
2025-07-24,2025-07-25,Baseline,XGBoost跨日边界,3434.74,3546.94,3960.83740234375,3514.0294,3697.788701171875,3530.4847
2025-07-24,2025-07-25,Baseline,历史跨日比例,3434.74,3546.94,3439.692902932198,3514.0294,3437.216451466099,3530.4847
2025-07-24,2025-07-25,Baseline,目标时刻上周同期,3434.74,3546.94,3382.1392,3514.0294,3408.4395999999997,3530.4847
2025-07-25,2025-07-26,Baseline,XGBoost跨日边界,3459.93,3726.98,3880.64208984375,3483.731,3670.286044921875,3605.3555
2025-07-25,2025-07-26,Baseline,历史跨日比例,3459.93,3726.98,3458.540609532857,3483.731,3459.2353047664283,3605.3555
2025-07-25,2025-07-26,Baseline,目标时刻上周同期,3459.93,3726.98,3593.6991,3483.731,3526.81455,3605.3555
2025-07-26,2025-07-27,Baseline,XGBoost跨日边界,4868.06,4651.52,4345.876953125,4637.2981,4606.968476562501,4644.40905
2025-07-26,2025-07-27,Baseline,历史跨日比例,4868.06,4651.52,4853.412340035327,4637.2981,4860.736170017664,4644.40905
2025-07-26,2025-07-27,Baseline,目标时刻上周同期,4868.06,4651.52,4634.6083,4637.2981,4751.334150000001,4644.40905
2025-07-27,2025-07-28,Baseline,XGBoost跨日边界,4557.42,4709.99,4464.6533203125,4756.7387,4511.03666015625,4733.36435
2025-07-27,2025-07-28,Baseline,历史跨日比例,4557.42,4709.99,4543.707034573074,4756.7387,4550.563517286537,4733.36435
2025-07-27,2025-07-28,Baseline,目标时刻上周同期,4557.42,4709.99,4539.4336,4756.7387,4548.4268,4733.36435
2025-07-28,2025-07-29,Baseline,XGBoost跨日边界,4710.71,4539.14,4617.63232421875,4401.1163,4664.171162109375,4470.1281500000005
2025-07-28,2025-07-29,Baseline,历史跨日比例,4710.71,4539.14,4694.212875459111,4401.1163,4702.461437729556,4470.1281500000005
2025-07-28,2025-07-29,Baseline,目标时刻上周同期,4710.71,4539.14,4689.6304,4401.1163,4700.1702000000005,4470.1281500000005
2025-07-29,2025-07-30,Baseline,XGBoost跨日边界,4562.35,4608.11,4491.58935546875,4522.7091,4526.969677734375,4565.40955
2025-07-29,2025-07-30,Baseline,历史跨日比例,4562.35,4608.11,4546.372439048653,4522.7091,4554.361219524327,4565.40955
2025-07-29,2025-07-30,Baseline,目标时刻上周同期,4562.35,4608.11,4496.2937,4522.7091,4529.32185,4565.40955
2025-07-30,2025-07-31,Baseline,XGBoost跨日边界,4702.25,4488.13,4420.70654296875,4224.8986,4561.478271484375,4356.514300000001
2025-07-30,2025-07-31,Baseline,历史跨日比例,4702.25,4488.13,4682.4501340980505,4224.8986,4692.350067049025,4356.514300000001
2025-07-30,2025-07-31,Baseline,目标时刻上周同期,4702.25,4488.13,4670.0358,4224.8986,4686.1429,4356.514300000001
2025-07-31,2025-08-01,Baseline,XGBoost跨日边界,3546.94,3594.79,3278.56103515625,3530.3421,3412.7505175781253,3562.56605
2025-07-31,2025-08-01,Baseline,历史跨日比例,3546.94,3594.79,3532.0048229332215,3530.3421,3539.4724114666105,3562.56605
2025-07-31,2025-08-01,Baseline,目标时刻上周同期,3546.94,3594.79,3514.0294,3530.3421,3530.4847,3562.56605
2025-08-01,2025-08-02,Baseline,XGBoost跨日边界,3726.98,3442.75,2813.405029296875,3486.4692,3270.1925146484373,3464.6096
2025-08-01,2025-08-02,Baseline,历史跨日比例,3726.98,3442.75,3705.8748020215094,3486.4692,3716.4274010107547,3464.6096
2025-08-01,2025-08-02,Baseline,目标时刻上周同期,3726.98,3442.75,3483.731,3486.4692,3605.3555,3464.6096
2025-08-02,2025-08-03,Baseline,XGBoost跨日边界,4651.52,4897.42,4019.92822265625,4594.9993,4335.724111328125,4746.209650000001
2025-08-02,2025-08-03,Baseline,历史跨日比例,4651.52,4897.42,4614.006898523223,4594.9993,4632.763449261612,4746.209650000001
2025-08-02,2025-08-03,Baseline,目标时刻上周同期,4651.52,4897.42,4637.2981,4594.9993,4644.40905,4746.209650000001
2025-08-03,2025-08-04,Baseline,XGBoost跨日边界,4709.99,4543.75,4252.775390625,4609.4219,4481.3826953125,4576.585950000001
2025-08-03,2025-08-04,Baseline,历史跨日比例,4709.99,4543.75,4672.005355663395,4609.4219,4690.997677831698,4576.585950000001
2025-08-03,2025-08-04,Baseline,目标时刻上周同期,4709.99,4543.75,4756.7387,4609.4219,4733.36435,4576.585950000001
2025-08-04,2025-08-05,Baseline,XGBoost跨日边界,4539.14,4826.46,4415.1953125,4596.5473,4477.16765625,4711.503650000001
2025-08-04,2025-08-05,Baseline,历史跨日比例,4539.14,4826.46,4485.22146557786,4596.5473,4512.18073278893,4711.503650000001
2025-08-04,2025-08-05,Baseline,目标时刻上周同期,4539.14,4826.46,4401.1163,4596.5473,4470.1281500000005,4711.503650000001
2025-08-05,2025-08-06,Baseline,XGBoost跨日边界,4608.11,4470.25,4116.09375,4452.4079,4362.101875,4461.32895
2025-08-05,2025-08-06,Baseline,历史跨日比例,4608.11,4470.25,4570.946987039472,4452.4079,4589.528493519736,4461.32895
2025-08-05,2025-08-06,Baseline,目标时刻上周同期,4608.11,4470.25,4522.7091,4452.4079,4565.40955,4461.32895
2025-08-06,2025-08-07,Baseline,XGBoost跨日边界,4488.13,4942.6,4389.44580078125,4691.5278,4438.7879003906255,4817.0639
2025-08-06,2025-08-07,Baseline,历史跨日比例,4488.13,4942.6,4451.934589439373,4691.5278,4470.032294719686,4817.0639
2025-08-06,2025-08-07,Baseline,目标时刻上周同期,4488.13,4942.6,4224.8986,4691.5278,4356.514300000001,4817.0639
2025-08-07,2025-08-08,Baseline,XGBoost跨日边界,3594.79,3557.18,3932.907470703125,3419.152,3763.8487353515625,3488.166
2025-08-07,2025-08-08,Baseline,历史跨日比例,3594.79,3557.18,3574.4333695267756,3419.152,3584.6116847633875,3488.166
2025-08-07,2025-08-08,Baseline,目标时刻上周同期,3594.79,3557.18,3530.3421,3419.152,3562.56605,3488.166
2025-08-08,2025-08-09,Baseline,XGBoost跨日边界,3442.75,3396.62,3735.450439453125,3505.5667,3589.1002197265625,3451.09335
2025-08-08,2025-08-09,Baseline,历史跨日比例,3442.75,3396.62,3423.2543439083524,3505.5667,3433.0021719541764,3451.09335
2025-08-08,2025-08-09,Baseline,目标时刻上周同期,3442.75,3396.62,3486.4692,3505.5667,3464.6096,3451.09335
2025-08-09,2025-08-10,Baseline,XGBoost跨日边界,4897.42,4587.96,4289.57763671875,4538.6607,4593.498818359375,4563.31035
2025-08-09,2025-08-10,Baseline,历史跨日比例,4897.42,4587.96,4857.923789420577,4538.6607,4877.671894710289,4563.31035
2025-08-09,2025-08-10,Baseline,目标时刻上周同期,4897.42,4587.96,4594.9993,4538.6607,4746.209650000001,4563.31035
2025-08-10,2025-08-11,Baseline,XGBoost跨日边界,4543.75,4601.04,4360.41455078125,4481.4443,4452.082275390625,4541.24215
2025-08-10,2025-08-11,Baseline,历史跨日比例,4543.75,4601.04,4518.019584673176,4481.4443,4530.884792336588,4541.24215
2025-08-10,2025-08-11,Baseline,目标时刻上周同期,4543.75,4601.04,4609.4219,4481.4443,4576.585950000001,4541.24215
2025-08-11,2025-08-12,Baseline,XGBoost跨日边界,4826.46,4606.35,4473.05517578125,4672.9262,4649.757587890625,4639.6381
2025-08-11,2025-08-12,Baseline,历史跨日比例,4826.46,4606.35,4787.53606035154,4672.9262,4806.99803017577,4639.6381
2025-08-11,2025-08-12,Baseline,目标时刻上周同期,4826.46,4606.35,4596.5473,4672.9262,4711.503650000001,4639.6381
2025-08-12,2025-08-13,Baseline,XGBoost跨日边界,4470.25,4334.86,4372.2021484375,4343.1271,4421.22607421875,4338.993549999999
2025-08-12,2025-08-13,Baseline,历史跨日比例,4470.25,4334.86,4425.493961191192,4343.1271,4447.871980595596,4338.993549999999
2025-08-12,2025-08-13,Baseline,目标时刻上周同期,4470.25,4334.86,4452.4079,4343.1271,4461.32895,4338.993549999999
2025-08-13,2025-08-14,Baseline,XGBoost跨日边界,4942.6,4542.77,4419.1982421875,4515.6238,4680.89912109375,4529.196900000001
2025-08-13,2025-08-14,Baseline,历史跨日比例,4942.6,4542.77,4893.114804000579,4515.6238,4917.85740200029,4529.196900000001
2025-08-13,2025-08-14,Baseline,目标时刻上周同期,4942.6,4542.77,4691.5278,4515.6238,4817.0639,4529.196900000001
2025-08-14,2025-08-15,Baseline,XGBoost跨日边界,3557.18,3611.73,3339.49853515625,3422.419,3448.339267578125,3517.0744999999997
2025-08-14,2025-08-15,Baseline,历史跨日比例,3557.18,3611.73,3521.565596749642,3422.419,3539.372798374821,3517.0744999999997
2025-08-14,2025-08-15,Baseline,目标时刻上周同期,3557.18,3611.73,3419.152,3422.419,3488.166,3517.0744999999997
2025-08-15,2025-08-16,Baseline,XGBoost跨日边界,3396.62,3734.16,3685.313720703125,3630.9189,3540.9668603515624,3682.53945
2025-08-15,2025-08-16,Baseline,历史跨日比例,3396.62,3734.16,3362.6131197273594,3630.9189,3379.61655986368,3682.53945
2025-08-15,2025-08-16,Baseline,目标时刻上周同期,3396.62,3734.16,3505.5667,3630.9189,3451.09335,3682.53945
2025-08-16,2025-08-17,Baseline,XGBoost跨日边界,4587.96,4378.15,4353.95361328125,4387.5695,4470.956806640625,4382.85975
2025-08-16,2025-08-17,Baseline,历史跨日比例,4587.96,4378.15,4542.025451414741,4387.5695,4564.9927257073705,4382.85975
2025-08-16,2025-08-17,Baseline,目标时刻上周同期,4587.96,4378.15,4538.6607,4387.5695,4563.31035,4382.85975
2025-08-17,2025-08-18,Baseline,XGBoost跨日边界,4601.04,4767.18,4451.828125,4777.8417,4526.4340625,4772.510850000001
2025-08-17,2025-08-18,Baseline,历史跨日比例,4601.04,4767.18,4543.01183739938,4777.8417,4572.02591869969,4772.510850000001
2025-08-17,2025-08-18,Baseline,目标时刻上周同期,4601.04,4767.18,4481.4443,4777.8417,4541.24215,4772.510850000001
2025-08-18,2025-08-19,Baseline,XGBoost跨日边界,4606.35,4537.73,4537.84521484375,4590.2835,4572.097607421875,4564.00675
2025-08-18,2025-08-19,Baseline,历史跨日比例,4606.35,4537.73,4560.23133116337,4590.2835,4583.290665581685,4564.00675
2025-08-18,2025-08-19,Baseline,目标时刻上周同期,4606.35,4537.73,4672.9262,4590.2835,4639.6381,4564.00675
2025-08-19,2025-08-20,Baseline,XGBoost跨日边界,4334.86,4353.64,4462.201171875,4275.3889,4398.5305859375,4314.514450000001
2025-08-19,2025-08-20,Baseline,历史跨日比例,4334.86,4353.64,4291.459482715564,4275.3889,4313.159741357782,4314.514450000001
2025-08-19,2025-08-20,Baseline,目标时刻上周同期,4334.86,4353.64,4343.1271,4275.3889,4338.993549999999,4314.514450000001
2025-08-20,2025-08-21,Baseline,XGBoost跨日边界,4542.77,4657.6,4448.33740234375,4642.2613,4495.553701171875,4649.93065
2025-08-20,2025-08-21,Baseline,历史跨日比例,4542.77,4657.6,4497.287892641467,4642.2613,4520.028946320734,4649.93065
2025-08-20,2025-08-21,Baseline,目标时刻上周同期,4542.77,4657.6,4515.6238,4642.2613,4529.196900000001,4649.93065
2025-08-21,2025-08-22,Baseline,XGBoost跨日边界,3611.73,3671.71,3861.23486328125,3300.8077,3736.482431640625,3486.25885
2025-08-21,2025-08-22,Baseline,历史跨日比例,3611.73,3671.71,3575.5694434210764,3300.8077,3593.649721710538,3486.25885
2025-08-21,2025-08-22,Baseline,目标时刻上周同期,3611.73,3671.71,3422.419,3300.8077,3517.0744999999997,3486.25885
2025-08-22,2025-08-23,Baseline,XGBoost跨日边界,3734.16,3335.89,3685.87890625,3471.19,3710.019453125,3403.54
2025-08-22,2025-08-23,Baseline,历史跨日比例,3734.16,3335.89,3696.7736771146365,3471.19,3715.466838557318,3403.54
2025-08-22,2025-08-23,Baseline,目标时刻上周同期,3734.16,3335.89,3630.9189,3471.19,3682.53945,3403.54
2025-08-23,2025-08-24,Baseline,XGBoost跨日边界,4378.15,4417.68,4222.529296875,4521.0545,4300.3396484375,4469.36725
2025-08-23,2025-08-24,Baseline,历史跨日比例,4378.15,4417.68,4315.3815483548915,4521.0545,4346.765774177446,4469.36725
2025-08-23,2025-08-24,Baseline,目标时刻上周同期,4378.15,4417.68,4387.5695,4521.0545,4382.85975,4469.36725
2025-08-24,2025-08-25,Baseline,XGBoost跨日边界,4767.18,4473.7,4303.57666015625,4382.9847,4535.378330078125,4428.34235
2025-08-24,2025-08-25,Baseline,历史跨日比例,4767.18,4473.7,4727.323855275717,4382.9847,4747.251927637859,4428.34235
2025-08-24,2025-08-25,Baseline,目标时刻上周同期,4767.18,4473.7,4777.8417,4382.9847,4772.510850000001,4428.34235
2025-08-25,2025-08-26,Baseline,XGBoost跨日边界,4537.73,4457.03,4459.1015625,4423.7554,4498.41578125,4440.3927
2025-08-25,2025-08-26,Baseline,历史跨日比例,4537.73,4457.03,4499.792178562646,4423.7554,4518.761089281323,4440.3927
2025-08-25,2025-08-26,Baseline,目标时刻上周同期,4537.73,4457.03,4590.2835,4423.7554,4564.00675,4440.3927
2025-08-26,2025-08-27,Baseline,XGBoost跨日边界,4353.64,4290.57,4347.18359375,4399.382,4350.411796875,4344.976
2025-08-26,2025-08-27,Baseline,历史跨日比例,4353.64,4290.57,4291.2229421513175,4399.382,4322.431471075659,4344.976
2025-08-26,2025-08-27,Baseline,目标时刻上周同期,4353.64,4290.57,4275.3889,4399.382,4314.514450000001,4344.976
2025-08-27,2025-08-28,Baseline,XGBoost跨日边界,4657.6,4490.53,4069.662109375,4217.8767,4363.6310546875,4354.20335
2025-08-27,2025-08-28,Baseline,历史跨日比例,4657.6,4490.53,4615.19020430237,4217.8767,4636.395102151186,4354.20335
2025-08-27,2025-08-28,Baseline,目标时刻上周同期,4657.6,4490.53,4642.2613,4217.8767,4649.93065,4354.20335
2025-08-28,2025-08-29,Baseline,XGBoost跨日边界,3671.71,3180.9,3774.587890625,3367.9563,3723.1489453125,3274.4281499999997
2025-08-28,2025-08-29,Baseline,历史跨日比例,3671.71,3180.9,3647.033653515454,3367.9563,3659.371826757727,3274.4281499999997
2025-08-28,2025-08-29,Baseline,目标时刻上周同期,3671.71,3180.9,3300.8077,3367.9563,3486.25885,3274.4281499999997
2025-08-29,2025-08-30,Baseline,XGBoost跨日边界,3335.89,3318.2,3096.56640625,3629.6725,3216.2282031249997,3473.9362499999997
2025-08-29,2025-08-30,Baseline,历史跨日比例,3335.89,3318.2,3313.4705884793916,3629.6725,3324.6802942396957,3473.9362499999997
2025-08-29,2025-08-30,Baseline,目标时刻上周同期,3335.89,3318.2,3471.19,3629.6725,3403.54,3473.9362499999997
2025-08-30,2025-08-31,Baseline,XGBoost跨日边界,4417.68,4431.84,4345.54833984375,4238.8191,4381.614169921875,4335.32955
2025-08-30,2025-08-31,Baseline,历史跨日比例,4417.68,4431.84,4395.664511002583,4238.8191,4406.672255501291,4335.32955
2025-08-30,2025-08-31,Baseline,目标时刻上周同期,4417.68,4431.84,4521.0545,4238.8191,4469.36725,4335.32955
2025-08-31,2025-09-01,Baseline,XGBoost跨日边界,4473.7,3703.89,4462.0478515625,3677.7838,4467.87392578125,3690.8369000000002
2025-08-31,2025-09-01,Baseline,历史跨日比例,4473.7,3703.89,4451.405335577102,3677.7838,4462.552667788551,3690.8369000000002
2025-08-31,2025-09-01,Baseline,目标时刻上周同期,4473.7,3703.89,4382.9847,3677.7838,4428.34235,3690.8369000000002
2025-09-01,2025-09-02,Baseline,XGBoost跨日边界,4457.03,3529.51,4509.73974609375,3932.3259,4483.384873046874,3730.91795
2025-09-01,2025-09-02,Baseline,历史跨日比例,4457.03,3529.51,4434.818410449339,3932.3259,4445.92420522467,3730.91795
2025-09-01,2025-09-02,Baseline,目标时刻上周同期,4457.03,3529.51,4423.7554,3932.3259,4440.3927,3730.91795
2025-09-02,2025-09-03,Baseline,XGBoost跨日边界,4290.57,3375.82,4243.64794921875,3797.799,4267.108974609375,3586.8095000000003
2025-09-02,2025-09-03,Baseline,历史跨日比例,4290.57,3375.82,4262.62978088493,3797.799,4276.599890442465,3586.8095000000003
2025-09-02,2025-09-03,Baseline,目标时刻上周同期,4290.57,3375.82,4399.382,3797.799,4344.976,3586.8095000000003
2025-09-03,2025-09-04,Baseline,XGBoost跨日边界,4490.53,3330.51,4157.4599609375,3370.3237,4323.994980468749,3350.41685
2025-09-03,2025-09-04,Baseline,历史跨日比例,4490.53,3330.51,4468.151463345563,3370.3237,4479.340731672781,3350.41685
2025-09-03,2025-09-04,Baseline,目标时刻上周同期,4490.53,3330.51,4217.8767,3370.3237,4354.20335,3350.41685
2025-09-04,2025-09-05,Baseline,XGBoost跨日边界,3180.9,3007.25,3595.77001953125,2690.1853,3388.335009765625,2848.71765
2025-09-04,2025-09-05,Baseline,历史跨日比例,3180.9,3007.25,3166.158189138216,2690.1853,3173.529094569108,2848.71765
2025-09-04,2025-09-05,Baseline,目标时刻上周同期,3180.9,3007.25,3367.9563,2690.1853,3274.4281499999997,2848.71765
2025-09-05,2025-09-06,Baseline,XGBoost跨日边界,3318.2,2808.45,2808.6416015625,2474.0124,3063.42080078125,2641.2312
2025-09-05,2025-09-06,Baseline,历史跨日比例,3318.2,2808.45,3315.900251459343,2474.0124,3317.0501257296714,2641.2312
2025-09-05,2025-09-06,Baseline,目标时刻上周同期,3318.2,2808.45,3629.6725,2474.0124,3473.9362499999997,2641.2312
2025-09-06,2025-09-07,Baseline,XGBoost跨日边界,4431.84,3640.08,3551.96337890625,3652.0537,3991.901689453125,3646.06685
2025-09-06,2025-09-07,Baseline,历史跨日比例,4431.84,3640.08,4428.768419753956,3652.0537,4430.304209876978,3646.06685
2025-09-06,2025-09-07,Baseline,目标时刻上周同期,4431.84,3640.08,4238.8191,3652.0537,4335.32955,3646.06685
2025-09-07,2025-09-08,Baseline,XGBoost跨日边界,3703.89,3703.71,3658.6103515625,3604.1048,3681.2501757812497,3653.9074
2025-09-07,2025-09-08,Baseline,历史跨日比例,3703.89,3703.71,3686.724403523263,3604.1048,3695.3072017616314,3653.9074
2025-09-07,2025-09-08,Baseline,目标时刻上周同期,3703.89,3703.71,3677.7838,3604.1048,3690.8369000000002,3653.9074
2025-09-08,2025-09-09,Baseline,XGBoost跨日边界,3529.51,4013.84,3547.9453125,3714.8929,3538.72765625,3864.36645
2025-09-08,2025-09-09,Baseline,历史跨日比例,3529.51,4013.84,3527.063798604143,3714.8929,3528.2868993020716,3864.36645
2025-09-08,2025-09-09,Baseline,目标时刻上周同期,3529.51,4013.84,3932.3259,3714.8929,3730.91795,3864.36645
2025-09-09,2025-09-10,Baseline,XGBoost跨日边界,3375.82,3743.76,3539.6181640625,3524.9649,3457.71908203125,3634.36245
2025-09-09,2025-09-10,Baseline,历史跨日比例,3375.82,3743.76,3373.4803167022724,3524.9649,3374.6501583511363,3634.36245
2025-09-09,2025-09-10,Baseline,目标时刻上周同期,3375.82,3743.76,3797.799,3524.9649,3586.8095000000003,3634.36245
2025-09-10,2025-09-11,Baseline,XGBoost跨日边界,3330.51,3659.13,3616.5908203125,3740.1711,3473.55041015625,3699.6505500000003
2025-09-10,2025-09-11,Baseline,历史跨日比例,3330.51,3659.13,3315.0748248944387,3740.1711,3322.7924124472192,3699.6505500000003
2025-09-10,2025-09-11,Baseline,目标时刻上周同期,3330.51,3659.13,3370.3237,3740.1711,3350.41685,3699.6505500000003
2025-09-11,2025-09-12,Baseline,XGBoost跨日边界,3007.25,2749.74,2577.552001953125,2479.1911,2792.4010009765625,2614.46555
2025-09-11,2025-09-12,Baseline,历史跨日比例,3007.25,2749.74,2987.6667688829707,2479.1911,2997.4583844414856,2614.46555
2025-09-11,2025-09-12,Baseline,目标时刻上周同期,3007.25,2749.74,2690.1853,2479.1911,2848.71765,2614.46555
2025-09-12,2025-09-13,Baseline,XGBoost跨日边界,2808.45,2468.61,2682.70556640625,2742.98,2745.577783203125,2605.795
2025-09-12,2025-09-13,Baseline,历史跨日比例,2808.45,2468.61,2793.928091883971,2742.98,2801.1890459419856,2605.795
2025-09-12,2025-09-13,Baseline,目标时刻上周同期,2808.45,2468.61,2474.0124,2742.98,2641.2312,2605.795
2025-09-13,2025-09-14,Baseline,XGBoost跨日边界,3640.08,3451.6,3601.817138671875,3800.2617,3620.9485693359375,3625.9308499999997
2025-09-13,2025-09-14,Baseline,历史跨日比例,3640.08,3451.6,3621.2579069255303,3800.2617,3630.668953462765,3625.9308499999997
2025-09-13,2025-09-14,Baseline,目标时刻上周同期,3640.08,3451.6,3652.0537,3800.2617,3646.06685,3625.9308499999997
2025-09-14,2025-09-15,Baseline,XGBoost跨日边界,3703.71,3623.68,3666.816650390625,3801.302,3685.2633251953125,3712.491
2025-09-14,2025-09-15,Baseline,历史跨日比例,3703.71,3623.68,3701.59558322338,3801.302,3702.65279161169,3712.491
2025-09-14,2025-09-15,Baseline,目标时刻上周同期,3703.71,3623.68,3604.1048,3801.302,3653.9074,3712.491
2025-09-15,2025-09-16,Baseline,XGBoost跨日边界,4013.84,3606.04,3607.283203125,3937.1458,3810.5616015625,3771.5928999999996
2025-09-15,2025-09-16,Baseline,历史跨日比例,4013.84,3606.04,4011.7191206674047,3937.1458,4012.7795603337026,3771.5928999999996
2025-09-15,2025-09-16,Baseline,目标时刻上周同期,4013.84,3606.04,3714.8929,3937.1458,3864.36645,3771.5928999999996
2025-09-16,2025-09-17,Baseline,XGBoost跨日边界,3743.76,3923.31,3532.1103515625,3707.9525,3637.93517578125,3815.63125
2025-09-16,2025-09-17,Baseline,历史跨日比例,3743.76,3923.31,3743.7527803513053,3707.9525,3743.756390175653,3815.63125
2025-09-16,2025-09-17,Baseline,目标时刻上周同期,3743.76,3923.31,3524.9649,3707.9525,3634.36245,3815.63125
2025-09-17,2025-09-18,Baseline,XGBoost跨日边界,3659.13,3771.92,3677.860107421875,3671.7874,3668.4950537109376,3721.8537
2025-09-17,2025-09-18,Baseline,历史跨日比例,3659.13,3771.92,3659.1229435559094,3671.7874,3659.126471777955,3721.8537
2025-09-17,2025-09-18,Baseline,目标时刻上周同期,3659.13,3771.92,3740.1711,3671.7874,3699.6505500000003,3721.8537
2025-09-18,2025-09-19,Baseline,XGBoost跨日边界,2749.74,2563.14,2711.01953125,2350.1762,2730.379765625,2456.6580999999996
2025-09-18,2025-09-19,Baseline,历史跨日比例,2749.74,2563.14,2749.7346972677724,2350.1762,2749.737348633886,2456.6580999999996
2025-09-18,2025-09-19,Baseline,目标时刻上周同期,2749.74,2563.14,2479.1911,2350.1762,2614.46555,2456.6580999999996
2025-09-19,2025-09-20,Baseline,XGBoost跨日边界,2468.61,2596.53,2710.84375,2811.8104,2589.7268750000003,2704.1702
2025-09-19,2025-09-20,Baseline,历史跨日比例,2468.61,2596.53,2463.9703539734537,2811.8104,2466.2901769867267,2704.1702
2025-09-19,2025-09-20,Baseline,目标时刻上周同期,2468.61,2596.53,2742.98,2811.8104,2605.795,2704.1702
2025-09-20,2025-09-21,Baseline,XGBoost跨日边界,3451.6,3589.43,3666.358642578125,3447.8751,3558.9793212890627,3518.65255
2025-09-20,2025-09-21,Baseline,历史跨日比例,3451.6,3589.43,3445.1128666637387,3447.8751,3448.356433331869,3518.65255
2025-09-20,2025-09-21,Baseline,目标时刻上周同期,3451.6,3589.43,3800.2617,3447.8751,3625.9308499999997,3518.65255
2025-09-21,2025-09-22,Baseline,XGBoost跨日边界,3623.68,3477.72,3756.42431640625,3850.0398,3690.052158203125,3663.8799
2025-09-21,2025-09-22,Baseline,历史跨日比例,3623.68,3477.72,3616.869449725361,3850.0398,3620.27472486268,3663.8799
2025-09-21,2025-09-22,Baseline,目标时刻上周同期,3623.68,3477.72,3801.302,3850.0398,3712.491,3663.8799
2025-09-22,2025-09-23,Baseline,XGBoost跨日边界,3606.04,3425.14,3651.425048828125,3421.106,3628.7325244140625,3423.123
2025-09-22,2025-09-23,Baseline,历史跨日比例,3606.04,3425.14,3579.871033292818,3421.106,3592.955516646409,3423.123
2025-09-22,2025-09-23,Baseline,目标时刻上周同期,3606.04,3425.14,3937.1458,3421.106,3771.5928999999996,3423.123
2025-09-23,2025-09-24,Baseline,XGBoost跨日边界,3923.31,3147.61,3592.162353515625,3465.0342,3757.7361767578122,3306.3221000000003
2025-09-23,2025-09-24,Baseline,历史跨日比例,3923.31,3147.61,3915.936308063076,3465.0342,3919.623154031538,3306.3221000000003
2025-09-23,2025-09-24,Baseline,目标时刻上周同期,3923.31,3147.61,3707.9525,3465.0342,3815.63125,3306.3221000000003
2025-09-24,2025-09-25,Baseline,XGBoost跨日边界,3771.92,3644.49,3502.253662109375,3391.3943,3637.0868310546875,3517.94215
2025-09-24,2025-09-25,Baseline,历史跨日比例,3771.92,3644.49,3775.9024754590373,3391.3943,3773.9112377295187,3517.94215
2025-09-24,2025-09-25,Baseline,目标时刻上周同期,3771.92,3644.49,3671.7874,3391.3943,3721.8537,3517.94215
2025-09-25,2025-09-26,Baseline,XGBoost跨日边界,2563.14,2744.5,2968.234619140625,2417.315,2765.687309570312,2580.9075000000003
2025-09-25,2025-09-26,Baseline,历史跨日比例,2563.14,2744.5,2565.8462191531303,2417.315,2564.493109576565,2580.9075000000003
2025-09-25,2025-09-26,Baseline,目标时刻上周同期,2563.14,2744.5,2350.1762,2417.315,2456.6580999999996,2580.9075000000003
2025-09-26,2025-09-27,Baseline,XGBoost跨日边界,2596.53,2539.44,3025.14501953125,2487.2597,2810.8375097656253,2513.34985
2025-09-26,2025-09-27,Baseline,历史跨日比例,2596.53,2539.44,2599.271473043875,2487.2597,2597.9007365219377,2513.34985
2025-09-26,2025-09-27,Baseline,目标时刻上周同期,2596.53,2539.44,2811.8104,2487.2597,2704.1702,2513.34985
2025-09-27,2025-09-28,Baseline,XGBoost跨日边界,3589.43,3562.79,3491.252685546875,3592.91,3540.3413427734376,3577.85
2025-09-27,2025-09-28,Baseline,历史跨日比例,3589.43,3562.79,3574.666528057436,3592.91,3582.048264028718,3577.85
2025-09-27,2025-09-28,Baseline,目标时刻上周同期,3589.43,3562.79,3447.8751,3592.91,3518.65255,3577.85
2025-09-28,2025-09-29,Baseline,XGBoost跨日边界,3477.72,3776.89,3582.75048828125,3623.5154,3530.2352441406247,3700.2027
2025-09-28,2025-09-29,Baseline,历史跨日比例,3477.72,3776.89,3429.7339413851723,3623.5154,3453.7269706925863,3700.2027
2025-09-28,2025-09-29,Baseline,目标时刻上周同期,3477.72,3776.89,3850.0398,3623.5154,3663.8799,3700.2027
2025-09-29,2025-09-30,Baseline,XGBoost跨日边界,3425.14,3948.16,3538.240478515625,3819.9704,3481.690239257812,3884.0652
2025-09-29,2025-09-30,Baseline,历史跨日比例,3425.14,3948.16,3411.052259526066,3819.9704,3418.096129763033,3884.0652
2025-09-29,2025-09-30,Baseline,目标时刻上周同期,3425.14,3948.16,3421.106,3819.9704,3423.123,3884.0652
2025-09-30,2025-10-01,Baseline,XGBoost跨日边界,3147.61,3400.52,3412.530029296875,3336.4792,3280.070014648438,3368.4996
2025-09-30,2025-10-01,Baseline,历史跨日比例,3147.61,3400.52,3113.417957120142,3336.4792,3130.5139785600713,3368.4996
2025-09-30,2025-10-01,Baseline,目标时刻上周同期,3147.61,3400.52,3465.0342,3336.4792,3306.3221000000003,3368.4996
2025-10-01,2025-10-02,Baseline,XGBoost跨日边界,3644.49,3522.98,3454.4306640625,3548.8619,3549.46033203125,3535.9209499999997
2025-10-01,2025-10-02,Baseline,历史跨日比例,3644.49,3522.98,3558.671723553833,3548.8619,3601.580861776916,3535.9209499999997
2025-10-01,2025-10-02,Baseline,目标时刻上周同期,3644.49,3522.98,3391.3943,3548.8619,3517.94215,3535.9209499999997
2025-10-02,2025-10-03,Baseline,XGBoost跨日边界,2744.5,2377.67,2551.367431640625,2249.1115,2647.9337158203125,2313.39075
2025-10-02,2025-10-03,Baseline,历史跨日比例,2744.5,2377.67,2679.8741511963253,2249.1115,2712.1870755981627,2313.39075
2025-10-02,2025-10-03,Baseline,目标时刻上周同期,2744.5,2377.67,2417.315,2249.1115,2580.9075000000003,2313.39075
2025-10-03,2025-10-04,Baseline,XGBoost跨日边界,2539.44,2441.46,2639.842041015625,2458.7692,2589.6410205078128,2450.1146
2025-10-03,2025-10-04,Baseline,历史跨日比例,2539.44,2441.46,2479.6427817504086,2458.7692,2509.5413908752043,2450.1146
2025-10-03,2025-10-04,Baseline,目标时刻上周同期,2539.44,2441.46,2487.2597,2458.7692,2513.34985,2450.1146
2025-10-04,2025-10-05,Baseline,XGBoost跨日边界,3562.79,3420.64,3508.743408203125,3534.528,3535.7667041015625,3477.584
2025-10-04,2025-10-05,Baseline,历史跨日比例,3562.79,3420.64,3478.8955464167443,3534.528,3520.842773208372,3477.584
2025-10-04,2025-10-05,Baseline,目标时刻上周同期,3562.79,3420.64,3592.91,3534.528,3577.85,3477.584
2025-10-05,2025-10-06,Baseline,XGBoost跨日边界,3776.89,3379.91,3594.62109375,3517.5086,3685.7555468749997,3448.7093
2025-10-05,2025-10-06,Baseline,历史跨日比例,3776.89,3379.91,3702.5218941858147,3517.5086,3739.705947092907,3448.7093
2025-10-05,2025-10-06,Baseline,目标时刻上周同期,3776.89,3379.91,3623.5154,3517.5086,3700.2027,3448.7093
2025-10-06,2025-10-07,Baseline,XGBoost跨日边界,3948.16,3298.57,3535.468017578125,3446.8842,3741.8140087890624,3372.7271
2025-10-06,2025-10-07,Baseline,历史跨日比例,3948.16,3298.57,3870.4195361126926,3446.8842,3909.2897680563465,3372.7271
2025-10-06,2025-10-07,Baseline,目标时刻上周同期,3948.16,3298.57,3819.9704,3446.8842,3884.0652,3372.7271
2025-10-07,2025-10-08,Baseline,XGBoost跨日边界,3400.52,3466.0,3415.1103515625,3417.7315,3407.81517578125,3441.86575
2025-10-07,2025-10-08,Baseline,历史跨日比例,3400.52,3466.0,3366.4970982511663,3417.7315,3383.508549125583,3441.86575
2025-10-07,2025-10-08,Baseline,目标时刻上周同期,3400.52,3466.0,3336.4792,3417.7315,3368.4996,3441.86575
2025-10-08,2025-10-09,Baseline,XGBoost跨日边界,3522.98,3439.76,3438.3447265625,3356.4957,3480.66236328125,3398.12785
2025-10-08,2025-10-09,Baseline,历史跨日比例,3522.98,3439.76,3533.393805851298,3356.4957,3528.186902925649,3398.12785
2025-10-08,2025-10-09,Baseline,目标时刻上周同期,3522.98,3439.76,3548.8619,3356.4957,3535.9209499999997,3398.12785
2025-10-09,2025-10-10,Baseline,XGBoost跨日边界,2377.67,2488.22,2496.52734375,2591.2176,2437.098671875,2539.7187999999996
2025-10-09,2025-10-10,Baseline,历史跨日比例,2377.67,2488.22,2384.6983094875523,2591.2176,2381.184154743776,2539.7187999999996
2025-10-09,2025-10-10,Baseline,目标时刻上周同期,2377.67,2488.22,2249.1115,2591.2176,2313.39075,2539.7187999999996
2025-10-10,2025-10-11,Baseline,XGBoost跨日边界,2441.46,2694.69,2541.762939453125,2607.4686,2491.6114697265625,2651.0793000000003
2025-10-10,2025-10-11,Baseline,历史跨日比例,2441.46,2694.69,2423.022037953729,2607.4686,2432.2410189768643,2651.0793000000003
2025-10-10,2025-10-11,Baseline,目标时刻上周同期,2441.46,2694.69,2458.7692,2607.4686,2450.1146,2651.0793000000003
2025-10-11,2025-10-12,Baseline,XGBoost跨日边界,3420.64,3432.27,3405.674072265625,3357.8854,3413.157036132812,3395.0777
2025-10-11,2025-10-12,Baseline,历史跨日比例,3420.64,3432.27,3430.7512923851923,3357.8854,3425.695646192596,3395.0777
2025-10-11,2025-10-12,Baseline,目标时刻上周同期,3420.64,3432.27,3534.528,3357.8854,3477.584,3395.0777
2025-10-12,2025-10-13,Baseline,XGBoost跨日边界,3379.91,3467.55,3599.109619140625,3500.703,3489.5098095703124,3484.1265000000003
2025-10-12,2025-10-13,Baseline,历史跨日比例,3379.91,3467.55,3354.384841979876,3500.703,3367.147420989938,3484.1265000000003
2025-10-12,2025-10-13,Baseline,目标时刻上周同期,3379.91,3467.55,3517.5086,3500.703,3448.7093,3484.1265000000003
2025-10-13,2025-10-14,Baseline,XGBoost跨日边界,3298.57,3281.5,3509.85546875,3272.6499,3404.212734375,3277.07495
2025-10-13,2025-10-14,Baseline,历史跨日比例,3298.57,3281.5,3244.54118314586,3272.6499,3271.55559157293,3277.07495
2025-10-13,2025-10-14,Baseline,目标时刻上周同期,3298.57,3281.5,3446.8842,3272.6499,3372.7271,3277.07495
2025-10-14,2025-10-15,Baseline,XGBoost跨日边界,3466.0,3388.75,3397.003662109375,3501.7051,3431.5018310546875,3445.22755
2025-10-14,2025-10-15,Baseline,历史跨日比例,3466.0,3388.75,3409.228769067672,3501.7051,3437.614384533836,3445.22755
2025-10-14,2025-10-15,Baseline,目标时刻上周同期,3466.0,3388.75,3417.7315,3501.7051,3441.86575,3445.22755
2025-10-15,2025-10-16,Baseline,XGBoost跨日边界,3439.76,3421.24,3382.078857421875,3396.8534,3410.9194287109376,3409.0467
2025-10-15,2025-10-16,Baseline,历史跨日比例,3439.76,3421.24,3383.41856626896,3396.8534,3411.58928313448,3409.0467
2025-10-15,2025-10-16,Baseline,目标时刻上周同期,3439.76,3421.24,3356.4957,3396.8534,3398.12785,3409.0467
2025-10-16,2025-10-17,Baseline,XGBoost跨日边界,2488.22,2657.91,2479.95166015625,2486.445,2484.0858300781247,2572.1775
2025-10-16,2025-10-17,Baseline,历史跨日比例,2488.22,2657.91,2467.5388462642886,2486.445,2477.8794231321444,2572.1775
2025-10-16,2025-10-17,Baseline,目标时刻上周同期,2488.22,2657.91,2591.2176,2486.445,2539.7187999999996,2572.1775
2025-10-17,2025-10-18,Baseline,XGBoost跨日边界,2694.69,2370.93,2541.1357421875,2292.4324,2617.9128710937503,2331.6812
2025-10-17,2025-10-18,Baseline,历史跨日比例,2694.69,2370.93,2681.452378187963,2292.4324,2688.0711890939815,2331.6812
2025-10-17,2025-10-18,Baseline,目标时刻上周同期,2694.69,2370.93,2607.4686,2292.4324,2651.0793000000003,2331.6812
2025-10-18,2025-10-19,Baseline,XGBoost跨日边界,3432.27,3374.98,3423.318115234375,3327.9158,3427.7940576171877,3351.4479
2025-10-18,2025-10-19,Baseline,历史跨日比例,3432.27,3374.98,3415.4090281565595,3327.9158,3423.8395140782795,3351.4479
2025-10-18,2025-10-19,Baseline,目标时刻上周同期,3432.27,3374.98,3357.8854,3327.9158,3395.0777,3351.4479
2025-10-19,2025-10-20,Baseline,XGBoost跨日边界,3467.55,3516.27,3562.70947265625,3545.1427,3515.129736328125,3530.70635
2025-10-19,2025-10-20,Baseline,历史跨日比例,3467.55,3516.27,3431.046608281314,3545.1427,3449.298304140657,3530.70635
2025-10-19,2025-10-20,Baseline,目标时刻上周同期,3467.55,3516.27,3500.703,3545.1427,3484.1265000000003,3530.70635
2025-10-20,2025-10-21,Baseline,XGBoost跨日边界,3281.5,3565.34,3500.012451171875,3352.4291,3390.7562255859375,3458.8845499999998
2025-10-20,2025-10-21,Baseline,历史跨日比例,3281.5,3565.34,3246.9551830759847,3352.4291,3264.2275915379923,3458.8845499999998
2025-10-20,2025-10-21,Baseline,目标时刻上周同期,3281.5,3565.34,3272.6499,3352.4291,3277.07495,3458.8845499999998
2025-10-21,2025-10-22,Baseline,XGBoost跨日边界,3388.75,3411.74,3387.027099609375,3452.2534,3387.8885498046875,3431.9966999999997
2025-10-21,2025-10-22,Baseline,历史跨日比例,3388.75,3411.74,3353.0761470817442,3452.2534,3370.913073540872,3431.9966999999997
2025-10-21,2025-10-22,Baseline,目标时刻上周同期,3388.75,3411.74,3501.7051,3452.2534,3445.22755,3431.9966999999997
2025-10-22,2025-10-23,Baseline,XGBoost跨日边界,3421.24,3485.37,3377.47998046875,3433.9039,3399.359990234375,3459.63695
2025-10-22,2025-10-23,Baseline,历史跨日比例,3421.24,3485.37,3373.562771671633,3433.9039,3397.4013858358167,3459.63695
2025-10-22,2025-10-23,Baseline,目标时刻上周同期,3421.24,3485.37,3396.8534,3433.9039,3409.0467,3459.63695
2025-10-23,2025-10-24,Baseline,XGBoost跨日边界,2657.91,2689.4,2474.9931640625,2390.2326,2566.45158203125,2539.8163
2025-10-23,2025-10-24,Baseline,历史跨日比例,2657.91,2689.4,2620.87027699131,2390.2326,2639.3901384956553,2539.8163
2025-10-23,2025-10-24,Baseline,目标时刻上周同期,2657.91,2689.4,2486.445,2390.2326,2572.1775,2539.8163
2025-10-24,2025-10-25,Baseline,XGBoost跨日边界,2370.93,2482.68,2531.15869140625,2275.2439,2451.044345703125,2378.96195
2025-10-24,2025-10-25,Baseline,历史跨日比例,2370.93,2482.68,2337.889531935621,2275.2439,2354.4097659678105,2378.96195
2025-10-24,2025-10-25,Baseline,目标时刻上周同期,2370.93,2482.68,2292.4324,2275.2439,2331.6812,2378.96195
2025-10-25,2025-10-26,Baseline,XGBoost跨日边界,3374.98,3333.24,3485.77734375,3550.0563,3430.378671875,3441.64815
2025-10-25,2025-10-26,Baseline,历史跨日比例,3374.98,3333.24,3327.9474351803233,3550.0563,3351.4637175901617,3441.64815
2025-10-25,2025-10-26,Baseline,目标时刻上周同期,3374.98,3333.24,3327.9158,3550.0563,3351.4479,3441.64815
2025-10-26,2025-10-27,Baseline,XGBoost跨日边界,3516.27,3410.61,3552.10888671875,3430.3327,3534.189443359375,3420.47135
2025-10-26,2025-10-27,Baseline,历史跨日比例,3516.27,3410.61,3467.268466154322,3430.3327,3491.769233077161,3420.47135
2025-10-26,2025-10-27,Baseline,目标时刻上周同期,3516.27,3410.61,3545.1427,3430.3327,3530.70635,3420.47135
2025-10-27,2025-10-28,Baseline,XGBoost跨日边界,3565.34,3398.73,3491.964599609375,3482.3471,3528.6522998046876,3440.53855
2025-10-27,2025-10-28,Baseline,历史跨日比例,3565.34,3398.73,3515.6546434484985,3482.3471,3540.4973217242496,3440.53855
2025-10-27,2025-10-28,Baseline,目标时刻上周同期,3565.34,3398.73,3352.4291,3482.3471,3458.8845499999998,3440.53855
2025-10-28,2025-10-29,Baseline,XGBoost跨日边界,3411.74,3486.63,3395.347900390625,3363.3565,3403.5439501953124,3424.99325
2025-10-28,2025-10-29,Baseline,历史跨日比例,3411.74,3486.63,3375.8241280840043,3363.3565,3393.7820640420023,3424.99325
2025-10-28,2025-10-29,Baseline,目标时刻上周同期,3411.74,3486.63,3452.2534,3363.3565,3431.9966999999997,3424.99325
2025-10-29,2025-10-30,Baseline,XGBoost跨日边界,3485.37,3494.38,3390.607421875,3472.5305,3437.9887109375,3483.45525
2025-10-29,2025-10-30,Baseline,历史跨日比例,3485.37,3494.38,3468.2481752502067,3472.5305,3476.8090876251035,3483.45525
2025-10-29,2025-10-30,Baseline,目标时刻上周同期,3485.37,3494.38,3433.9039,3472.5305,3459.63695,3483.45525
2025-10-30,2025-10-31,Baseline,XGBoost跨日边界,2689.4,2600.29,2475.532470703125,2433.8663,2582.4662353515623,2517.0781500000003
2025-10-30,2025-10-31,Baseline,历史跨日比例,2689.4,2600.29,2676.188365228916,2433.8663,2682.794182614458,2517.0781500000003
2025-10-30,2025-10-31,Baseline,目标时刻上周同期,2689.4,2600.29,2390.2326,2433.8663,2539.8163,2517.0781500000003
2025-10-31,2025-11-01,Baseline,XGBoost跨日边界,2482.68,2471.51,2575.18798828125,2342.2452,2528.933994140625,2406.8776
2025-10-31,2025-11-01,Baseline,历史跨日比例,2482.68,2471.51,2466.0699338403547,2342.2452,2474.374966920177,2406.8776
2025-10-31,2025-11-01,Baseline,目标时刻上周同期,2482.68,2471.51,2275.2439,2342.2452,2378.96195,2406.8776
2025-11-01,2025-11-02,Baseline,XGBoost跨日边界,3333.24,3406.47,3474.50146484375,3476.668,3403.870732421875,3441.569
2025-11-01,2025-11-02,Baseline,历史跨日比例,3333.24,3406.47,3310.939366440308,3476.668,3322.089683220154,3441.569
2025-11-01,2025-11-02,Baseline,目标时刻上周同期,3333.24,3406.47,3550.0563,3476.668,3441.64815,3441.569
2025-11-02,2025-11-03,Baseline,XGBoost跨日边界,3410.61,3256.76,3522.777587890625,3402.7052,3466.693793945313,3329.7326000000003
2025-11-02,2025-11-03,Baseline,历史跨日比例,3410.61,3256.76,3374.7060237546198,3402.7052,3392.65801187731,3329.7326000000003
2025-11-02,2025-11-03,Baseline,目标时刻上周同期,3410.61,3256.76,3430.3327,3402.7052,3420.47135,3329.7326000000003
2025-11-03,2025-11-04,Baseline,XGBoost跨日边界,3398.73,3477.43,3491.261474609375,3563.3362,3444.9957373046873,3520.3831
2025-11-03,2025-11-04,Baseline,历史跨日比例,3398.73,3477.43,3362.9510862032125,3563.3362,3380.8405431016063,3520.3831
2025-11-03,2025-11-04,Baseline,目标时刻上周同期,3398.73,3477.43,3482.3471,3563.3362,3440.53855,3520.3831
2025-11-04,2025-11-05,Baseline,XGBoost跨日边界,3486.63,3457.44,3382.980224609375,3388.5113,3434.8051123046876,3422.9756500000003
2025-11-04,2025-11-05,Baseline,历史跨日比例,3486.63,3457.44,3449.9257504093316,3388.5113,3468.277875204666,3422.9756500000003
2025-11-04,2025-11-05,Baseline,目标时刻上周同期,3486.63,3457.44,3363.3565,3388.5113,3424.99325,3422.9756500000003
2025-11-05,2025-11-06,Baseline,XGBoost跨日边界,3494.38,3203.62,3387.752685546875,3315.0687,3441.0663427734376,3259.34435
2025-11-05,2025-11-06,Baseline,历史跨日比例,3494.38,3203.62,3457.5941650577665,3315.0687,3475.9870825288835,3259.34435
2025-11-05,2025-11-06,Baseline,目标时刻上周同期,3494.38,3203.62,3472.5305,3315.0687,3483.45525,3259.34435
2025-11-06,2025-11-07,Baseline,XGBoost跨日边界,2600.29,2374.25,2483.745849609375,2332.5113,2542.0179248046875,2353.38065
2025-11-06,2025-11-07,Baseline,历史跨日比例,2600.29,2374.25,2572.892003903131,2332.5113,2586.5910019515654,2353.38065
2025-11-06,2025-11-07,Baseline,目标时刻上周同期,2600.29,2374.25,2433.8663,2332.5113,2517.0781500000003,2353.38065
2025-11-07,2025-11-08,Baseline,XGBoost跨日边界,2471.51,2630.28,2510.424072265625,2716.9924,2490.9670361328126,2673.6362
2025-11-07,2025-11-08,Baseline,历史跨日比例,2471.51,2630.28,2454.974665355896,2716.9924,2463.242332677948,2673.6362
2025-11-07,2025-11-08,Baseline,目标时刻上周同期,2471.51,2630.28,2342.2452,2716.9924,2406.8776,2673.6362
2025-11-08,2025-11-09,Baseline,XGBoost跨日边界,3406.47,3381.19,3378.251953125,3167.857,3392.3609765624997,3274.5235000000002
2025-11-08,2025-11-09,Baseline,历史跨日比例,3406.47,3381.19,3370.5776757730473,3167.857,3388.5238378865233,3274.5235000000002
2025-11-08,2025-11-09,Baseline,目标时刻上周同期,3406.47,3381.19,3476.668,3167.857,3441.569,3274.5235000000002
2025-11-09,2025-11-10,Baseline,XGBoost跨日边界,3256.76,3501.71,3502.76220703125,3397.8294,3379.761103515625,3449.7697
2025-11-09,2025-11-10,Baseline,历史跨日比例,3256.76,3501.71,3234.9710465037433,3397.8294,3245.8655232518718,3449.7697
2025-11-09,2025-11-10,Baseline,目标时刻上周同期,3256.76,3501.71,3402.7052,3397.8294,3329.7326000000003,3449.7697
2025-11-10,2025-11-11,Baseline,XGBoost跨日边界,3477.43,3299.55,3503.47998046875,3457.6302,3490.454990234375,3378.5901000000003
2025-11-10,2025-11-11,Baseline,历史跨日比例,3477.43,3299.55,3454.1646809232216,3457.6302,3465.7973404616105,3378.5901000000003
2025-11-10,2025-11-11,Baseline,目标时刻上周同期,3477.43,3299.55,3563.3362,3457.6302,3520.3831,3378.5901000000003
2025-11-11,2025-11-12,Baseline,XGBoost跨日边界,3457.44,3580.04,3369.16650390625,3381.7557,3413.3032519531253,3480.8978500000003
2025-11-11,2025-11-12,Baseline,历史跨日比例,3457.44,3580.04,3421.010629573948,3381.7557,3439.225314786974,3480.8978500000003
2025-11-11,2025-11-12,Baseline,目标时刻上周同期,3457.44,3580.04,3388.5113,3381.7557,3422.9756500000003,3480.8978500000003
2025-11-12,2025-11-13,Baseline,XGBoost跨日边界,3203.62,3458.31,3365.060546875,3397.4385,3284.3402734375,3427.87425
2025-11-12,2025-11-13,Baseline,历史跨日比例,3203.62,3458.31,3169.8650079584,3397.4385,3186.7425039791997,3427.87425
2025-11-12,2025-11-13,Baseline,目标时刻上周同期,3203.62,3458.31,3315.0687,3397.4385,3259.34435,3427.87425
2025-11-13,2025-11-14,Baseline,XGBoost跨日边界,2374.25,2427.59,2513.395263671875,2387.825,2443.8226318359375,2407.7075
2025-11-13,2025-11-14,Baseline,历史跨日比例,2374.25,2427.59,2340.1660338631937,2387.825,2357.208016931597,2407.7075
2025-11-13,2025-11-14,Baseline,目标时刻上周同期,2374.25,2427.59,2332.5113,2387.825,2353.38065,2407.7075
2025-11-14,2025-11-15,Baseline,XGBoost跨日边界,2630.28,2534.07,2544.814453125,2422.0646,2587.5472265625003,2478.0673
2025-11-14,2025-11-15,Baseline,历史跨日比例,2630.28,2534.07,2587.740397125462,2422.0646,2609.010198562731,2478.0673
2025-11-14,2025-11-15,Baseline,目标时刻上周同期,2630.28,2534.07,2716.9924,2422.0646,2673.6362,2478.0673
2025-11-15,2025-11-16,Baseline,XGBoost跨日边界,3381.19,3263.2,3384.135986328125,3463.6701,3382.6629931640628,3363.43505
2025-11-15,2025-11-16,Baseline,历史跨日比例,3381.19,3263.2,3328.533432480538,3463.6701,3354.861716240269,3363.43505
2025-11-15,2025-11-16,Baseline,目标时刻上周同期,3381.19,3263.2,3167.857,3463.6701,3274.5235000000002,3363.43505
2025-11-16,2025-11-17,Baseline,XGBoost跨日边界,3501.71,3665.39,3518.50830078125,3292.4654,3510.109150390625,3478.9277
2025-11-16,2025-11-17,Baseline,历史跨日比例,3501.71,3665.39,3447.176528338078,3292.4654,3474.443264169039,3478.9277
2025-11-16,2025-11-17,Baseline,目标时刻上周同期,3501.71,3665.39,3397.8294,3292.4654,3449.7697,3478.9277
2025-11-17,2025-11-18,Baseline,XGBoost跨日边界,3299.55,3102.96,3494.195556640625,3495.3361,3396.8727783203126,3299.14805
2025-11-17,2025-11-18,Baseline,历史跨日比例,3299.55,3102.96,3248.164843484442,3495.3361,3273.857421742221,3299.14805
2025-11-17,2025-11-18,Baseline,目标时刻上周同期,3299.55,3102.96,3457.6302,3495.3361,3378.5901000000003,3299.14805
2025-11-18,2025-11-19,Baseline,XGBoost跨日边界,3580.04,3278.45,3374.57958984375,3398.5794,3477.309794921875,3338.5146999999997
2025-11-18,2025-11-19,Baseline,历史跨日比例,3580.04,3278.45,3519.2505912100783,3398.5794,3549.645295605039,3338.5146999999997
2025-11-18,2025-11-19,Baseline,目标时刻上周同期,3580.04,3278.45,3381.7557,3398.5794,3480.8978500000003,3338.5146999999997
2025-11-19,2025-11-20,Baseline,XGBoost跨日边界,3458.31,3573.7,3375.187744140625,3451.4104,3416.7488720703122,3512.5552
2025-11-19,2025-11-20,Baseline,历史跨日比例,3458.31,3573.7,3404.4524131686685,3451.4104,3431.381206584334,3512.5552
2025-11-19,2025-11-20,Baseline,目标时刻上周同期,3458.31,3573.7,3397.4385,3451.4104,3427.87425,3512.5552
2025-11-20,2025-11-21,Baseline,XGBoost跨日边界,2427.59,2375.58,2473.092529296875,2367.6198,2450.3412646484376,2371.5999
2025-11-20,2025-11-21,Baseline,历史跨日比例,2427.59,2375.58,2389.7842106936996,2367.6198,2408.68710534685,2371.5999
2025-11-20,2025-11-21,Baseline,目标时刻上周同期,2427.59,2375.58,2387.825,2367.6198,2407.7075,2371.5999
2025-11-21,2025-11-22,Baseline,XGBoost跨日边界,2534.07,2207.79,2499.98193359375,2513.7416,2517.025966796875,2360.7658
2025-11-21,2025-11-22,Baseline,历史跨日比例,2534.07,2207.79,2491.041258105419,2513.7416,2512.5556290527093,2360.7658
2025-11-21,2025-11-22,Baseline,目标时刻上周同期,2534.07,2207.79,2422.0646,2513.7416,2478.0673,2360.7658
2025-11-22,2025-11-23,Baseline,XGBoost跨日边界,3263.2,3314.17,3430.83935546875,3454.443,3347.019677734375,3384.3065
2025-11-22,2025-11-23,Baseline,历史跨日比例,3263.2,3314.17,3226.271674831125,3454.443,3244.7358374155624,3384.3065
2025-11-22,2025-11-23,Baseline,目标时刻上周同期,3263.2,3314.17,3463.6701,3454.443,3363.43505,3384.3065
2025-11-23,2025-11-24,Baseline,XGBoost跨日边界,3665.39,3501.22,3534.442626953125,3579.4616,3599.916313476562,3540.3408
2025-11-23,2025-11-24,Baseline,历史跨日比例,3665.39,3501.22,3647.789531637466,3579.4616,3656.589765818733,3540.3408
2025-11-23,2025-11-24,Baseline,目标时刻上周同期,3665.39,3501.22,3292.4654,3579.4616,3478.9277,3540.3408
2025-11-24,2025-11-25,Baseline,XGBoost跨日边界,3102.96,3408.88,3500.88037109375,3335.9676,3301.920185546875,3372.4238
2025-11-24,2025-11-25,Baseline,历史跨日比例,3102.96,3408.88,3088.060207805934,3335.9676,3095.510103902967,3372.4238
2025-11-24,2025-11-25,Baseline,目标时刻上周同期,3102.96,3408.88,3495.3361,3335.9676,3299.14805,3372.4238
2025-11-25,2025-11-26,Baseline,XGBoost跨日边界,3278.45,3354.59,3373.329833984375,3232.8252,3325.8899169921874,3293.7076
2025-11-25,2025-11-26,Baseline,历史跨日比例,3278.45,3354.59,3262.7075399880646,3232.8252,3270.578769994032,3293.7076
2025-11-25,2025-11-26,Baseline,目标时刻上周同期,3278.45,3354.59,3398.5794,3232.8252,3338.5146999999997,3293.7076
2025-11-26,2025-11-27,Baseline,XGBoost跨日边界,3573.7,3513.5,3380.458984375,3300.0173,3477.0794921875,3406.7586499999998
2025-11-26,2025-11-27,Baseline,历史跨日比例,3573.7,3513.5,3533.257870907082,3300.0173,3553.478935453541,3406.7586499999998
2025-11-26,2025-11-27,Baseline,目标时刻上周同期,3573.7,3513.5,3451.4104,3300.0173,3512.5552,3406.7586499999998
2025-11-27,2025-11-28,Baseline,XGBoost跨日边界,2375.58,2286.92,2486.39111328125,2358.9521,2430.985556640625,2322.9360500000003
2025-11-27,2025-11-28,Baseline,历史跨日比例,2375.58,2286.92,2348.696514248383,2358.9521,2362.1382571241916,2322.9360500000003
2025-11-27,2025-11-28,Baseline,目标时刻上周同期,2375.58,2286.92,2367.6198,2358.9521,2371.5999,2322.9360500000003
2025-11-28,2025-11-29,Baseline,XGBoost跨日边界,2207.79,2575.09,2506.883544921875,2495.8762,2357.3367724609375,2535.4831000000004
2025-11-28,2025-11-29,Baseline,历史跨日比例,2207.79,2575.09,2170.301522543798,2495.8762,2189.045761271899,2535.4831000000004
2025-11-28,2025-11-29,Baseline,目标时刻上周同期,2207.79,2575.09,2513.7416,2495.8762,2360.7658,2535.4831000000004
2025-11-29,2025-11-30,Baseline,XGBoost跨日边界,3314.17,3455.21,3319.541015625,3451.9161,3316.8555078125,3453.5630499999997
2025-11-29,2025-11-30,Baseline,历史跨日比例,3314.17,3455.21,3281.4735786214233,3451.9161,3297.8217893107117,3453.5630499999997
2025-11-29,2025-11-30,Baseline,目标时刻上周同期,3314.17,3455.21,3454.443,3451.9161,3384.3065,3453.5630499999997
2025-11-30,2025-12-01,Baseline,XGBoost跨日边界,3501.22,3542.73,3507.235107421875,3853.1437,3504.227553710937,3697.93685
2025-11-30,2025-12-01,Baseline,历史跨日比例,3501.22,3542.73,3466.678209911048,3853.1437,3483.9491049555236,3697.93685
2025-11-30,2025-12-01,Baseline,目标时刻上周同期,3501.22,3542.73,3579.4616,3853.1437,3540.3408,3697.93685
2025-12-01,2025-12-02,Baseline,XGBoost跨日边界,3408.88,3762.77,3485.508056640625,3647.0472,3447.1940283203126,3704.9085999999998
2025-12-01,2025-12-02,Baseline,历史跨日比例,3408.88,3762.77,3375.2492034780944,3647.0472,3392.0646017390472,3704.9085999999998
2025-12-01,2025-12-02,Baseline,目标时刻上周同期,3408.88,3762.77,3335.9676,3647.0472,3372.4238,3704.9085999999998
2025-12-02,2025-12-03,Baseline,XGBoost跨日边界,3354.59,3371.95,3370.873046875,3520.0258,3362.7315234375,3445.9879
2025-12-02,2025-12-03,Baseline,历史跨日比例,3354.59,3371.95,3321.4948092909053,3520.0258,3338.0424046454527,3445.9879
2025-12-02,2025-12-03,Baseline,目标时刻上周同期,3354.59,3371.95,3232.8252,3520.0258,3293.7076,3445.9879
2025-12-03,2025-12-04,Baseline,XGBoost跨日边界,3513.5,3611.5,3370.74755859375,3677.5108,3442.123779296875,3644.5054
2025-12-03,2025-12-04,Baseline,历史跨日比例,3513.5,3611.5,3453.8404465359636,3677.5108,3483.670223267982,3644.5054
2025-12-03,2025-12-04,Baseline,目标时刻上周同期,3513.5,3611.5,3300.0173,3677.5108,3406.7586499999998,3644.5054
2025-12-04,2025-12-05,Baseline,XGBoost跨日边界,2286.92,2450.92,2462.136962890625,2446.3843,2374.5284814453125,2448.65215
2025-12-04,2025-12-05,Baseline,历史跨日比例,2286.92,2450.92,2264.358061421383,2446.3843,2275.6390307106913,2448.65215
2025-12-04,2025-12-05,Baseline,目标时刻上周同期,2286.92,2450.92,2358.9521,2446.3843,2322.9360500000003,2448.65215
2025-12-05,2025-12-06,Baseline,XGBoost跨日边界,2575.09,2772.61,2520.576416015625,2772.0127,2547.8332080078126,2772.31135
2025-12-05,2025-12-06,Baseline,历史跨日比例,2575.09,2772.61,2549.6850787896337,2772.0127,2562.387539394817,2772.31135
2025-12-05,2025-12-06,Baseline,目标时刻上周同期,2575.09,2772.61,2495.8762,2772.0127,2535.4831000000004,2772.31135
2025-12-06,2025-12-07,Baseline,XGBoost跨日边界,3455.21,3490.74,3494.337890625,3534.9738,3474.7739453125,3512.8568999999998
2025-12-06,2025-12-07,Baseline,历史跨日比例,3455.21,3490.74,3446.2239385287367,3534.9738,3450.7169692643683,3512.8568999999998
2025-12-06,2025-12-07,Baseline,目标时刻上周同期,3455.21,3490.74,3451.9161,3534.9738,3453.5630499999997,3512.8568999999998
2025-12-07,2025-12-08,Baseline,XGBoost跨日边界,3542.73,3502.98,3629.1259765625,3411.0941,3585.92798828125,3457.03705
2025-12-07,2025-12-08,Baseline,历史跨日比例,3542.73,3502.98,3533.516322812191,3411.0941,3538.1231614060953,3457.03705
2025-12-07,2025-12-08,Baseline,目标时刻上周同期,3542.73,3502.98,3853.1437,3411.0941,3697.93685,3457.03705
2025-12-08,2025-12-09,Baseline,XGBoost跨日边界,3762.77,3470.38,3614.874267578125,3493.1053,3688.8221337890627,3481.74265
2025-12-08,2025-12-09,Baseline,历史跨日比例,3762.77,3470.38,3757.494737225271,3493.1053,3760.132368612635,3481.74265
2025-12-08,2025-12-09,Baseline,目标时刻上周同期,3762.77,3470.38,3647.0472,3493.1053,3704.9085999999998,3481.74265
2025-12-09,2025-12-10,Baseline,XGBoost跨日边界,3371.95,3389.92,3399.625,3482.16,3385.7875,3436.04
2025-12-09,2025-12-10,Baseline,历史跨日比例,3371.95,3389.92,3367.22265224469,3482.16,3369.586326122345,3436.04
2025-12-09,2025-12-10,Baseline,目标时刻上周同期,3371.95,3389.92,3520.0258,3482.16,3445.9879,3436.04
2025-12-10,2025-12-11,Baseline,XGBoost跨日边界,3611.5,3714.23,3369.474609375,3848.8115,3490.4873046875,3781.5207499999997
2025-12-10,2025-12-11,Baseline,历史跨日比例,3611.5,3714.23,3606.4368121062585,3848.8115,3608.968406053129,3781.5207499999997
2025-12-10,2025-12-11,Baseline,目标时刻上周同期,3611.5,3714.23,3677.5108,3848.8115,3644.5054,3781.5207499999997
2025-12-11,2025-12-12,Baseline,XGBoost跨日边界,2450.92,2433.78,2464.79248046875,2287.6078,2457.856240234375,2360.6939
2025-12-11,2025-12-12,Baseline,历史跨日比例,2450.92,2433.78,2449.487752491663,2287.6078,2450.2038762458315,2360.6939
2025-12-11,2025-12-12,Baseline,目标时刻上周同期,2450.92,2433.78,2446.3843,2287.6078,2448.65215,2360.6939
2025-12-12,2025-12-13,Baseline,XGBoost跨日边界,2772.61,2687.78,2526.604736328125,2699.8904,2649.607368164063,2693.8352000000004
2025-12-12,2025-12-13,Baseline,历史跨日比例,2772.61,2687.78,2781.3893751777905,2699.8904,2776.9996875888955,2693.8352000000004
2025-12-12,2025-12-13,Baseline,目标时刻上周同期,2772.61,2687.78,2772.0127,2699.8904,2772.31135,2693.8352000000004
2025-12-13,2025-12-14,Baseline,XGBoost跨日边界,3490.74,3530.51,3402.846435546875,3556.1474,3446.7932177734374,3543.3287
2025-12-13,2025-12-14,Baseline,历史跨日比例,3490.74,3530.51,3501.7933093756856,3556.1474,3496.2666546878427,3543.3287
2025-12-13,2025-12-14,Baseline,目标时刻上周同期,3490.74,3530.51,3534.9738,3556.1474,3512.8568999999998,3543.3287
2025-12-14,2025-12-15,Baseline,XGBoost跨日边界,3502.98,3657.78,3505.465576171875,3435.7699,3504.2227880859373,3546.77495
2025-12-14,2025-12-15,Baseline,历史跨日比例,3502.98,3657.78,3522.3411221623633,3435.7699,3512.6605610811816,3546.77495
2025-12-14,2025-12-15,Baseline,目标时刻上周同期,3502.98,3657.78,3411.0941,3435.7699,3457.03705,3546.77495
2025-12-15,2025-12-16,Baseline,XGBoost跨日边界,3470.38,3375.46,3515.13671875,3434.511,3492.758359375,3404.9855
2025-12-15,2025-12-16,Baseline,历史跨日比例,3470.38,3375.46,3489.5609405505666,3434.511,3479.9704702752833,3404.9855
2025-12-15,2025-12-16,Baseline,目标时刻上周同期,3470.38,3375.46,3493.1053,3434.511,3481.74265,3404.9855
2025-12-16,2025-12-17,Baseline,XGBoost跨日边界,3389.92,3615.65,3415.01806640625,3625.6262,3402.469033203125,3620.6381
2025-12-16,2025-12-17,Baseline,历史跨日比例,3389.92,3615.65,3408.6562346461124,3625.6262,3399.288117323056,3620.6381
2025-12-16,2025-12-17,Baseline,目标时刻上周同期,3389.92,3615.65,3482.16,3625.6262,3436.04,3620.6381
2025-12-17,2025-12-18,Baseline,XGBoost跨日边界,3714.23,3385.65,3399.955322265625,3339.3699,3557.0926611328123,3362.50995
2025-12-17,2025-12-18,Baseline,历史跨日比例,3714.23,3385.65,3734.7587100608953,3339.3699,3724.494355030448,3362.50995
2025-12-17,2025-12-18,Baseline,目标时刻上周同期,3714.23,3385.65,3848.8115,3339.3699,3781.5207499999997,3362.50995
2025-12-18,2025-12-19,Baseline,XGBoost跨日边界,2433.78,2446.27,2478.52099609375,2469.608,2456.1504980468753,2457.9390000000003
2025-12-18,2025-12-19,Baseline,历史跨日比例,2433.78,2446.27,2442.620581542486,2469.608,2438.200290771243,2457.9390000000003
2025-12-18,2025-12-19,Baseline,目标时刻上周同期,2433.78,2446.27,2287.6078,2469.608,2360.6939,2457.9390000000003
2025-12-19,2025-12-20,Baseline,XGBoost跨日边界,2687.78,2566.67,2532.47607421875,2686.8269,2610.1280371093753,2626.74845
2025-12-19,2025-12-20,Baseline,历史跨日比例,2687.78,2566.67,2697.5432235692065,2686.8269,2692.6616117846033,2626.74845
2025-12-19,2025-12-20,Baseline,目标时刻上周同期,2687.78,2566.67,2699.8904,2686.8269,2693.8352000000004,2626.74845
2025-12-20,2025-12-21,Baseline,XGBoost跨日边界,3530.51,3373.27,3299.39697265625,3576.1063,3414.953486328125,3474.68815
2025-12-20,2025-12-21,Baseline,历史跨日比例,3530.51,3373.27,3550.0232816645957,3576.1063,3540.266640832298,3474.68815
2025-12-20,2025-12-21,Baseline,目标时刻上周同期,3530.51,3373.27,3556.1474,3576.1063,3543.3287,3474.68815
2025-12-21,2025-12-22,Baseline,XGBoost跨日边界,3657.78,3464.4,3475.63427734375,3745.3962,3566.7071386718753,3604.8981000000003
2025-12-21,2025-12-22,Baseline,历史跨日比例,3657.78,3464.4,3677.9967084662344,3745.3962,3667.8883542331173,3604.8981000000003
2025-12-21,2025-12-22,Baseline,目标时刻上周同期,3657.78,3464.4,3435.7699,3745.3962,3546.77495,3604.8981000000003
2025-12-22,2025-12-23,Baseline,XGBoost跨日边界,3375.46,3548.01,3498.51611328125,3450.6501,3436.988056640625,3499.33005
2025-12-22,2025-12-23,Baseline,历史跨日比例,3375.46,3548.01,3394.116313599898,3450.6501,3384.7881567999493,3499.33005
2025-12-22,2025-12-23,Baseline,目标时刻上周同期,3375.46,3548.01,3434.511,3450.6501,3404.9855,3499.33005
2025-12-23,2025-12-24,Baseline,XGBoost跨日边界,3615.65,3579.47,3431.352294921875,3784.6124,3523.5011474609373,3682.0411999999997
2025-12-23,2025-12-24,Baseline,历史跨日比例,3615.65,3579.47,3635.633854131725,3784.6124,3625.6419270658625,3682.0411999999997
2025-12-23,2025-12-24,Baseline,目标时刻上周同期,3615.65,3579.47,3625.6262,3784.6124,3620.6381,3682.0411999999997
2025-12-24,2025-12-25,Baseline,XGBoost跨日边界,3385.65,3573.24,3405.70068359375,3536.5305,3395.675341796875,3554.88525
2025-12-24,2025-12-25,Baseline,历史跨日比例,3385.65,3573.24,3404.362634171193,3536.5305,3395.0063170855965,3554.88525
2025-12-24,2025-12-25,Baseline,目标时刻上周同期,3385.65,3573.24,3339.3699,3536.5305,3362.50995,3554.88525
2025-12-25,2025-12-26,Baseline,XGBoost跨日边界,2446.27,2360.89,2511.880859375,2470.813,2479.0754296875,2415.8514999999998
2025-12-25,2025-12-26,Baseline,历史跨日比例,2446.27,2360.89,2463.161532399866,2470.813,2454.7157661999327,2415.8514999999998
2025-12-25,2025-12-26,Baseline,目标时刻上周同期,2446.27,2360.89,2469.608,2470.813,2457.9390000000003,2415.8514999999998
2025-12-26,2025-12-27,Baseline,XGBoost跨日边界,2566.67,2530.45,2627.781005859375,2338.1942,2597.2255029296875,2434.3221
2025-12-26,2025-12-27,Baseline,历史跨日比例,2566.67,2530.45,2584.3928962725963,2338.1942,2575.5314481362984,2434.3221
2025-12-26,2025-12-27,Baseline,目标时刻上周同期,2566.67,2530.45,2686.8269,2338.1942,2626.74845,2434.3221
2025-12-27,2025-12-28,Baseline,XGBoost跨日边界,3373.27,3378.26,3527.248291015625,3784.9516,3450.2591455078127,3581.6058000000003
2025-12-27,2025-12-28,Baseline,历史跨日比例,3373.27,3378.26,3396.5624818186448,3784.9516,3384.9162409093224,3581.6058000000003
2025-12-27,2025-12-28,Baseline,目标时刻上周同期,3373.27,3378.26,3576.1063,3784.9516,3474.68815,3581.6058000000003
2025-12-28,2025-12-29,Baseline,XGBoost跨日边界,3464.4,3439.02,3551.2197265625,3478.8245,3507.80986328125,3458.92225
2025-12-28,2025-12-29,Baseline,历史跨日比例,3464.4,3439.02,3488.3217358861025,3478.8245,3476.3608679430513,3458.92225
2025-12-28,2025-12-29,Baseline,目标时刻上周同期,3464.4,3439.02,3745.3962,3478.8245,3604.8981000000003,3458.92225
2025-12-29,2025-12-30,Baseline,XGBoost跨日边界,3548.01,3690.04,3616.94921875,3557.4277,3582.479609375,3623.73385
2025-12-29,2025-12-30,Baseline,历史跨日比例,3548.01,3690.04,3577.816670970764,3557.4277,3562.913335485382,3623.73385
2025-12-29,2025-12-30,Baseline,目标时刻上周同期,3548.01,3690.04,3450.6501,3557.4277,3499.33005,3623.73385
2025-12-30,2025-12-31,Baseline,XGBoost跨日边界,3579.47,3403.37,3437.7119140625,3657.9857,3508.5909570312497,3530.67785
2025-12-30,2025-12-31,Baseline,历史跨日比例,3579.47,3403.37,3609.5409650028378,3657.9857,3594.5054825014186,3530.67785
2025-12-30,2025-12-31,Baseline,目标时刻上周同期,3579.47,3403.37,3784.6124,3657.9857,3682.0411999999997,3530.67785
2025-02-01,2025-02-02,XGBoost,XGBoost跨日边界,3547.8203125,3484.94,3363.554443359375,3591.9843,3455.6873779296875,3538.4621500000003
2025-02-01,2025-02-02,XGBoost,历史跨日比例,3547.8203125,3484.94,3541.713724360184,3591.9843,3544.7670184300923,3538.4621500000003
2025-02-01,2025-02-02,XGBoost,目标时刻上周同期,3547.8203125,3484.94,3618.1419,3591.9843,3582.9811062500003,3538.4621500000003
2025-02-02,2025-02-03,XGBoost,XGBoost跨日边界,3509.388427734375,3548.26,3366.3896484375,3319.2759,3437.8890380859375,3433.7679500000004
2025-02-02,2025-02-03,XGBoost,历史跨日比例,3509.388427734375,3548.26,3503.3479894192483,3319.2759,3506.3682085768114,3433.7679500000004
2025-02-02,2025-02-03,XGBoost,目标时刻上周同期,3509.388427734375,3548.26,3516.9328,3319.2759,3513.1606138671877,3433.7679500000004
2025-02-03,2025-02-04,XGBoost,XGBoost跨日边界,3468.3251953125,3553.22,3460.989990234375,3336.6152,3464.6575927734375,3444.9175999999998
2025-02-03,2025-02-04,XGBoost,历史跨日比例,3468.3251953125,3553.22,3462.355435956848,3336.6152,3465.340315634674,3444.9175999999998
2025-02-03,2025-02-04,XGBoost,目标时刻上周同期,3468.3251953125,3553.22,3695.8008,3336.6152,3582.06299765625,3444.9175999999998
2025-02-04,2025-02-05,XGBoost,XGBoost跨日边界,3377.10302734375,3318.01,3364.778076171875,3549.4514,3370.9405517578125,3433.7307
2025-02-04,2025-02-05,XGBoost,历史跨日比例,3377.10302734375,3318.01,3365.984571952416,3549.4514,3371.543799648083,3433.7307
2025-02-04,2025-02-05,XGBoost,目标时刻上周同期,3377.10302734375,3318.01,3458.6049,3549.4514,3417.853963671875,3433.7307
2025-02-05,2025-02-06,XGBoost,XGBoost跨日边界,3343.561279296875,3329.79,3118.914306640625,3497.9209,3231.23779296875,3413.85545
2025-02-05,2025-02-06,XGBoost,历史跨日比例,3343.561279296875,3329.79,3328.0088124968343,3497.9209,3335.7850458968546,3413.85545
2025-02-05,2025-02-06,XGBoost,目标时刻上周同期,3343.561279296875,3329.79,3405.0251,3497.9209,3374.2931896484374,3413.85545
2025-02-06,2025-02-07,XGBoost,XGBoost跨日边界,2544.3310546875,2446.62,3167.5458984375,2317.5067,2855.9384765625,2382.06335
2025-02-06,2025-02-07,XGBoost,历史跨日比例,2544.3310546875,2446.62,2532.4961813441105,2317.5067,2538.4136180158052,2382.06335
2025-02-06,2025-02-07,XGBoost,目标时刻上周同期,2544.3310546875,2446.62,2646.1276,2317.5067,2595.22932734375,2382.06335
2025-02-07,2025-02-08,XGBoost,XGBoost跨日边界,2385.60791015625,2384.59,2995.10302734375,2341.7515,2690.35546875,2363.17075
2025-02-07,2025-02-08,XGBoost,历史跨日比例,2385.60791015625,2384.59,2377.7537597452247,2341.7515,2381.6808349507373,2363.17075
2025-02-07,2025-02-08,XGBoost,目标时刻上周同期,2385.60791015625,2384.59,2532.1822,2341.7515,2458.895055078125,2363.17075
2025-02-08,2025-02-09,XGBoost,XGBoost跨日边界,3317.373046875,3210.87,3336.78173828125,3413.1243,3327.077392578125,3311.99715
2025-02-08,2025-02-09,XGBoost,历史跨日比例,3317.373046875,3210.87,3306.451240836081,3413.1243,3311.9121438555403,3311.99715
2025-02-08,2025-02-09,XGBoost,目标时刻上周同期,3317.373046875,3210.87,3591.9843,3413.1243,3454.6786734375,3311.99715
2025-02-09,2025-02-10,XGBoost,XGBoost跨日边界,3458.18701171875,3455.92,3398.780517578125,3379.5939,3428.4837646484375,3417.75695
2025-02-09,2025-02-10,XGBoost,历史跨日比例,3458.18701171875,3455.92,3442.101367043681,3379.5939,3450.1441893812153,3417.75695
2025-02-09,2025-02-10,XGBoost,目标时刻上周同期,3458.18701171875,3455.92,3319.2759,3379.5939,3388.7314558593753,3417.75695
2025-02-10,2025-02-11,XGBoost,XGBoost跨日边界,3372.548583984375,3569.7,3311.6279296875,3413.1735,3342.0882568359375,3491.43675
2025-02-10,2025-02-11,XGBoost,历史跨日比例,3372.548583984375,3569.7,3356.861283677149,3413.1735,3364.704933830762,3491.43675
2025-02-10,2025-02-11,XGBoost,目标时刻上周同期,3372.548583984375,3569.7,3336.6152,3413.1735,3354.5818919921876,3491.43675
2025-02-11,2025-02-12,XGBoost,XGBoost跨日边界,3396.428955078125,3222.62,3310.85791015625,3272.9536,3353.6434326171875,3247.7868
2025-02-11,2025-02-12,XGBoost,历史跨日比例,3396.428955078125,3222.62,3364.200716689172,3272.9536,3380.314835883649,3247.7868
2025-02-11,2025-02-12,XGBoost,目标时刻上周同期,3396.428955078125,3222.62,3549.4514,3272.9536,3472.9401775390625,3247.7868
2025-02-12,2025-02-13,XGBoost,XGBoost跨日边界,3379.19287109375,3246.86,3240.05419921875,3551.1175,3309.62353515625,3398.98875
2025-02-12,2025-02-13,XGBoost,历史跨日比例,3379.19287109375,3246.86,3324.8031406467517,3551.1175,3351.998005870251,3398.98875
2025-02-12,2025-02-13,XGBoost,目标时刻上周同期,3379.19287109375,3246.86,3497.9209,3551.1175,3438.556885546875,3398.98875
2025-02-13,2025-02-14,XGBoost,XGBoost跨日边界,2494.5380859375,2421.19,2679.233642578125,2507.4053,2586.8858642578125,2464.29765
2025-02-13,2025-02-14,XGBoost,历史跨日比例,2494.5380859375,2421.19,2466.2048639165205,2507.4053,2480.3714749270102,2464.29765
2025-02-13,2025-02-14,XGBoost,目标时刻上周同期,2494.5380859375,2421.19,2317.5067,2507.4053,2406.02239296875,2464.29765
2025-02-14,2025-02-15,XGBoost,XGBoost跨日边界,2416.44091796875,2509.56,2752.3681640625,2470.6272,2584.404541015625,2490.0936
2025-02-14,2025-02-15,XGBoost,历史跨日比例,2416.44091796875,2509.56,2388.9947316726375,2470.6272,2402.7178248206937,2490.0936
2025-02-14,2025-02-15,XGBoost,目标时刻上周同期,2416.44091796875,2509.56,2341.7515,2470.6272,2379.096208984375,2490.0936
2025-02-15,2025-02-16,XGBoost,XGBoost跨日边界,3217.07861328125,3285.85,3304.662841796875,3581.8623,3260.8707275390625,3433.8561499999996
2025-02-15,2025-02-16,XGBoost,历史跨日比例,3217.07861328125,3285.85,3202.114476498119,3581.8623,3209.5965448896845,3433.8561499999996
2025-02-15,2025-02-16,XGBoost,目标时刻上周同期,3217.07861328125,3285.85,3413.1243,3581.8623,3315.1014566406247,3433.8561499999996
2025-02-16,2025-02-17,XGBoost,XGBoost跨日边界,3438.985595703125,3314.64,3319.40771484375,3431.708,3379.1966552734375,3373.174
2025-02-16,2025-02-17,XGBoost,历史跨日比例,3438.985595703125,3314.64,3404.139594490199,3431.708,3421.5625950966623,3373.174
2025-02-16,2025-02-17,XGBoost,目标时刻上周同期,3438.985595703125,3314.64,3379.5939,3431.708,3409.2897478515624,3373.174
2025-02-17,2025-02-18,XGBoost,XGBoost跨日边界,3450.756591796875,3399.92,3331.3564453125,3450.3468,3391.0565185546875,3425.1333999999997
2025-02-17,2025-02-18,XGBoost,历史跨日比例,3450.756591796875,3399.92,3415.791319324229,3450.3468,3433.273955560552,3425.1333999999997
2025-02-17,2025-02-18,XGBoost,目标时刻上周同期,3450.756591796875,3399.92,3413.1735,3450.3468,3431.9650458984374,3425.1333999999997
2025-02-18,2025-02-19,XGBoost,XGBoost跨日边界,3336.851318359375,3266.88,3309.5703125,3303.9013,3323.2108154296875,3285.3906500000003
2025-02-18,2025-02-19,XGBoost,历史跨日比例,3336.851318359375,3266.88,3303.3739460044917,3303.9013,3320.1126321819333,3285.3906500000003
2025-02-18,2025-02-19,XGBoost,目标时刻上周同期,3336.851318359375,3266.88,3272.9536,3303.9013,3304.9024591796874,3285.3906500000003
2025-02-19,2025-02-20,XGBoost,XGBoost跨日边界,3283.348876953125,3432.95,3383.090087890625,3438.0854,3333.219482421875,3435.5177
2025-02-19,2025-02-20,XGBoost,历史跨日比例,3283.348876953125,3432.95,3272.5390888812153,3438.0854,3277.94398291717,3435.5177
2025-02-19,2025-02-20,XGBoost,目标时刻上周同期,3283.348876953125,3432.95,3551.1175,3438.0854,3417.2331884765626,3435.5177
2025-02-20,2025-02-21,XGBoost,XGBoost跨日边界,2505.625732421875,2498.4,2638.730224609375,2404.3697,2572.177978515625,2451.3848500000004
2025-02-20,2025-02-21,XGBoost,历史跨日比例,2505.625732421875,2498.4,2507.428718369176,2404.3697,2506.5272253955254,2451.3848500000004
2025-02-20,2025-02-21,XGBoost,目标时刻上周同期,2505.625732421875,2498.4,2507.4053,2404.3697,2506.5155162109377,2451.3848500000004
2025-02-21,2025-02-22,XGBoost,XGBoost跨日边界,2445.515625,2618.28,2723.534423828125,2306.8268,2584.5250244140625,2462.5534
2025-02-21,2025-02-22,XGBoost,历史跨日比例,2445.515625,2618.28,2451.590560632131,2306.8268,2448.5530928160656,2462.5534
2025-02-21,2025-02-22,XGBoost,目标时刻上周同期,2445.515625,2618.28,2470.6272,2306.8268,2458.0714125,2462.5534
2025-02-22,2025-02-23,XGBoost,XGBoost跨日边界,3203.33154296875,3501.77,3401.1943359375,3653.2341,3302.262939453125,3577.50205
2025-02-22,2025-02-23,XGBoost,历史跨日比例,3203.33154296875,3501.77,3211.288978502171,3653.2341,3207.3102607354604,3577.50205
2025-02-22,2025-02-23,XGBoost,目标时刻上周同期,3203.33154296875,3501.77,3581.8623,3653.2341,3392.596921484375,3577.50205
2025-02-23,2025-02-24,XGBoost,XGBoost跨日边界,3406.00830078125,3389.9,3365.6259765625,3298.8996,3385.817138671875,3344.3998
2025-02-23,2025-02-24,XGBoost,历史跨日比例,3406.00830078125,3389.9,3400.8047089251263,3298.8996,3403.4065048531884,3344.3998
2025-02-23,2025-02-24,XGBoost,目标时刻上周同期,3406.00830078125,3389.9,3431.708,3298.8996,3418.8581503906253,3344.3998
2025-02-24,2025-02-25,XGBoost,XGBoost跨日边界,3420.59619140625,3348.42,3417.4794921875,3552.7178,3419.037841796875,3450.5689
2025-02-24,2025-02-25,XGBoost,历史跨日比例,3420.59619140625,3348.42,3415.370312631789,3552.7178,3417.9832520190193,3450.5689
2025-02-24,2025-02-25,XGBoost,目标时刻上周同期,3420.59619140625,3348.42,3450.3468,3552.7178,3435.4714957031247,3450.5689
2025-02-25,2025-02-26,XGBoost,XGBoost跨日边界,3317.994140625,3204.43,3331.66552734375,3373.4506,3324.829833984375,3288.9403
2025-02-25,2025-02-26,XGBoost,历史跨日比例,3317.994140625,3204.43,3312.92501402162,3373.4506,3315.45957732331,3288.9403
2025-02-25,2025-02-26,XGBoost,目标时刻上周同期,3317.994140625,3204.43,3303.9013,3373.4506,3310.9477203124998,3288.9403
2025-02-26,2025-02-27,XGBoost,XGBoost跨日边界,3387.367431640625,3375.21,3396.505859375,3349.53,3391.9366455078125,3362.37
2025-02-26,2025-02-27,XGBoost,历史跨日比例,3387.367431640625,3375.21,3382.1923187153448,3349.53,3384.7798751779846,3362.37
2025-02-26,2025-02-27,XGBoost,目标时刻上周同期,3387.367431640625,3375.21,3438.0854,3349.53,3412.7264158203125,3362.37
2025-02-27,2025-02-28,XGBoost,XGBoost跨日边界,2551.24755859375,2323.87,2565.460205078125,2298.0528,2558.3538818359375,2310.9614
2025-02-27,2025-02-28,XGBoost,历史跨日比例,2551.24755859375,2323.87,2567.6115481432576,2298.0528,2559.4295533685035,2310.9614
2025-02-27,2025-02-28,XGBoost,目标时刻上周同期,2551.24755859375,2323.87,2404.3697,2298.0528,2477.808629296875,2310.9614
2025-02-28,2025-03-01,XGBoost,XGBoost跨日边界,2463.84228515625,2558.33,2721.958740234375,2600.0321,2592.9005126953125,2579.18105
2025-02-28,2025-03-01,XGBoost,历史跨日比例,2463.84228515625,2558.33,2479.6456474250826,2600.0321,2471.7439662906663,2579.18105
2025-02-28,2025-03-01,XGBoost,目标时刻上周同期,2463.84228515625,2558.33,2306.8268,2600.0321,2385.334542578125,2579.18105
2025-03-01,2025-03-02,XGBoost,XGBoost跨日边界,3357.041259765625,3225.63,3413.552490234375,3361.4819,3385.296875,3293.55595
2025-03-01,2025-03-02,XGBoost,历史跨日比例,3357.041259765625,3225.63,3378.573700985226,3361.4819,3367.8074803754253,3293.55595
2025-03-01,2025-03-02,XGBoost,目标时刻上周同期,3357.041259765625,3225.63,3653.2341,3361.4819,3505.1376798828123,3293.55595
2025-03-02,2025-03-03,XGBoost,XGBoost跨日边界,3321.926513671875,3405.41,3445.263916015625,3424.6787,3383.59521484375,3415.04435
2025-03-02,2025-03-03,XGBoost,历史跨日比例,3321.926513671875,3405.41,3365.3840754121934,3424.6787,3343.6552945420344,3415.04435
2025-03-02,2025-03-03,XGBoost,目标时刻上周同期,3321.926513671875,3405.41,3298.8996,3424.6787,3310.413056835938,3415.04435
2025-03-03,2025-03-04,XGBoost,XGBoost跨日边界,3339.55859375,3420.11,3432.333740234375,3407.0972,3385.9461669921875,3413.6036000000004
2025-03-03,2025-03-04,XGBoost,历史跨日比例,3339.55859375,3420.11,3383.246818993997,3407.0972,3361.4027063719986,3413.6036000000004
2025-03-03,2025-03-04,XGBoost,目标时刻上周同期,3339.55859375,3420.11,3552.7178,3407.0972,3446.138196875,3413.6036000000004
2025-03-04,2025-03-05,XGBoost,XGBoost跨日边界,3264.162109375,3403.02,3344.973388671875,3411.259,3304.5677490234375,3407.1395
2025-03-04,2025-03-05,XGBoost,历史跨日比例,3264.162109375,3403.02,3306.863995107498,3411.259,3285.513052241249,3407.1395
2025-03-04,2025-03-05,XGBoost,目标时刻上周同期,3264.162109375,3403.02,3373.4506,3411.259,3318.8063546875,3407.1395
2025-03-05,2025-03-06,XGBoost,XGBoost跨日边界,3375.920166015625,3529.41,3323.33544921875,3401.6642,3349.6278076171875,3465.5371
2025-03-05,2025-03-06,XGBoost,历史跨日比例,3375.920166015625,3529.41,3420.0840746515346,3401.6642,3398.00212033358,3465.5371
2025-03-05,2025-03-06,XGBoost,目标时刻上周同期,3375.920166015625,3529.41,3349.53,3401.6642,3362.725083007813,3465.5371
2025-03-06,2025-03-07,XGBoost,XGBoost跨日边界,2552.6181640625,2606.24,2510.420654296875,2572.0153,2531.5194091796875,2589.12765
2025-03-06,2025-03-07,XGBoost,历史跨日比例,2552.6181640625,2606.24,2574.3033858803205,2572.0153,2563.4607749714105,2589.12765
2025-03-06,2025-03-07,XGBoost,目标时刻上周同期,2552.6181640625,2606.24,2298.0528,2572.0153,2425.3354820312497,2589.12765
2025-03-07,2025-03-08,XGBoost,XGBoost跨日边界,2499.930908203125,2480.27,2537.597412109375,2516.5725,2518.76416015625,2498.4212500000003
2025-03-07,2025-03-08,XGBoost,历史跨日比例,2499.930908203125,2480.27,2510.0298118631063,2516.5725,2504.9803600331156,2498.4212500000003
2025-03-07,2025-03-08,XGBoost,目标时刻上周同期,2499.930908203125,2480.27,2600.0321,2516.5725,2549.9815041015627,2498.4212500000003
2025-03-08,2025-03-09,XGBoost,XGBoost跨日边界,3252.979736328125,3225.68,3248.09130859375,3292.478,3250.5355224609375,3259.0789999999997
2025-03-08,2025-03-09,XGBoost,历史跨日比例,3252.979736328125,3225.68,3266.120711087568,3292.478,3259.5502237078463,3259.0789999999997
2025-03-08,2025-03-09,XGBoost,目标时刻上周同期,3252.979736328125,3225.68,3361.4819,3292.478,3307.230818164063,3259.0789999999997
2025-03-09,2025-03-10,XGBoost,XGBoost跨日边界,3382.593017578125,3396.17,3338.970458984375,3488.6651,3360.78173828125,3442.41755
2025-03-09,2025-03-10,XGBoost,历史跨日比例,3382.593017578125,3396.17,3411.329113300664,3488.6651,3396.9610654393946,3442.41755
2025-03-09,2025-03-10,XGBoost,目标时刻上周同期,3382.593017578125,3396.17,3424.6787,3488.6651,3403.6358587890627,3442.41755
2025-03-10,2025-03-11,XGBoost,XGBoost跨日边界,3385.6923828125,3449.29,3438.1357421875,3510.7186,3411.9140625,3480.0043
2025-03-10,2025-03-11,XGBoost,历史跨日比例,3385.6923828125,3449.29,3414.4548085296888,3510.7186,3400.073595671094,3480.0043
2025-03-10,2025-03-11,XGBoost,目标时刻上周同期,3385.6923828125,3449.29,3407.0972,3510.7186,3396.39479140625,3480.0043
2025-03-11,2025-03-12,XGBoost,XGBoost跨日边界,3366.5029296875,3201.35,3370.158447265625,3321.6259,3368.3306884765625,3261.4879499999997
2025-03-11,2025-03-12,XGBoost,历史跨日比例,3366.5029296875,3201.35,3410.2149878620144,3321.6259,3388.3589587747574,3261.4879499999997
2025-03-11,2025-03-12,XGBoost,目标时刻上周同期,3366.5029296875,3201.35,3411.259,3321.6259,3388.88096484375,3261.4879499999997
2025-03-12,2025-03-13,XGBoost,XGBoost跨日边界,3395.285888671875,3486.26,3442.7587890625,3617.1514,3419.0223388671875,3551.7057000000004
2025-03-12,2025-03-13,XGBoost,历史跨日比例,3395.285888671875,3486.26,3445.312492875497,3617.1514,3420.299190773686,3551.7057000000004
2025-03-12,2025-03-13,XGBoost,目标时刻上周同期,3395.285888671875,3486.26,3401.6642,3617.1514,3398.4750443359376,3551.7057000000004
2025-03-13,2025-03-14,XGBoost,XGBoost跨日边界,2543.231689453125,2440.31,2526.61962890625,2355.0261,2534.9256591796875,2397.66805
2025-03-13,2025-03-14,XGBoost,历史跨日比例,2543.231689453125,2440.31,2580.704011165671,2355.0261,2561.9678503093983,2397.66805
2025-03-13,2025-03-14,XGBoost,目标时刻上周同期,2543.231689453125,2440.31,2572.0153,2355.0261,2557.6234947265625,2397.66805
2025-03-14,2025-03-15,XGBoost,XGBoost跨日边界,2476.095703125,2350.93,2501.084716796875,2545.3728,2488.5902099609375,2448.1513999999997
2025-03-14,2025-03-15,XGBoost,历史跨日比例,2476.095703125,2350.93,2512.5788340813087,2545.3728,2494.3372686031544,2448.1513999999997
2025-03-14,2025-03-15,XGBoost,目标时刻上周同期,2476.095703125,2350.93,2516.5725,2545.3728,2496.3341015625,2448.1513999999997
2025-03-15,2025-03-16,XGBoost,XGBoost跨日边界,3258.958740234375,3459.73,3443.651611328125,3473.5801,3351.30517578125,3466.6550500000003
2025-03-15,2025-03-16,XGBoost,历史跨日比例,3258.958740234375,3459.73,3301.2744004363076,3473.5801,3280.1165703353413,3466.6550500000003
2025-03-15,2025-03-16,XGBoost,目标时刻上周同期,3258.958740234375,3459.73,3292.478,3473.5801,3275.7183701171875,3466.6550500000003
2025-03-16,2025-03-17,XGBoost,XGBoost跨日边界,3429.907470703125,3564.41,3476.040283203125,3395.9681,3452.973876953125,3480.18905
2025-03-16,2025-03-17,XGBoost,历史跨日比例,3429.907470703125,3564.41,3480.4441940065726,3395.9681,3455.175832354849,3480.18905
2025-03-16,2025-03-17,XGBoost,目标时刻上周同期,3429.907470703125,3564.41,3488.6651,3395.9681,3459.2862853515626,3480.18905
2025-03-17,2025-03-18,XGBoost,XGBoost跨日边界,3442.9140625,3365.04,3445.76123046875,3306.312,3444.337646484375,3335.676
2025-03-17,2025-03-18,XGBoost,历史跨日比例,3442.9140625,3365.04,3487.6182742393385,3306.312,3465.2661683696692,3335.676
2025-03-17,2025-03-18,XGBoost,目标时刻上周同期,3442.9140625,3365.04,3510.7186,3306.312,3476.81633125,3335.676
2025-03-18,2025-03-19,XGBoost,XGBoost跨日边界,3346.9716796875,3412.87,3371.780029296875,3431.2079,3359.3758544921875,3422.03895
2025-03-18,2025-03-19,XGBoost,历史跨日比例,3346.9716796875,3412.87,3375.405161950462,3431.2079,3361.1884208189813,3422.03895
2025-03-18,2025-03-19,XGBoost,目标时刻上周同期,3346.9716796875,3412.87,3321.6259,3431.2079,3334.29878984375,3422.03895
2025-03-19,2025-03-20,XGBoost,XGBoost跨日边界,3418.24560546875,3410.51,3363.46044921875,3299.0689,3390.85302734375,3354.78945
2025-03-19,2025-03-20,XGBoost,历史跨日比例,3418.24560546875,3410.51,3434.758283257552,3299.0689,3426.501944363151,3354.78945
2025-03-19,2025-03-20,XGBoost,目标时刻上周同期,3418.24560546875,3410.51,3617.1514,3299.0689,3517.6985027343753,3354.78945
2025-03-20,2025-03-21,XGBoost,XGBoost跨日边界,2549.113037109375,2401.0,2597.93115234375,2359.4277,2573.5220947265625,2380.21385
2025-03-20,2025-03-21,XGBoost,历史跨日比例,2549.113037109375,2401.0,2561.0637792541884,2359.4277,2555.0884081817817,2380.21385
2025-03-20,2025-03-21,XGBoost,目标时刻上周同期,2549.113037109375,2401.0,2355.0261,2359.4277,2452.0695685546875,2380.21385
2025-03-21,2025-03-22,XGBoost,XGBoost跨日边界,2495.219482421875,2450.59,2644.4072265625,2430.3122,2569.8133544921875,2440.4511
2025-03-21,2025-03-22,XGBoost,历史跨日比例,2495.219482421875,2450.59,2506.9175610064767,2430.3122,2501.068521714176,2440.4511
2025-03-21,2025-03-22,XGBoost,目标时刻上周同期,2495.219482421875,2450.59,2545.3728,2430.3122,2520.2961412109375,2440.4511
2025-03-22,2025-03-23,XGBoost,XGBoost跨日边界,3333.8720703125,3487.42,3348.5263671875,3450.6115,3341.19921875,3469.01575
2025-03-22,2025-03-23,XGBoost,历史跨日比例,3333.8720703125,3487.42,3349.5019168026656,3450.6115,3341.686993557583,3469.01575
2025-03-22,2025-03-23,XGBoost,目标时刻上周同期,3333.8720703125,3487.42,3473.5801,3450.6115,3403.72608515625,3469.01575
2025-03-23,2025-03-24,XGBoost,XGBoost跨日边界,3441.056884765625,3392.55,3377.198974609375,3547.3049,3409.1279296875,3469.92745
2025-03-23,2025-03-24,XGBoost,历史跨日比例,3441.056884765625,3392.55,3457.189234699428,3547.3049,3449.1230597325266,3469.92745
2025-03-23,2025-03-24,XGBoost,目标时刻上周同期,3441.056884765625,3392.55,3395.9681,3547.3049,3418.5124923828125,3469.92745
2025-03-24,2025-03-25,XGBoost,XGBoost跨日边界,3394.477294921875,3501.11,3389.04248046875,3443.9236,3391.7598876953125,3472.5168000000003
2025-03-24,2025-03-25,XGBoost,历史跨日比例,3394.477294921875,3501.11,3405.380892774056,3443.9236,3399.9290938479653,3472.5168000000003
2025-03-24,2025-03-25,XGBoost,目标时刻上周同期,3394.477294921875,3501.11,3306.312,3443.9236,3350.3946474609374,3472.5168000000003
2025-03-25,2025-03-26,XGBoost,XGBoost跨日边界,3378.63720703125,3349.46,3322.95703125,3288.8805,3350.797119140625,3319.17025
2025-03-25,2025-03-26,XGBoost,历史跨日比例,3378.63720703125,3349.46,3394.476921266869,3288.8805,3386.5570641490594,3319.17025
2025-03-25,2025-03-26,XGBoost,目标时刻上周同期,3378.63720703125,3349.46,3431.2079,3288.8805,3404.9225535156247,3319.17025
2025-03-26,2025-03-27,XGBoost,XGBoost跨日边界,3398.46435546875,3468.14,3339.572021484375,3344.1586,3369.0181884765625,3406.1493
2025-03-26,2025-03-27,XGBoost,历史跨日比例,3398.46435546875,3468.14,3409.380760389896,3344.1586,3403.922557929323,3406.1493
2025-03-26,2025-03-27,XGBoost,目标时刻上周同期,3398.46435546875,3468.14,3299.0689,3344.1586,3348.766627734375,3406.1493
2025-03-27,2025-03-28,XGBoost,XGBoost跨日边界,2533.814697265625,2463.43,2486.98876953125,2320.9786,2510.4017333984375,2392.2043
2025-03-27,2025-03-28,XGBoost,历史跨日比例,2533.814697265625,2463.43,2532.06167110195,2320.9786,2532.9381841837876,2392.2043
2025-03-27,2025-03-28,XGBoost,目标时刻上周同期,2533.814697265625,2463.43,2359.4277,2320.9786,2446.6211986328126,2392.2043
2025-03-28,2025-03-29,XGBoost,XGBoost跨日边界,2457.550537109375,2623.15,2509.140869140625,2589.6557,2483.345703125,2606.40285
2025-03-28,2025-03-29,XGBoost,历史跨日比例,2457.550537109375,2623.15,2455.8502744995026,2589.6557,2456.7004058044386,2606.40285
2025-03-28,2025-03-29,XGBoost,目标时刻上周同期,2457.550537109375,2623.15,2430.3122,2589.6557,2443.9313685546877,2606.40285
2025-03-29,2025-03-30,XGBoost,XGBoost跨日边界,3395.274169921875,3416.19,3468.968505859375,3585.3895,3432.121337890625,3500.78975
2025-03-29,2025-03-30,XGBoost,历史跨日比例,3395.274169921875,3416.19,3392.9251408239124,3585.3895,3394.0996553728937,3500.78975
2025-03-29,2025-03-30,XGBoost,目标时刻上周同期,3395.274169921875,3416.19,3450.6115,3585.3895,3422.9428349609375,3500.78975
2025-03-30,2025-03-31,XGBoost,XGBoost跨日边界,3424.776123046875,3520.7,3410.352294921875,3575.6323,3417.564208984375,3548.16615
2025-03-30,2025-03-31,XGBoost,历史跨日比例,3424.776123046875,3520.7,3404.091416576532,3575.6323,3414.4337698117033,3548.16615
2025-03-30,2025-03-31,XGBoost,目标时刻上周同期,3424.776123046875,3520.7,3547.3049,3575.6323,3486.0405115234375,3548.16615
2025-03-31,2025-04-01,XGBoost,XGBoost跨日边界,3404.744140625,3355.05,3447.3984375,3533.6798,3426.0712890625,3444.3649
2025-03-31,2025-04-01,XGBoost,历史跨日比例,3404.744140625,3355.05,3384.180421822618,3533.6798,3394.462281223809,3444.3649
2025-03-31,2025-04-01,XGBoost,目标时刻上周同期,3404.744140625,3355.05,3443.9236,3533.6798,3424.3338703125,3444.3649
2025-04-01,2025-04-02,XGBoost,XGBoost跨日边界,3391.987548828125,3423.61,3384.672607421875,3564.2691,3388.330078125,3493.93955
2025-04-01,2025-04-02,XGBoost,历史跨日比例,3391.987548828125,3423.61,3371.500876333998,3564.2691,3381.744212581061,3493.93955
2025-04-01,2025-04-02,XGBoost,目标时刻上周同期,3391.987548828125,3423.61,3288.8805,3564.2691,3340.4340244140626,3493.93955
2025-04-02,2025-04-03,XGBoost,XGBoost跨日边界,3411.99853515625,3279.03,3337.998779296875,3404.4367,3374.9986572265625,3341.7333500000004
2025-04-02,2025-04-03,XGBoost,历史跨日比例,3411.99853515625,3279.03,3402.0123394925254,3404.4367,3407.0054373243875,3341.7333500000004
2025-04-02,2025-04-03,XGBoost,目标时刻上周同期,3411.99853515625,3279.03,3344.1586,3404.4367,3378.0785675781253,3341.7333500000004
2025-04-03,2025-04-04,XGBoost,XGBoost跨日边界,2534.391845703125,2234.15,2522.146484375,2288.9737,2528.2691650390625,2261.56185
2025-04-03,2025-04-04,XGBoost,历史跨日比例,2534.391845703125,2234.15,2528.9791083885843,2288.9737,2531.685477045855,2261.56185
2025-04-03,2025-04-04,XGBoost,目标时刻上周同期,2534.391845703125,2234.15,2320.9786,2288.9737,2427.6852228515627,2261.56185
2025-04-04,2025-04-05,XGBoost,XGBoost跨日边界,2460.904541015625,2489.47,2487.30712890625,2313.0806,2474.1058349609375,2401.2753
2025-04-04,2025-04-05,XGBoost,历史跨日比例,2460.904541015625,2489.47,2472.4417444210994,2313.0806,2466.673142718362,2401.2753
2025-04-04,2025-04-05,XGBoost,目标时刻上周同期,2460.904541015625,2489.47,2589.6557,2313.0806,2525.280120507812,2401.2753
2025-04-05,2025-04-06,XGBoost,XGBoost跨日边界,3357.4638671875,3305.13,3413.25341796875,3398.2558,3385.358642578125,3351.6929
2025-04-05,2025-04-06,XGBoost,历史跨日比例,3357.4638671875,3305.13,3391.0547431469085,3398.2558,3374.2593051672043,3351.6929
2025-04-05,2025-04-06,XGBoost,目标时刻上周同期,3357.4638671875,3305.13,3585.3895,3398.2558,3471.42668359375,3351.6929
2025-04-06,2025-04-07,XGBoost,XGBoost跨日边界,3407.4052734375,3237.23,3365.74755859375,3358.3526,3386.576416015625,3297.7913
2025-04-06,2025-04-07,XGBoost,历史跨日比例,3407.4052734375,3237.23,3423.3798580137513,3358.3526,3415.392565725626,3297.7913
2025-04-06,2025-04-07,XGBoost,目标时刻上周同期,3407.4052734375,3237.23,3575.6323,3358.3526,3491.51878671875,3297.7913
2025-04-07,2025-04-08,XGBoost,XGBoost跨日边界,3392.60546875,3465.82,3395.513427734375,3587.5611,3394.0594482421875,3526.6905500000003
2025-04-07,2025-04-08,XGBoost,历史跨日比例,3392.60546875,3465.82,3408.510668937627,3587.5611,3400.5580688438135,3526.6905500000003
2025-04-07,2025-04-08,XGBoost,目标时刻上周同期,3392.60546875,3465.82,3533.6798,3587.5611,3463.142634375,3526.6905500000003
2025-04-08,2025-04-09,XGBoost,XGBoost跨日边界,3393.609375,3528.49,3340.611572265625,3448.2221,3367.1104736328125,3488.35605
2025-04-08,2025-04-09,XGBoost,历史跨日比例,3393.609375,3528.49,3409.5192816971294,3448.2221,3401.5643283485647,3488.35605
2025-04-08,2025-04-09,XGBoost,目标时刻上周同期,3393.609375,3528.49,3564.2691,3448.2221,3478.9392374999998,3488.35605
2025-04-09,2025-04-10,XGBoost,XGBoost跨日边界,3386.494140625,3385.28,3400.2578125,3293.9067,3393.3759765625,3339.59335
2025-04-09,2025-04-10,XGBoost,历史跨日比例,3386.494140625,3385.28,3402.370689707117,3293.9067,3394.4324151660585,3339.59335
2025-04-09,2025-04-10,XGBoost,目标时刻上周同期,3386.494140625,3385.28,3404.4367,3293.9067,3395.4654203125,3339.59335
2025-04-10,2025-04-11,XGBoost,XGBoost跨日边界,2520.6494140625,2353.89,2489.02880859375,2343.2886,2504.839111328125,2348.5892999999996
2025-04-10,2025-04-11,XGBoost,历史跨日比例,2520.6494140625,2353.89,2515.2660266579423,2343.2886,2517.957720360221,2348.5892999999996
2025-04-10,2025-04-11,XGBoost,目标时刻上周同期,2520.6494140625,2353.89,2288.9737,2343.2886,2404.8115570312502,2348.5892999999996
2025-04-11,2025-04-12,XGBoost,XGBoost跨日边界,2469.35107421875,2521.9,2508.439453125,2403.9977,2488.895263671875,2462.9488499999998
2025-04-11,2025-04-12,XGBoost,历史跨日比例,2469.35107421875,2521.9,2446.1029844181317,2403.9977,2457.727029318441,2462.9488499999998
2025-04-11,2025-04-12,XGBoost,目标时刻上周同期,2469.35107421875,2521.9,2313.0806,2403.9977,2391.2158371093747,2462.9488499999998
2025-04-12,2025-04-13,XGBoost,XGBoost跨日边界,3378.00341796875,3430.32,3446.497802734375,3500.9734,3412.2506103515625,3465.6467000000002
2025-04-12,2025-04-13,XGBoost,历史跨日比例,3378.00341796875,3430.32,3356.4206122557825,3500.9734,3367.2120151122663,3465.6467000000002
2025-04-12,2025-04-13,XGBoost,目标时刻上周同期,3378.00341796875,3430.32,3398.2558,3500.9734,3388.129608984375,3465.6467000000002
2025-04-13,2025-04-14,XGBoost,XGBoost跨日边界,3351.208251953125,3207.28,3399.756103515625,3253.7645,3375.482177734375,3230.52225
2025-04-13,2025-04-14,XGBoost,历史跨日比例,3351.208251953125,3207.28,3319.657780578119,3253.7645,3335.433016265622,3230.52225
2025-04-13,2025-04-14,XGBoost,目标时刻上周同期,3351.208251953125,3207.28,3358.3526,3253.7645,3354.7804259765626,3230.52225
2025-04-14,2025-04-15,XGBoost,XGBoost跨日边界,3376.31298828125,3317.75,3414.805419921875,3393.4435,3395.5592041015625,3355.5967499999997
2025-04-14,2025-04-15,XGBoost,历史跨日比例,3376.31298828125,3317.75,3344.5261644609923,3393.4435,3360.4195763711214,3355.5967499999997
2025-04-14,2025-04-15,XGBoost,目标时刻上周同期,3376.31298828125,3317.75,3587.5611,3393.4435,3481.937044140625,3355.5967499999997
2025-04-15,2025-04-16,XGBoost,XGBoost跨日边界,3397.72314453125,3253.27,3394.8203125,3410.4015,3396.271728515625,3331.83575
2025-04-15,2025-04-16,XGBoost,历史跨日比例,3397.72314453125,3253.27,3376.0143451544373,3410.4015,3386.8687448428436,3331.83575
2025-04-15,2025-04-16,XGBoost,目标时刻上周同期,3397.72314453125,3253.27,3448.2221,3410.4015,3422.972622265625,3331.83575
2025-04-16,2025-04-17,XGBoost,XGBoost跨日边界,3355.528076171875,3440.02,3386.03125,3350.8639,3370.7796630859375,3395.44195
2025-04-16,2025-04-17,XGBoost,历史跨日比例,3355.528076171875,3440.02,3356.9866942853364,3350.8639,3356.257385228606,3395.44195
2025-04-16,2025-04-17,XGBoost,目标时刻上周同期,3355.528076171875,3440.02,3293.9067,3350.8639,3324.7173880859373,3395.44195
2025-04-17,2025-04-18,XGBoost,XGBoost跨日边界,2495.00439453125,2337.22,2452.0810546875,2427.4102,2473.542724609375,2382.3151
2025-04-17,2025-04-18,XGBoost,历史跨日比例,2495.00439453125,2337.22,2507.4665108905583,2427.4102,2501.235452710904,2382.3151
2025-04-17,2025-04-18,XGBoost,目标时刻上周同期,2495.00439453125,2337.22,2343.2886,2427.4102,2419.146497265625,2382.3151
2025-04-18,2025-04-19,XGBoost,XGBoost跨日边界,2448.341552734375,2401.15,2486.72021484375,2602.7429,2467.5308837890625,2501.9464500000004
2025-04-18,2025-04-19,XGBoost,历史跨日比例,2448.341552734375,2401.15,2460.570596252047,2602.7429,2454.456074493211,2501.9464500000004
2025-04-18,2025-04-19,XGBoost,目标时刻上周同期,2448.341552734375,2401.15,2403.9977,2602.7429,2426.1696263671874,2501.9464500000004
2025-04-19,2025-04-20,XGBoost,XGBoost跨日边界,3332.703369140625,3429.12,3405.25537109375,3406.0222,3368.9793701171875,3417.5711
2025-04-19,2025-04-20,XGBoost,历史跨日比例,3332.703369140625,3429.12,3382.854052627382,3406.0222,3357.7787108840034,3417.5711
2025-04-19,2025-04-20,XGBoost,目标时刻上周同期,3332.703369140625,3429.12,3500.9734,3406.0222,3416.8383845703124,3417.5711
2025-04-20,2025-04-21,XGBoost,XGBoost跨日边界,3340.41455078125,3556.38,3408.880859375,3462.3791,3374.647705078125,3509.37955
2025-04-20,2025-04-21,XGBoost,历史跨日比例,3340.41455078125,3556.38,3400.8750546541537,3462.3791,3370.644802717702,3509.37955
2025-04-20,2025-04-21,XGBoost,目标时刻上周同期,3340.41455078125,3556.38,3253.7645,3462.3791,3297.089525390625,3509.37955
2025-04-21,2025-04-22,XGBoost,XGBoost跨日边界,3383.619384765625,3275.05,3397.53515625,3359.0032,3390.5772705078125,3317.0266
2025-04-21,2025-04-22,XGBoost,历史跨日比例,3383.619384765625,3275.05,3444.861883206188,3359.0032,3414.2406339859062,3317.0266
2025-04-21,2025-04-22,XGBoost,目标时刻上周同期,3383.619384765625,3275.05,3393.4435,3359.0032,3388.531442382812,3317.0266
2025-04-22,2025-04-23,XGBoost,XGBoost跨日边界,3381.62939453125,3663.48,3356.464111328125,3636.2405,3369.0467529296875,3649.8602499999997
2025-04-22,2025-04-23,XGBoost,历史跨日比例,3381.62939453125,3663.48,3432.516319243779,3636.2405,3407.0728568875147,3649.8602499999997
2025-04-22,2025-04-23,XGBoost,目标时刻上周同期,3381.62939453125,3663.48,3410.4015,3636.2405,3396.015447265625,3649.8602499999997
2025-04-23,2025-04-24,XGBoost,XGBoost跨日边界,3392.389892578125,3475.26,3398.691162109375,3503.3495,3395.54052734375,3489.3047500000002
2025-04-23,2025-04-24,XGBoost,历史跨日比例,3392.389892578125,3475.26,3453.7911345858424,3503.3495,3423.090513581984,3489.3047500000002
2025-04-23,2025-04-24,XGBoost,目标时刻上周同期,3392.389892578125,3475.26,3350.8639,3503.3495,3371.6268962890626,3489.3047500000002
2025-04-24,2025-04-25,XGBoost,XGBoost跨日边界,2527.98779296875,2493.69,2447.12646484375,2415.768,2487.55712890625,2454.7290000000003
2025-04-24,2025-04-25,XGBoost,历史跨日比例,2527.98779296875,2493.69,2573.7436156140843,2415.768,2550.8657042914174,2454.7290000000003
2025-04-24,2025-04-25,XGBoost,目标时刻上周同期,2527.98779296875,2493.69,2427.4102,2415.768,2477.698996484375,2454.7290000000003
2025-04-25,2025-04-26,XGBoost,XGBoost跨日边界,2465.655517578125,2264.26,2488.742919921875,2361.9963,2477.19921875,2313.12815
2025-04-25,2025-04-26,XGBoost,历史跨日比例,2465.655517578125,2264.26,2510.2831446895307,2361.9963,2487.969331133828,2313.12815
2025-04-25,2025-04-26,XGBoost,目标时刻上周同期,2465.655517578125,2264.26,2602.7429,2361.9963,2534.1992087890626,2313.12815
2025-04-26,2025-04-27,XGBoost,XGBoost跨日边界,3378.65625,3346.82,3433.640625,3333.9964,3406.1484375,3340.4082
2025-04-26,2025-04-27,XGBoost,历史跨日比例,3378.65625,3346.82,3439.8089171863408,3333.9964,3409.2325835931706,3340.4082
2025-04-26,2025-04-27,XGBoost,目标时刻上周同期,3378.65625,3346.82,3406.0222,3333.9964,3392.3392249999997,3340.4082
2025-04-27,2025-04-28,XGBoost,XGBoost跨日边界,3377.153076171875,3635.53,3347.96142578125,3529.6765,3362.5572509765625,3582.60325
2025-04-27,2025-04-28,XGBoost,历史跨日比例,3377.153076171875,3635.53,3450.4566255307495,3529.6765,3413.804850851312,3582.60325
2025-04-27,2025-04-28,XGBoost,目标时刻上周同期,3377.153076171875,3635.53,3462.3791,3529.6765,3419.7660880859376,3582.60325
2025-04-28,2025-04-29,XGBoost,XGBoost跨日边界,3359.042236328125,3447.14,3470.8984375,3409.9503,3414.9703369140625,3428.54515
2025-04-28,2025-04-29,XGBoost,历史跨日比例,3359.042236328125,3447.14,3419.839895735777,3409.9503,3389.441066031951,3428.54515
2025-04-28,2025-04-29,XGBoost,目标时刻上周同期,3359.042236328125,3447.14,3359.0032,3409.9503,3359.0227181640626,3428.54515
2025-04-29,2025-04-30,XGBoost,XGBoost跨日边界,3406.46875,3256.37,3329.6416015625,3499.9191,3368.05517578125,3378.14455
2025-04-29,2025-04-30,XGBoost,历史跨日比例,3406.46875,3256.37,3466.2355355041673,3499.9191,3436.3521427520836,3378.14455
2025-04-29,2025-04-30,XGBoost,目标时刻上周同期,3406.46875,3256.37,3636.2405,3499.9191,3521.354625,3378.14455
2025-04-30,2025-05-01,XGBoost,XGBoost跨日边界,3378.0205078125,3791.19,3391.55224609375,3587.1893,3384.786376953125,3689.1896500000003
2025-04-30,2025-05-01,XGBoost,历史跨日比例,3378.0205078125,3791.19,3416.151836880881,3587.1893,3397.0861723466905,3689.1896500000003
2025-04-30,2025-05-01,XGBoost,目标时刻上周同期,3378.0205078125,3791.19,3503.3495,3587.1893,3440.68500390625,3689.1896500000003
2025-05-01,2025-05-02,XGBoost,XGBoost跨日边界,2512.118896484375,2577.89,2472.614013671875,2519.1235,2492.366455078125,2548.50675
2025-05-01,2025-05-02,XGBoost,历史跨日比例,2512.118896484375,2577.89,2540.475868290557,2519.1235,2526.2973823874663,2548.50675
2025-05-01,2025-05-02,XGBoost,目标时刻上周同期,2512.118896484375,2577.89,2415.768,2519.1235,2463.9434482421875,2548.50675
2025-05-02,2025-05-03,XGBoost,XGBoost跨日边界,2530.214111328125,2676.09,2505.298583984375,2474.8848,2517.75634765625,2575.4874
2025-05-02,2025-05-03,XGBoost,历史跨日比例,2530.214111328125,2676.09,2535.592242299989,2474.8848,2532.9031768140567,2575.4874
2025-05-02,2025-05-03,XGBoost,目标时刻上周同期,2530.214111328125,2676.09,2361.9963,2474.8848,2446.1052056640624,2575.4874
2025-05-03,2025-05-04,XGBoost,XGBoost跨日边界,3550.7158203125,3576.17,3384.220947265625,3600.878,3467.4683837890625,3588.5240000000003
2025-05-03,2025-05-04,XGBoost,历史跨日比例,3550.7158203125,3576.17,3535.9175795910924,3600.878,3543.316699951796,3588.5240000000003
2025-05-03,2025-05-04,XGBoost,目标时刻上周同期,3550.7158203125,3576.17,3333.9964,3600.878,3442.35611015625,3588.5240000000003
2025-05-04,2025-05-05,XGBoost,XGBoost跨日边界,3562.27001953125,3478.5,3379.697998046875,3724.6146,3470.9840087890625,3601.5573
2025-05-04,2025-05-05,XGBoost,历史跨日比例,3562.27001953125,3478.5,3547.423624626282,3724.6146,3554.8468220787663,3601.5573
2025-05-04,2025-05-05,XGBoost,目标时刻上周同期,3562.27001953125,3478.5,3529.6765,3724.6146,3545.973259765625,3601.5573
2025-05-05,2025-05-06,XGBoost,XGBoost跨日边界,3562.66064453125,3471.86,3392.1884765625,3434.9695,3477.424560546875,3453.41475
2025-05-05,2025-05-06,XGBoost,历史跨日比例,3562.66064453125,3471.86,3547.8126216270066,3434.9695,3555.2366330791283,3453.41475
2025-05-05,2025-05-06,XGBoost,目标时刻上周同期,3562.66064453125,3471.86,3409.9503,3434.9695,3486.305472265625,3453.41475
2025-05-06,2025-05-07,XGBoost,XGBoost跨日边界,3516.30908203125,3646.95,3423.934814453125,3479.9819,3470.1219482421875,3563.46595
2025-05-06,2025-05-07,XGBoost,历史跨日比例,3516.30908203125,3646.95,3501.6542375209983,3479.9819,3508.981659776124,3563.46595
2025-05-06,2025-05-07,XGBoost,目标时刻上周同期,3516.30908203125,3646.95,3499.9191,3479.9819,3508.114091015625,3563.46595
2025-05-07,2025-05-08,XGBoost,XGBoost跨日边界,3556.29248046875,3732.12,3405.01318359375,3561.6798,3480.65283203125,3646.8999
2025-05-07,2025-05-08,XGBoost,历史跨日比例,3556.29248046875,3732.12,3536.3069000737464,3561.6798,3546.2996902712484,3646.8999
2025-05-07,2025-05-08,XGBoost,目标时刻上周同期,3556.29248046875,3732.12,3587.1893,3561.6798,3571.740890234375,3646.8999
2025-05-08,2025-05-09,XGBoost,XGBoost跨日边界,2774.283203125,2707.67,2518.877197265625,2599.3019,2646.5802001953125,2653.4859500000002
2025-05-08,2025-05-09,XGBoost,历史跨日比例,2774.283203125,2707.67,2758.692342615334,2599.3019,2766.4877728701667,2653.4859500000002
2025-05-08,2025-05-09,XGBoost,目标时刻上周同期,2774.283203125,2707.67,2519.1235,2599.3019,2646.7033515625,2653.4859500000002
2025-05-09,2025-05-10,XGBoost,XGBoost跨日边界,2750.305419921875,2309.07,2490.880859375,2346.7852,2620.5931396484375,2327.9276
2025-05-09,2025-05-10,XGBoost,历史跨日比例,2750.305419921875,2309.07,2734.8493092722197,2346.7852,2742.5773645970476,2327.9276
2025-05-09,2025-05-10,XGBoost,目标时刻上周同期,2750.305419921875,2309.07,2474.8848,2346.7852,2612.5951099609374,2327.9276
2025-05-10,2025-05-11,XGBoost,XGBoost跨日边界,3500.58544921875,3508.15,3261.17724609375,3481.4968,3380.88134765625,3494.8234
2025-05-10,2025-05-11,XGBoost,历史跨日比例,3500.58544921875,3508.15,3475.7817058485753,3481.4968,3488.1835775336626,3494.8234
2025-05-10,2025-05-11,XGBoost,目标时刻上周同期,3500.58544921875,3508.15,3600.878,3481.4968,3550.7317246093753,3494.8234
2025-05-11,2025-05-12,XGBoost,XGBoost跨日边界,3549.274169921875,3718.16,3438.532470703125,3550.165,3493.9033203125,3634.1625
2025-05-11,2025-05-12,XGBoost,历史跨日比例,3549.274169921875,3718.16,3530.520944443165,3550.165,3539.89755718252,3634.1625
2025-05-11,2025-05-12,XGBoost,目标时刻上周同期,3549.274169921875,3718.16,3724.6146,3550.165,3636.9443849609374,3634.1625
2025-05-12,2025-05-13,XGBoost,XGBoost跨日边界,3578.989501953125,3340.5,3498.96875,3341.0226,3538.9791259765625,3340.7613
2025-05-12,2025-05-13,XGBoost,历史跨日比例,3578.989501953125,3340.5,3553.6302189363923,3341.0226,3566.3098604447587,3340.7613
2025-05-12,2025-05-13,XGBoost,目标时刻上周同期,3578.989501953125,3340.5,3434.9695,3341.0226,3506.9795009765626,3340.7613
2025-05-13,2025-05-14,XGBoost,XGBoost跨日边界,3540.538330078125,3317.83,3440.669189453125,3304.7077,3490.603759765625,3311.26885
2025-05-13,2025-05-14,XGBoost,历史跨日比例,3540.538330078125,3317.83,3513.9260060356123,3304.7077,3527.2321680568684,3311.26885
2025-05-13,2025-05-14,XGBoost,目标时刻上周同期,3540.538330078125,3317.83,3479.9819,3304.7077,3510.260115039063,3311.26885
2025-05-14,2025-05-15,XGBoost,XGBoost跨日边界,3593.661865234375,3615.61,3429.38134765625,3426.4425,3511.5216064453125,3521.02625
2025-05-14,2025-05-15,XGBoost,历史跨日比例,3593.661865234375,3615.61,3566.650240125171,3426.4425,3580.156052679773,3521.02625
2025-05-14,2025-05-15,XGBoost,目标时刻上周同期,3593.661865234375,3615.61,3561.6798,3426.4425,3577.6708326171874,3521.02625
2025-05-15,2025-05-16,XGBoost,XGBoost跨日边界,2646.393798828125,2648.72,2508.853759765625,2485.8649,2577.623779296875,2567.29245
2025-05-15,2025-05-16,XGBoost,历史跨日比例,2646.393798828125,2648.72,2626.502278739157,2485.8649,2636.448038783641,2567.29245
2025-05-15,2025-05-16,XGBoost,目标时刻上周同期,2646.393798828125,2648.72,2599.3019,2485.8649,2622.8478494140627,2567.29245
2025-05-16,2025-05-17,XGBoost,XGBoost跨日边界,2567.797607421875,2594.84,2476.39208984375,2566.1507,2522.0948486328125,2580.49535
2025-05-16,2025-05-17,XGBoost,历史跨日比例,2567.797607421875,2594.84,2548.4968526683483,2566.1507,2558.1472300451114,2580.49535
2025-05-16,2025-05-17,XGBoost,目标时刻上周同期,2567.797607421875,2594.84,2346.7852,2566.1507,2457.2914037109376,2580.49535
2025-05-17,2025-05-18,XGBoost,XGBoost跨日边界,3505.528076171875,3636.98,3340.1298828125,3537.2003,3422.8289794921875,3587.09015
2025-05-17,2025-05-18,XGBoost,历史跨日比例,3505.528076171875,3636.98,3473.587314924896,3537.2003,3489.5576955483857,3587.09015
2025-05-17,2025-05-18,XGBoost,目标时刻上周同期,3505.528076171875,3636.98,3481.4968,3537.2003,3493.5124380859374,3587.09015
2025-05-18,2025-05-19,XGBoost,XGBoost跨日边界,3540.483642578125,3618.11,3482.84912109375,3568.1539,3511.6663818359375,3593.13195
2025-05-18,2025-05-19,XGBoost,历史跨日比例,3540.483642578125,3618.11,3502.5754377752905,3568.1539,3521.529540176708,3593.13195
2025-05-18,2025-05-19,XGBoost,目标时刻上周同期,3540.483642578125,3618.11,3550.165,3568.1539,3545.3243212890625,3593.13195
2025-05-19,2025-05-20,XGBoost,XGBoost跨日边界,3475.004638671875,3637.99,3445.17626953125,3538.0878,3460.0904541015625,3588.0388999999996
2025-05-19,2025-05-20,XGBoost,历史跨日比例,3475.004638671875,3637.99,3437.049151769223,3538.0878,3456.026895220549,3588.0388999999996
2025-05-19,2025-05-20,XGBoost,目标时刻上周同期,3475.004638671875,3637.99,3341.0226,3538.0878,3408.0136193359376,3588.0388999999996
2025-05-20,2025-05-21,XGBoost,XGBoost跨日边界,3504.4765625,3492.2,3396.07470703125,3478.055,3450.275634765625,3485.1274999999996
2025-05-20,2025-05-21,XGBoost,历史跨日比例,3504.4765625,3492.2,3466.1991706403282,3478.055,3485.337866570164,3485.1274999999996
2025-05-20,2025-05-21,XGBoost,目标时刻上周同期,3504.4765625,3492.2,3304.7077,3478.055,3404.59213125,3485.1274999999996
2025-05-21,2025-05-22,XGBoost,XGBoost跨日边界,3586.071533203125,3647.14,3378.3623046875,3448.5525,3482.2169189453125,3547.8462499999996
2025-05-21,2025-05-22,XGBoost,历史跨日比例,3586.071533203125,3647.14,3541.49034357791,3448.5525,3563.780938390518,3547.8462499999996
2025-05-21,2025-05-22,XGBoost,目标时刻上周同期,3586.071533203125,3647.14,3426.4425,3448.5525,3506.2570166015626,3547.8462499999996
2025-05-22,2025-05-23,XGBoost,XGBoost跨日边界,2685.07470703125,2555.47,2538.59619140625,2414.4389,2611.83544921875,2484.95445
2025-05-22,2025-05-23,XGBoost,历史跨日比例,2685.07470703125,2555.47,2651.694495966384,2414.4389,2668.3846014988167,2484.95445
2025-05-22,2025-05-23,XGBoost,目标时刻上周同期,2685.07470703125,2555.47,2485.8649,2414.4389,2585.4698035156252,2484.95445
2025-05-23,2025-05-24,XGBoost,XGBoost跨日边界,2577.228271484375,2564.43,2476.101806640625,2594.4578,2526.6650390625,2579.4439
2025-05-23,2025-05-24,XGBoost,历史跨日比例,2577.228271484375,2564.43,2530.060364015928,2594.4578,2553.6443177501515,2579.4439
2025-05-23,2025-05-24,XGBoost,目标时刻上周同期,2577.228271484375,2564.43,2566.1507,2594.4578,2571.6894857421876,2579.4439
2025-05-24,2025-05-25,XGBoost,XGBoost跨日边界,3519.3037109375,3367.67,3476.30615234375,3533.452,3497.804931640625,3450.561
2025-05-24,2025-05-25,XGBoost,历史跨日比例,3519.3037109375,3367.67,3454.8941304484365,3533.452,3487.098920692968,3450.561
2025-05-24,2025-05-25,XGBoost,目标时刻上周同期,3519.3037109375,3367.67,3537.2003,3533.452,3528.25200546875,3450.561
2025-05-25,2025-05-26,XGBoost,XGBoost跨日边界,3577.84765625,3267.09,3529.1337890625,3265.0194,3553.49072265625,3266.0547
2025-05-25,2025-05-26,XGBoost,历史跨日比例,3577.84765625,3267.09,3512.366616385028,3265.0194,3545.1071363175142,3266.0547
2025-05-25,2025-05-26,XGBoost,目标时刻上周同期,3577.84765625,3267.09,3568.1539,3265.0194,3573.0007781249997,3266.0547
2025-05-26,2025-05-27,XGBoost,XGBoost跨日边界,3451.164306640625,3464.52,3503.46484375,3640.4009,3477.3145751953125,3552.46045
2025-05-26,2025-05-27,XGBoost,历史跨日比例,3451.164306640625,3464.52,3388.0017996655342,3640.4009,3419.5830531530796,3552.46045
2025-05-26,2025-05-27,XGBoost,目标时刻上周同期,3451.164306640625,3464.52,3538.0878,3640.4009,3494.626053320312,3552.46045
2025-05-27,2025-05-28,XGBoost,XGBoost跨日边界,3452.73095703125,3505.28,3384.646484375,3425.7937,3418.688720703125,3465.5368500000004
2025-05-27,2025-05-28,XGBoost,历史跨日比例,3452.73095703125,3505.28,3409.8074257812277,3425.7937,3431.269191406239,3465.5368500000004
2025-05-27,2025-05-28,XGBoost,目标时刻上周同期,3452.73095703125,3505.28,3478.055,3425.7937,3465.392978515625,3465.5368500000004
2025-05-28,2025-05-29,XGBoost,XGBoost跨日边界,3518.77001953125,3667.5,3419.078125,3636.8164,3468.924072265625,3652.1582
2025-05-28,2025-05-29,XGBoost,历史跨日比例,3518.77001953125,3667.5,3475.025506340203,3636.8164,3496.8977629357264,3652.1582
2025-05-28,2025-05-29,XGBoost,目标时刻上周同期,3518.77001953125,3667.5,3448.5525,3636.8164,3483.661259765625,3652.1582
2025-05-29,2025-05-30,XGBoost,XGBoost跨日边界,2658.19970703125,2455.95,2522.684326171875,2314.4079,2590.4420166015625,2385.17895
2025-05-29,2025-05-30,XGBoost,历史跨日比例,2658.19970703125,2455.95,2609.7096265093733,2314.4079,2633.9546667703116,2385.17895
2025-05-29,2025-05-30,XGBoost,目标时刻上周同期,2658.19970703125,2455.95,2414.4389,2314.4079,2536.319303515625,2385.17895
2025-05-30,2025-05-31,XGBoost,XGBoost跨日边界,2559.67529296875,2476.42,2528.07177734375,2596.8568,2543.87353515625,2536.6384
2025-05-30,2025-05-31,XGBoost,历史跨日比例,2559.67529296875,2476.42,2527.8540176377223,2596.8568,2543.7646553032364,2536.6384
2025-05-30,2025-05-31,XGBoost,目标时刻上周同期,2559.67529296875,2476.42,2594.4578,2596.8568,2577.066546484375,2536.6384
2025-05-31,2025-06-01,XGBoost,XGBoost跨日边界,3468.720947265625,4191.11,3489.53076171875,4313.5613,3479.1258544921875,4252.33565
2025-05-31,2025-06-01,XGBoost,历史跨日比例,3468.720947265625,4191.11,3425.5986322545587,4313.5613,3447.159789760092,4252.33565
2025-05-31,2025-06-01,XGBoost,目标时刻上周同期,3468.720947265625,4191.11,3533.452,4313.5613,3501.0864736328126,4252.33565
2025-06-01,2025-06-02,XGBoost,XGBoost跨日边界,3487.1611328125,4074.69,3501.944091796875,4174.7567,3494.5526123046875,4124.72335
2025-06-01,2025-06-02,XGBoost,历史跨日比例,3487.1611328125,4074.69,3449.3570611653327,4174.7567,3468.259096988916,4124.72335
2025-06-01,2025-06-02,XGBoost,目标时刻上周同期,3487.1611328125,4074.69,3265.0194,4174.7567,3376.09026640625,4124.72335
2025-06-02,2025-06-03,XGBoost,XGBoost跨日边界,4024.477294921875,4001.61,3497.937255859375,4120.339,3761.207275390625,4060.9745000000003
2025-06-02,2025-06-03,XGBoost,历史跨日比例,4024.477294921875,4001.61,3980.848216079476,4120.339,4002.6627555006753,4060.9745000000003
2025-06-02,2025-06-03,XGBoost,目标时刻上周同期,4024.477294921875,4001.61,3640.4009,4120.339,3832.439097460938,4060.9745000000003
2025-06-03,2025-06-04,XGBoost,XGBoost跨日边界,4011.308837890625,4200.62,3553.964111328125,4059.6256,3782.636474609375,4130.1228
2025-06-03,2025-06-04,XGBoost,历史跨日比例,4011.308837890625,4200.62,3967.8225173763135,4059.6256,3989.565677633469,4130.1228
2025-06-03,2025-06-04,XGBoost,目标时刻上周同期,4011.308837890625,4200.62,3425.7937,4059.6256,3718.5512689453126,4130.1228
2025-06-04,2025-06-05,XGBoost,XGBoost跨日边界,4032.10107421875,4210.89,3712.94384765625,4149.5418,3872.5224609375,4180.2159
2025-06-04,2025-06-05,XGBoost,历史跨日比例,4032.10107421875,4210.89,3992.9440469149363,4149.5418,4012.522560566843,4180.2159
2025-06-04,2025-06-05,XGBoost,目标时刻上周同期,4032.10107421875,4210.89,3636.8164,4149.5418,3834.458737109375,4180.2159
2025-06-05,2025-06-06,XGBoost,XGBoost跨日边界,2870.065673828125,3310.03,2948.39013671875,3019.7242,2909.2279052734375,3164.8771
2025-06-05,2025-06-06,XGBoost,历史跨日比例,2870.065673828125,3310.03,2842.1935451574413,3019.7242,2856.129609492783,3164.8771
2025-06-05,2025-06-06,XGBoost,目标时刻上周同期,2870.065673828125,3310.03,2314.4079,3019.7242,2592.2367869140626,3164.8771
2025-06-06,2025-06-07,XGBoost,XGBoost跨日边界,2865.363037109375,2903.8,3001.391357421875,3023.5774,2933.377197265625,2963.6887
2025-06-06,2025-06-07,XGBoost,历史跨日比例,2865.363037109375,2903.8,2837.536577252793,3023.5774,2851.449807181084,2963.6887
2025-06-06,2025-06-07,XGBoost,目标时刻上周同期,2865.363037109375,2903.8,2596.8568,3023.5774,2731.1099185546873,2963.6887
2025-06-07,2025-06-08,XGBoost,XGBoost跨日边界,4092.754638671875,4175.29,3380.484130859375,4173.8346,3736.619384765625,4174.5623
2025-06-07,2025-06-08,XGBoost,历史跨日比例,4092.754638671875,4175.29,4053.008585141871,4173.8346,4072.8816119068733,4174.5623
2025-06-07,2025-06-08,XGBoost,目标时刻上周同期,4092.754638671875,4175.29,4313.5613,4173.8346,4203.157969335938,4174.5623
2025-06-08,2025-06-09,XGBoost,XGBoost跨日边界,4175.708984375,4127.52,3873.5576171875,4028.4969,4024.63330078125,4078.0084500000003
2025-06-08,2025-06-09,XGBoost,历史跨日比例,4175.708984375,4127.52,4135.157334576481,4028.4969,4155.4331594757405,4078.0084500000003
2025-06-08,2025-06-09,XGBoost,目标时刻上周同期,4175.708984375,4127.52,4174.7567,4028.4969,4175.2328421875,4078.0084500000003
2025-06-09,2025-06-10,XGBoost,XGBoost跨日边界,4157.86767578125,4215.96,3778.31689453125,4293.8723,3968.09228515625,4254.91615
2025-06-09,2025-06-10,XGBoost,历史跨日比例,4157.86767578125,4215.96,4117.489288655189,4293.8723,4137.67848221822,4254.91615
2025-06-09,2025-06-10,XGBoost,目标时刻上周同期,4157.86767578125,4215.96,4120.339,4293.8723,4139.103337890625,4254.91615
2025-06-10,2025-06-11,XGBoost,XGBoost跨日边界,4207.74560546875,4222.03,3833.763671875,4152.2007,4020.754638671875,4187.11535
2025-06-10,2025-06-11,XGBoost,历史跨日比例,4207.74560546875,4222.03,4166.8828377632635,4152.2007,4187.314221616007,4187.11535
2025-06-10,2025-06-11,XGBoost,目标时刻上周同期,4207.74560546875,4222.03,4059.6256,4152.2007,4133.685602734375,4187.11535
2025-06-11,2025-06-12,XGBoost,XGBoost跨日边界,4213.505859375,4112.1,3987.1337890625,4027.3318,4100.31982421875,4069.7159
2025-06-11,2025-06-12,XGBoost,历史跨日比例,4213.505859375,4112.1,4172.587151995549,4027.3318,4193.0465056852745,4069.7159
2025-06-11,2025-06-12,XGBoost,目标时刻上周同期,4213.505859375,4112.1,4149.5418,4027.3318,4181.5238296874995,4069.7159
2025-06-12,2025-06-13,XGBoost,XGBoost跨日边界,3603.648193359375,2926.78,2988.970703125,2867.2945,3296.3094482421875,2897.0372500000003
2025-06-12,2025-06-13,XGBoost,历史跨日比例,3603.648193359375,2926.78,3558.848494869474,2867.2945,3581.2483441144245,2897.0372500000003
2025-06-12,2025-06-13,XGBoost,目标时刻上周同期,3603.648193359375,2926.78,3019.7242,2867.2945,3311.686196679688,2897.0372500000003
2025-06-13,2025-06-14,XGBoost,XGBoost跨日边界,3009.504638671875,3140.81,2810.05419921875,3292.2207,2909.7794189453125,3216.5153499999997
2025-06-13,2025-06-14,XGBoost,历史跨日比例,3009.504638671875,3140.81,2972.091191747476,3292.2207,2990.7979152096755,3216.5153499999997
2025-06-13,2025-06-14,XGBoost,目标时刻上周同期,3009.504638671875,3140.81,3023.5774,3292.2207,3016.5410193359376,3216.5153499999997
2025-06-14,2025-06-15,XGBoost,XGBoost跨日边界,4326.7490234375,3929.38,3733.79296875,4104.4483,4030.27099609375,4016.91415
2025-06-14,2025-06-15,XGBoost,历史跨日比例,4326.7490234375,3929.38,4272.959907161204,4104.4483,4299.854465299351,4016.91415
2025-06-14,2025-06-15,XGBoost,目标时刻上周同期,4326.7490234375,3929.38,4173.8346,4104.4483,4250.29181171875,4016.91415
2025-06-15,2025-06-16,XGBoost,XGBoost跨日边界,4201.9990234375,4015.98,3999.553466796875,4053.173,4100.7762451171875,4034.5765
2025-06-15,2025-06-16,XGBoost,历史跨日比例,4201.9990234375,4015.98,4155.412322774615,4053.173,4178.7056731060575,4034.5765
2025-06-15,2025-06-16,XGBoost,目标时刻上周同期,4201.9990234375,4015.98,4028.4969,4053.173,4115.24796171875,4034.5765
2025-06-16,2025-06-17,XGBoost,XGBoost跨日边界,4120.25244140625,3899.93,4012.940673828125,3965.4077,4066.5965576171875,3932.66885
2025-06-16,2025-06-17,XGBoost,历史跨日比例,4120.25244140625,3899.93,4094.6722488399428,3965.4077,4107.462345123096,3932.66885
2025-06-16,2025-06-17,XGBoost,目标时刻上周同期,4120.25244140625,3899.93,4293.8723,3965.4077,4207.0623707031245,3932.66885
2025-06-17,2025-06-18,XGBoost,XGBoost跨日边界,4109.64892578125,4002.65,3965.914794921875,3917.2691,4037.7818603515625,3959.95955
2025-06-17,2025-06-18,XGBoost,历史跨日比例,4109.64892578125,4002.65,4100.023654748037,3917.2691,4104.836290264644,3959.95955
2025-06-17,2025-06-18,XGBoost,目标时刻上周同期,4109.64892578125,4002.65,4152.2007,3917.2691,4130.924812890626,3959.95955
2025-06-18,2025-06-19,XGBoost,XGBoost跨日边界,4132.30517578125,4120.61,3977.876220703125,4194.048,4055.0906982421875,4157.329
2025-06-18,2025-06-19,XGBoost,历史跨日比例,4132.30517578125,4120.61,4130.275491611307,4194.048,4131.290333696279,4157.329
2025-06-18,2025-06-19,XGBoost,目标时刻上周同期,4132.30517578125,4120.61,4027.3318,4194.048,4079.818487890625,4157.329
2025-06-19,2025-06-20,XGBoost,XGBoost跨日边界,3640.351318359375,3469.38,3172.36328125,3148.7339,3406.3572998046875,3309.05695
2025-06-19,2025-06-20,XGBoost,历史跨日比例,3640.351318359375,3469.38,3638.5632695271615,3148.7339,3639.4572939432683,3309.05695
2025-06-19,2025-06-20,XGBoost,目标时刻上周同期,3640.351318359375,3469.38,2867.2945,3148.7339,3253.8229091796875,3309.05695
2025-06-20,2025-06-21,XGBoost,XGBoost跨日边界,3302.820556640625,3230.95,3073.486572265625,3087.9838,3188.153564453125,3159.4669
2025-06-20,2025-06-21,XGBoost,历史跨日比例,3302.820556640625,3230.95,3317.5390425685555,3087.9838,3310.1797996045902,3159.4669
2025-06-20,2025-06-21,XGBoost,目标时刻上周同期,3302.820556640625,3230.95,3292.2207,3087.9838,3297.5206283203124,3159.4669
2025-06-21,2025-06-22,XGBoost,XGBoost跨日边界,3888.8125,3636.14,3590.037109375,4241.9529,3739.4248046875,3939.04645
2025-06-21,2025-06-22,XGBoost,历史跨日比例,3888.8125,3636.14,3906.142364301144,4241.9529,3897.477432150572,3939.04645
2025-06-21,2025-06-22,XGBoost,目标时刻上周同期,3888.8125,3636.14,4104.4483,4241.9529,3996.6304,3939.04645
2025-06-22,2025-06-23,XGBoost,XGBoost跨日边界,3931.09765625,3930.49,3867.87939453125,3863.9277,3899.488525390625,3897.20885
2025-06-22,2025-06-23,XGBoost,历史跨日比例,3931.09765625,3930.49,3929.166800143303,3863.9277,3930.1322281966513,3897.20885
2025-06-22,2025-06-23,XGBoost,目标时刻上周同期,3931.09765625,3930.49,4053.173,3863.9277,3992.135328125,3897.20885
2025-06-23,2025-06-24,XGBoost,XGBoost跨日边界,3909.22021484375,3964.0,4071.482666015625,3968.5445,3990.3514404296875,3966.27225
2025-06-23,2025-06-24,XGBoost,历史跨日比例,3909.22021484375,3964.0,3907.3001043849695,3968.5445,3908.2601596143595,3966.27225
2025-06-23,2025-06-24,XGBoost,目标时刻上周同期,3909.22021484375,3964.0,3965.4077,3968.5445,3937.313957421875,3966.27225
2025-06-24,2025-06-25,XGBoost,XGBoost跨日边界,4040.6259765625,4215.0,3931.221435546875,4049.8387,3985.9237060546875,4132.41935
2025-06-24,2025-06-25,XGBoost,历史跨日比例,4040.6259765625,4215.0,4023.019094955236,4049.8387,4031.822535758868,4132.41935
2025-06-24,2025-06-25,XGBoost,目标时刻上周同期,4040.6259765625,4215.0,3917.2691,4049.8387,3978.9475382812498,4132.41935
2025-06-25,2025-06-26,XGBoost,XGBoost跨日边界,4065.507568359375,3994.04,3971.9755859375,4198.2019,4018.7415771484375,4096.12095
2025-06-25,2025-06-26,XGBoost,历史跨日比例,4065.507568359375,3994.04,4047.7922661154303,4198.2019,4056.6499172374024,4096.12095
2025-06-25,2025-06-26,XGBoost,目标时刻上周同期,4065.507568359375,3994.04,4194.048,4198.2019,4129.777784179687,4096.12095
2025-06-26,2025-06-27,XGBoost,XGBoost跨日边界,3502.91748046875,3163.47,3149.1484375,3270.9974,3326.032958984375,3217.2336999999998
2025-06-26,2025-06-27,XGBoost,历史跨日比例,3502.91748046875,3163.47,3487.653644192793,3270.9974,3495.2855623307714,3217.2336999999998
2025-06-26,2025-06-27,XGBoost,目标时刻上周同期,3502.91748046875,3163.47,3148.7339,3270.9974,3325.825690234375,3217.2336999999998
2025-06-27,2025-06-28,XGBoost,XGBoost跨日边界,3260.98779296875,2963.58,3229.428955078125,2818.117,3245.2083740234375,2890.8485
2025-06-27,2025-06-28,XGBoost,历史跨日比例,3260.98779296875,2963.58,3262.2887125200173,2818.117,3261.638252744384,2890.8485
2025-06-27,2025-06-28,XGBoost,目标时刻上周同期,3260.98779296875,2963.58,3087.9838,2818.117,3174.485796484375,2890.8485
2025-06-28,2025-06-29,XGBoost,XGBoost跨日边界,3727.546875,4151.9,3677.13623046875,4230.7194,3702.341552734375,4191.3097
2025-06-28,2025-06-29,XGBoost,历史跨日比例,3727.546875,4151.9,3746.944459159472,4230.7194,3737.245667079736,4191.3097
2025-06-28,2025-06-29,XGBoost,目标时刻上周同期,3727.546875,4151.9,4241.9529,4230.7194,3984.7498875,4191.3097
2025-06-29,2025-06-30,XGBoost,XGBoost跨日边界,3994.200927734375,3960.92,4021.578125,4056.9881,4007.8895263671875,4008.9540500000003
2025-06-29,2025-06-30,XGBoost,历史跨日比例,3994.200927734375,3960.92,3995.794351079836,4056.9881,3994.9976394071055,4008.9540500000003
2025-06-29,2025-06-30,XGBoost,目标时刻上周同期,3994.200927734375,3960.92,3863.9277,4056.9881,3929.0643138671876,4008.9540500000003
2025-06-30,2025-07-01,XGBoost,XGBoost跨日边界,3959.84326171875,4854.75,4019.07568359375,4919.4637,3989.45947265625,4887.10685
2025-06-30,2025-07-01,XGBoost,历史跨日比例,3959.84326171875,4854.75,3961.422978616259,4919.4637,3960.633120167505,4887.10685
2025-06-30,2025-07-01,XGBoost,目标时刻上周同期,3959.84326171875,4854.75,3968.5445,4919.4637,3964.193880859375,4887.10685
2025-07-01,2025-07-02,XGBoost,XGBoost跨日边界,4102.05517578125,4884.99,4014.7197265625,4768.584,4058.387451171875,4826.787
2025-07-01,2025-07-02,XGBoost,历史跨日比例,4102.05517578125,4884.99,4103.691625874702,4768.584,4102.873400827976,4826.787
2025-07-01,2025-07-02,XGBoost,目标时刻上周同期,4102.05517578125,4884.99,4049.8387,4768.584,4075.946937890625,4826.787
2025-07-02,2025-07-03,XGBoost,XGBoost跨日边界,4852.318359375,4679.87,3974.47265625,4951.8268,4413.3955078125,4815.8484
2025-07-02,2025-07-03,XGBoost,历史跨日比例,4852.318359375,4679.87,4854.254115110209,4951.8268,4853.286237242604,4815.8484
2025-07-02,2025-07-03,XGBoost,目标时刻上周同期,4852.318359375,4679.87,4198.2019,4951.8268,4525.2601296875,4815.8484
2025-07-03,2025-07-04,XGBoost,XGBoost跨日边界,3704.652587890625,3699.83,3423.67431640625,3704.5218,3564.1634521484375,3702.1759
2025-07-03,2025-07-04,XGBoost,历史跨日比例,3704.652587890625,3699.83,3706.1305005012246,3704.5218,3705.391544195925,3702.1759
2025-07-03,2025-07-04,XGBoost,目标时刻上周同期,3704.652587890625,3699.83,3270.9974,3704.5218,3487.8249939453126,3702.1759
2025-07-04,2025-07-05,XGBoost,XGBoost跨日边界,3203.71484375,3770.68,3288.511474609375,3762.87,3246.1131591796875,3766.7749999999996
2025-07-04,2025-07-05,XGBoost,历史跨日比例,3203.71484375,3770.68,3220.3864860897334,3762.87,3212.050664919867,3766.7749999999996
2025-07-04,2025-07-05,XGBoost,目标时刻上周同期,3203.71484375,3770.68,2818.117,3762.87,3010.915921875,3766.7749999999996
2025-07-05,2025-07-06,XGBoost,XGBoost跨日边界,4517.77685546875,4642.88,3881.197998046875,4669.9004,4199.4874267578125,4656.3902
2025-07-05,2025-07-06,XGBoost,历史跨日比例,4517.77685546875,4642.88,4541.561513100757,4669.9004,4529.669184284754,4656.3902
2025-07-05,2025-07-06,XGBoost,目标时刻上周同期,4517.77685546875,4642.88,4230.7194,4669.9004,4374.248127734375,4656.3902
2025-07-06,2025-07-07,XGBoost,XGBoost跨日边界,4736.17822265625,4792.23,4171.8330078125,4476.9606,4454.005615234375,4634.5953
2025-07-06,2025-07-07,XGBoost,历史跨日比例,4736.17822265625,4792.23,4741.896104784037,4476.9606,4739.037163720143,4634.5953
2025-07-06,2025-07-07,XGBoost,目标时刻上周同期,4736.17822265625,4792.23,4056.9881,4476.9606,4396.583161328125,4634.5953
2025-07-07,2025-07-08,XGBoost,XGBoost跨日边界,5104.2373046875,4733.08,4319.25634765625,4520.4376,4711.746826171875,4626.7588
2025-07-07,2025-07-08,XGBoost,历史跨日比例,5104.2373046875,4733.08,5122.326369832511,4520.4376,5113.281837260005,4626.7588
2025-07-07,2025-07-08,XGBoost,目标时刻上周同期,5104.2373046875,4733.08,4919.4637,4520.4376,5011.85050234375,4626.7588
2025-07-08,2025-07-09,XGBoost,XGBoost跨日边界,5014.97607421875,4685.77,4334.61181640625,4380.512,4674.7939453125,4533.141
2025-07-08,2025-07-09,XGBoost,历史跨日比例,5014.97607421875,4685.77,5032.748803716241,4380.512,5023.862438967495,4533.141
2025-07-08,2025-07-09,XGBoost,目标时刻上周同期,5014.97607421875,4685.77,4768.584,4380.512,4891.7800371093745,4533.141
2025-07-09,2025-07-10,XGBoost,XGBoost跨日边界,4850.21630859375,4491.3,4358.12060546875,4402.6303,4604.16845703125,4446.96515
2025-07-09,2025-07-10,XGBoost,历史跨日比例,4850.21630859375,4491.3,4856.071866354255,4402.6303,4853.144087474002,4446.96515
2025-07-09,2025-07-10,XGBoost,目标时刻上周同期,4850.21630859375,4491.3,4951.8268,4402.6303,4901.0215542968745,4446.96515
2025-07-10,2025-07-11,XGBoost,XGBoost跨日边界,4266.029296875,3449.51,3820.99951171875,3525.5937,4043.514404296875,3487.55185
2025-07-10,2025-07-11,XGBoost,历史跨日比例,4266.029296875,3449.51,4271.179578711213,3525.5937,4268.604437793107,3487.55185
2025-07-10,2025-07-11,XGBoost,目标时刻上周同期,4266.029296875,3449.51,3704.5218,3525.5937,3985.2755484375,3487.55185
2025-07-11,2025-07-12,XGBoost,XGBoost跨日边界,4096.6865234375,3986.55,3786.730224609375,3729.7402,3941.7083740234375,3858.1451
2025-07-11,2025-07-12,XGBoost,历史跨日比例,4096.6865234375,3986.55,4101.632361527683,3729.7402,4099.159442482592,3858.1451
2025-07-11,2025-07-12,XGBoost,目标时刻上周同期,4096.6865234375,3986.55,3762.87,3729.7402,3929.77826171875,3858.1451
2025-07-12,2025-07-13,XGBoost,XGBoost跨日边界,4584.03271484375,4570.87,4222.5341796875,4758.2793,4403.283447265625,4664.5746500000005
2025-07-12,2025-07-13,XGBoost,历史跨日比例,4584.03271484375,4570.87,4600.2782107828825,4758.2793,4592.155462813316,4664.5746500000005
2025-07-12,2025-07-13,XGBoost,目标时刻上周同期,4584.03271484375,4570.87,4669.9004,4758.2793,4626.966557421875,4664.5746500000005
2025-07-13,2025-07-14,XGBoost,XGBoost跨日边界,4647.51171875,4597.46,4170.98095703125,4604.889,4409.246337890625,4601.1745
2025-07-13,2025-07-14,XGBoost,历史跨日比例,4647.51171875,4597.46,4653.122555789071,4604.889,4650.317137269536,4601.1745
2025-07-13,2025-07-14,XGBoost,目标时刻上周同期,4647.51171875,4597.46,4476.9606,4604.889,4562.236159375,4601.1745
2025-07-14,2025-07-15,XGBoost,XGBoost跨日边界,4815.279296875,4709.36,4280.81884765625,4817.9952,4548.049072265625,4763.6776
2025-07-14,2025-07-15,XGBoost,历史跨日比例,4815.279296875,4709.36,4821.092675962002,4817.9952,4818.185986418501,4763.6776
2025-07-14,2025-07-15,XGBoost,目标时刻上周同期,4815.279296875,4709.36,4520.4376,4817.9952,4667.858448437501,4763.6776
2025-07-15,2025-07-16,XGBoost,XGBoost跨日边界,4855.26416015625,4568.4,4398.97900390625,4580.642,4627.12158203125,4574.521
2025-07-15,2025-07-16,XGBoost,历史跨日比例,4855.26416015625,4568.4,4861.125812075141,4580.642,4858.194986115695,4574.521
2025-07-15,2025-07-16,XGBoost,目标时刻上周同期,4855.26416015625,4568.4,4380.512,4580.642,4617.888080078124,4574.521
2025-07-16,2025-07-17,XGBoost,XGBoost跨日边界,4587.6630859375,4497.77,4386.00439453125,4707.5422,4486.833740234375,4602.6561
2025-07-16,2025-07-17,XGBoost,历史跨日比例,4587.6630859375,4497.77,4593.201669059627,4707.5422,4590.432377498564,4602.6561
2025-07-16,2025-07-17,XGBoost,目标时刻上周同期,4587.6630859375,4497.77,4402.6303,4707.5422,4495.14669296875,4602.6561
2025-07-17,2025-07-18,XGBoost,XGBoost跨日边界,4197.34716796875,3434.74,3392.123779296875,3382.1392,3794.7354736328125,3408.4395999999997
2025-07-17,2025-07-18,XGBoost,历史跨日比例,4197.34716796875,3434.74,4203.399752180564,3382.1392,4200.3734600746575,3408.4395999999997
2025-07-17,2025-07-18,XGBoost,目标时刻上周同期,4197.34716796875,3434.74,3525.5937,3382.1392,3861.4704339843747,3408.4395999999997
2025-07-18,2025-07-19,XGBoost,XGBoost跨日边界,4149.22705078125,3459.93,3934.437255859375,3593.6991,4041.8321533203125,3526.81455
2025-07-18,2025-07-19,XGBoost,历史跨日比例,4149.22705078125,3459.93,4155.210245674072,3593.6991,4152.218648227661,3526.81455
2025-07-18,2025-07-19,XGBoost,目标时刻上周同期,4149.22705078125,3459.93,3729.7402,3593.6991,3939.483625390625,3526.81455
2025-07-19,2025-07-20,XGBoost,XGBoost跨日边界,4487.10107421875,4868.06,4391.54443359375,4634.6083,4439.32275390625,4751.334150000001
2025-07-19,2025-07-20,XGBoost,历史跨日比例,4487.10107421875,4868.06,4493.571484225787,4634.6083,4490.336279222269,4751.334150000001
2025-07-19,2025-07-20,XGBoost,目标时刻上周同期,4487.10107421875,4868.06,4758.2793,4634.6083,4622.690187109375,4751.334150000001
2025-07-20,2025-07-21,XGBoost,XGBoost跨日边界,4646.49169921875,4557.42,4400.0546875,4539.4336,4523.273193359375,4548.4268
2025-07-20,2025-07-21,XGBoost,历史跨日比例,4646.49169921875,4557.42,4656.471445853588,4539.4336,4651.48157253617,4548.4268
2025-07-20,2025-07-21,XGBoost,目标时刻上周同期,4646.49169921875,4557.42,4604.889,4539.4336,4625.690349609375,4548.4268
2025-07-21,2025-07-22,XGBoost,XGBoost跨日边界,4577.57666015625,4710.71,4499.2724609375,4689.6304,4538.424560546875,4700.1702000000005
2025-07-21,2025-07-22,XGBoost,历史跨日比例,4577.57666015625,4710.71,4584.177536165046,4689.6304,4580.8770981606485,4700.1702000000005
2025-07-21,2025-07-22,XGBoost,目标时刻上周同期,4577.57666015625,4710.71,4817.9952,4689.6304,4697.785930078126,4700.1702000000005
2025-07-22,2025-07-23,XGBoost,XGBoost跨日边界,4624.01025390625,4562.35,4525.48828125,4496.2937,4574.749267578125,4529.32185
2025-07-22,2025-07-23,XGBoost,历史跨日比例,4624.01025390625,4562.35,4630.678087263385,4496.2937,4627.344170584818,4529.32185
2025-07-22,2025-07-23,XGBoost,目标时刻上周同期,4624.01025390625,4562.35,4580.642,4496.2937,4602.326126953125,4529.32185
2025-07-23,2025-07-24,XGBoost,XGBoost跨日边界,4583.6103515625,4702.25,4459.84326171875,4670.0358,4521.726806640625,4686.1429
2025-07-23,2025-07-24,XGBoost,历史跨日比例,4583.6103515625,4702.25,4590.219928168097,4670.0358,4586.915139865298,4686.1429
2025-07-23,2025-07-24,XGBoost,目标时刻上周同期,4583.6103515625,4702.25,4707.5422,4670.0358,4645.57627578125,4686.1429
2025-07-24,2025-07-25,XGBoost,XGBoost跨日边界,3716.971435546875,3546.94,3960.83740234375,3514.0294,3838.9044189453125,3530.4847
2025-07-24,2025-07-25,XGBoost,历史跨日比例,3716.971435546875,3546.94,3722.3313168543445,3514.0294,3719.65137620061,3530.4847
2025-07-24,2025-07-25,XGBoost,目标时刻上周同期,3716.971435546875,3546.94,3382.1392,3514.0294,3549.5553177734373,3530.4847
2025-07-25,2025-07-26,XGBoost,XGBoost跨日边界,3772.951416015625,3726.98,3880.64208984375,3483.731,3826.7967529296875,3605.3555
2025-07-25,2025-07-26,XGBoost,历史跨日比例,3772.951416015625,3726.98,3771.436326770928,3483.731,3772.193871393277,3605.3555
2025-07-25,2025-07-26,XGBoost,目标时刻上周同期,3772.951416015625,3726.98,3593.6991,3483.731,3683.3252580078124,3605.3555
2025-07-26,2025-07-27,XGBoost,XGBoost跨日边界,4540.3251953125,4651.52,4345.876953125,4637.2981,4443.10107421875,4644.40905
2025-07-26,2025-07-27,XGBoost,历史跨日比例,4540.3251953125,4651.52,4526.663666984999,4637.2981,4533.494431148749,4644.40905
2025-07-26,2025-07-27,XGBoost,目标时刻上周同期,4540.3251953125,4651.52,4634.6083,4637.2981,4587.46674765625,4644.40905
2025-07-27,2025-07-28,XGBoost,XGBoost跨日边界,4660.57666015625,4709.99,4464.6533203125,4756.7387,4562.614990234375,4733.36435
2025-07-27,2025-07-28,XGBoost,历史跨日比例,4660.57666015625,4709.99,4646.553303386354,4756.7387,4653.564981771302,4733.36435
2025-07-27,2025-07-28,XGBoost,目标时刻上周同期,4660.57666015625,4709.99,4539.4336,4756.7387,4600.005130078125,4733.36435
2025-07-28,2025-07-29,XGBoost,XGBoost跨日边界,4702.3046875,4539.14,4617.63232421875,4401.1163,4659.968505859375,4470.1281500000005
2025-07-28,2025-07-29,XGBoost,历史跨日比例,4702.3046875,4539.14,4685.836998752679,4401.1163,4694.070843126339,4470.1281500000005
2025-07-28,2025-07-29,XGBoost,目标时刻上周同期,4702.3046875,4539.14,4689.6304,4401.1163,4695.96754375,4470.1281500000005
2025-07-29,2025-07-30,XGBoost,XGBoost跨日边界,4592.6552734375,4608.11,4491.58935546875,4522.7091,4542.122314453125,4565.40955
2025-07-29,2025-07-30,XGBoost,历史跨日比例,4592.6552734375,4608.11,4576.571582015344,4522.7091,4584.613427726422,4565.40955
2025-07-29,2025-07-30,XGBoost,目标时刻上周同期,4592.6552734375,4608.11,4496.2937,4522.7091,4544.47448671875,4565.40955
2025-07-30,2025-07-31,XGBoost,XGBoost跨日边界,4655.0869140625,4488.13,4420.70654296875,4224.8986,4537.896728515625,4356.514300000001
2025-07-30,2025-07-31,XGBoost,历史跨日比例,4655.0869140625,4488.13,4635.485638787822,4224.8986,4645.28627642516,4356.514300000001
2025-07-30,2025-07-31,XGBoost,目标时刻上周同期,4655.0869140625,4488.13,4670.0358,4224.8986,4662.56135703125,4356.514300000001
2025-07-31,2025-08-01,XGBoost,XGBoost跨日边界,3700.591064453125,3594.79,3278.56103515625,3530.3421,3489.5760498046875,3562.56605
2025-07-31,2025-08-01,XGBoost,历史跨日比例,3700.591064453125,3594.79,3685.0089055219487,3530.3421,3692.799984987537,3562.56605
2025-07-31,2025-08-01,XGBoost,目标时刻上周同期,3700.591064453125,3594.79,3514.0294,3530.3421,3607.310232226562,3562.56605
2025-08-01,2025-08-02,XGBoost,XGBoost跨日边界,3573.660888671875,3442.75,2813.405029296875,3486.4692,3193.532958984375,3464.6096
2025-08-01,2025-08-02,XGBoost,历史跨日比例,3573.660888671875,3442.75,3553.4239084456844,3486.4692,3563.5423985587795,3464.6096
2025-08-01,2025-08-02,XGBoost,目标时刻上周同期,3573.660888671875,3442.75,3483.731,3486.4692,3528.6959443359374,3464.6096
2025-08-02,2025-08-03,XGBoost,XGBoost跨日边界,4457.080078125,4897.42,4019.92822265625,4594.9993,4238.504150390625,4746.209650000001
2025-08-02,2025-08-03,XGBoost,历史跨日比例,4457.080078125,4897.42,4421.135075790102,4594.9993,4439.107576957551,4746.209650000001
2025-08-02,2025-08-03,XGBoost,目标时刻上周同期,4457.080078125,4897.42,4637.2981,4594.9993,4547.1890890625,4746.209650000001
2025-08-03,2025-08-04,XGBoost,XGBoost跨日边界,4562.94921875,4543.75,4252.775390625,4609.4219,4407.8623046875,4576.585950000001
2025-08-03,2025-08-04,XGBoost,历史跨日比例,4562.94921875,4543.75,4526.150413826803,4609.4219,4544.549816288401,4576.585950000001
2025-08-03,2025-08-04,XGBoost,目标时刻上周同期,4562.94921875,4543.75,4756.7387,4609.4219,4659.843959375,4576.585950000001
2025-08-04,2025-08-05,XGBoost,XGBoost跨日边界,4588.4208984375,4826.46,4415.1953125,4596.5473,4501.80810546875,4711.503650000001
2025-08-04,2025-08-05,XGBoost,历史跨日比例,4588.4208984375,4826.46,4533.916976955529,4596.5473,4561.168937696515,4711.503650000001
2025-08-04,2025-08-05,XGBoost,目标时刻上周同期,4588.4208984375,4826.46,4401.1163,4596.5473,4494.76859921875,4711.503650000001
2025-08-05,2025-08-06,XGBoost,XGBoost跨日边界,4603.53466796875,4470.25,4116.09375,4452.4079,4359.814208984375,4461.32895
2025-08-05,2025-08-06,XGBoost,历史跨日比例,4603.53466796875,4470.25,4566.4085536767825,4452.4079,4584.971610822766,4461.32895
2025-08-05,2025-08-06,XGBoost,目标时刻上周同期,4603.53466796875,4470.25,4522.7091,4452.4079,4563.121883984375,4461.32895
2025-08-06,2025-08-07,XGBoost,XGBoost跨日边界,4520.70654296875,4942.6,4389.44580078125,4691.5278,4455.076171875,4817.0639
2025-08-06,2025-08-07,XGBoost,历史跨日比例,4520.70654296875,4942.6,4484.248412445154,4691.5278,4502.477477706952,4817.0639
2025-08-06,2025-08-07,XGBoost,目标时刻上周同期,4520.70654296875,4942.6,4224.8986,4691.5278,4372.802571484375,4817.0639
2025-08-07,2025-08-08,XGBoost,XGBoost跨日边界,3706.4111328125,3557.18,3932.907470703125,3419.152,3819.6593017578125,3488.166
2025-08-07,2025-08-08,XGBoost,历史跨日比例,3706.4111328125,3557.18,3685.4224125221604,3419.152,3695.9167726673304,3488.166
2025-08-07,2025-08-08,XGBoost,目标时刻上周同期,3706.4111328125,3557.18,3530.3421,3419.152,3618.37661640625,3488.166
2025-08-08,2025-08-09,XGBoost,XGBoost跨日边界,3487.8125,3396.62,3735.450439453125,3505.5667,3611.6314697265625,3451.09335
2025-08-08,2025-08-09,XGBoost,历史跨日比例,3487.8125,3396.62,3468.061663310682,3505.5667,3477.937081655341,3451.09335
2025-08-08,2025-08-09,XGBoost,目标时刻上周同期,3487.8125,3396.62,3486.4692,3505.5667,3487.14085,3451.09335
2025-08-09,2025-08-10,XGBoost,XGBoost跨日边界,4622.94580078125,4587.96,4289.57763671875,4538.6607,4456.26171875,4563.31035
2025-08-09,2025-08-10,XGBoost,历史跨日比例,4622.94580078125,4587.96,4585.663141576012,4538.6607,4604.3044711786315,4563.31035
2025-08-09,2025-08-10,XGBoost,目标时刻上周同期,4622.94580078125,4587.96,4594.9993,4538.6607,4608.972550390625,4563.31035
2025-08-10,2025-08-11,XGBoost,XGBoost跨日边界,4699.4072265625,4601.04,4360.41455078125,4481.4443,4529.910888671875,4541.24215
2025-08-10,2025-08-11,XGBoost,历史跨日比例,4699.4072265625,4601.04,4672.795353169525,4481.4443,4686.101289866012,4541.24215
2025-08-10,2025-08-11,XGBoost,目标时刻上周同期,4699.4072265625,4601.04,4609.4219,4481.4443,4654.414563281251,4541.24215
2025-08-11,2025-08-12,XGBoost,XGBoost跨日边界,4644.130859375,4606.35,4473.05517578125,4672.9262,4558.593017578125,4639.6381
2025-08-11,2025-08-12,XGBoost,历史跨日比例,4644.130859375,4606.35,4606.6773490817695,4672.9262,4625.404104228384,4639.6381
2025-08-11,2025-08-12,XGBoost,目标时刻上周同期,4644.130859375,4606.35,4596.5473,4672.9262,4620.3390796875,4639.6381
2025-08-12,2025-08-13,XGBoost,XGBoost跨日边界,4590.27490234375,4334.86,4372.2021484375,4343.1271,4481.238525390625,4338.993549999999
2025-08-12,2025-08-13,XGBoost,历史跨日比例,4590.27490234375,4334.86,4544.31717701018,4343.1271,4567.296039676965,4338.993549999999
2025-08-12,2025-08-13,XGBoost,目标时刻上周同期,4590.27490234375,4334.86,4452.4079,4343.1271,4521.341401171875,4338.993549999999
2025-08-13,2025-08-14,XGBoost,XGBoost跨日边界,4611.85302734375,4542.77,4419.1982421875,4515.6238,4515.525634765625,4529.196900000001
2025-08-13,2025-08-14,XGBoost,历史跨日比例,4611.85302734375,4542.77,4565.679262325616,4515.6238,4588.766144834683,4529.196900000001
2025-08-13,2025-08-14,XGBoost,目标时刻上周同期,4611.85302734375,4542.77,4691.5278,4515.6238,4651.690413671875,4529.196900000001
2025-08-14,2025-08-15,XGBoost,XGBoost跨日边界,3660.422119140625,3611.73,3339.49853515625,3422.419,3499.9603271484375,3517.0744999999997
2025-08-14,2025-08-15,XGBoost,历史跨日比例,3660.422119140625,3611.73,3623.774058199766,3422.419,3642.0980886701955,3517.0744999999997
2025-08-14,2025-08-15,XGBoost,目标时刻上周同期,3660.422119140625,3611.73,3419.152,3422.419,3539.7870595703125,3517.0744999999997
2025-08-15,2025-08-16,XGBoost,XGBoost跨日边界,3404.55908203125,3734.16,3685.313720703125,3630.9189,3544.9364013671875,3682.53945
2025-08-15,2025-08-16,XGBoost,历史跨日比例,3404.55908203125,3734.16,3370.472715854354,3630.9189,3387.515898942802,3682.53945
2025-08-15,2025-08-16,XGBoost,目标时刻上周同期,3404.55908203125,3734.16,3505.5667,3630.9189,3455.0628910156247,3682.53945
2025-08-16,2025-08-17,XGBoost,XGBoost跨日边界,4524.451171875,4378.15,4353.95361328125,4387.5695,4439.202392578125,4382.85975
2025-08-16,2025-08-17,XGBoost,历史跨日比例,4524.451171875,4378.15,4479.152472196684,4387.5695,4501.801822035843,4382.85975
2025-08-16,2025-08-17,XGBoost,目标时刻上周同期,4524.451171875,4378.15,4538.6607,4387.5695,4531.5559359375,4382.85975
2025-08-17,2025-08-18,XGBoost,XGBoost跨日边界,4483.2880859375,4767.18,4451.828125,4777.8417,4467.55810546875,4772.510850000001
2025-08-17,2025-08-18,XGBoost,历史跨日比例,4483.2880859375,4767.18,4426.745006538885,4777.8417,4455.016546238192,4772.510850000001
2025-08-17,2025-08-18,XGBoost,目标时刻上周同期,4483.2880859375,4767.18,4481.4443,4777.8417,4482.36619296875,4772.510850000001
2025-08-18,2025-08-19,XGBoost,XGBoost跨日边界,4575.1630859375,4537.73,4537.84521484375,4590.2835,4556.504150390625,4564.00675
2025-08-18,2025-08-19,XGBoost,历史跨日比例,4575.1630859375,4537.73,4529.356659757568,4590.2835,4552.259872847534,4564.00675
2025-08-18,2025-08-19,XGBoost,目标时刻上周同期,4575.1630859375,4537.73,4672.9262,4590.2835,4624.04464296875,4564.00675
2025-08-19,2025-08-20,XGBoost,XGBoost跨日边界,4446.93212890625,4353.64,4462.201171875,4275.3889,4454.566650390625,4314.514450000001
2025-08-19,2025-08-20,XGBoost,历史跨日比例,4446.93212890625,4353.64,4402.409548079348,4275.3889,4424.670838492799,4314.514450000001
2025-08-19,2025-08-20,XGBoost,目标时刻上周同期,4446.93212890625,4353.64,4343.1271,4275.3889,4395.029614453125,4314.514450000001
2025-08-20,2025-08-21,XGBoost,XGBoost跨日边界,4542.8525390625,4657.6,4448.33740234375,4642.2613,4495.594970703125,4649.93065
2025-08-20,2025-08-21,XGBoost,历史跨日比例,4542.8525390625,4657.6,4497.369605324796,4642.2613,4520.1110721936475,4649.93065
2025-08-20,2025-08-21,XGBoost,目标时刻上周同期,4542.8525390625,4657.6,4515.6238,4642.2613,4529.238169531251,4649.93065
2025-08-21,2025-08-22,XGBoost,XGBoost跨日边界,3662.232177734375,3671.71,3861.23486328125,3300.8077,3761.7335205078125,3486.25885
2025-08-21,2025-08-22,XGBoost,历史跨日比例,3662.232177734375,3671.71,3625.5659945290636,3300.8077,3643.8990861317193,3486.25885
2025-08-21,2025-08-22,XGBoost,目标时刻上周同期,3662.232177734375,3671.71,3422.419,3300.8077,3542.3255888671874,3486.25885
2025-08-22,2025-08-23,XGBoost,XGBoost跨日边界,3463.89306640625,3335.89,3685.87890625,3471.19,3574.885986328125,3403.54
2025-08-22,2025-08-23,XGBoost,历史跨日比例,3463.89306640625,3335.89,3429.2126497607296,3471.19,3446.55285808349,3403.54
2025-08-22,2025-08-23,XGBoost,目标时刻上周同期,3463.89306640625,3335.89,3630.9189,3471.19,3547.4059832031253,3403.54
2025-08-23,2025-08-24,XGBoost,XGBoost跨日边界,4373.390625,4417.68,4222.529296875,4521.0545,4297.9599609375,4469.36725
2025-08-23,2025-08-24,XGBoost,历史跨日比例,4373.390625,4417.68,4310.690407334894,4521.0545,4342.040516167447,4469.36725
2025-08-23,2025-08-24,XGBoost,目标时刻上周同期,4373.390625,4417.68,4387.5695,4521.0545,4380.4800625,4469.36725
2025-08-24,2025-08-25,XGBoost,XGBoost跨日边界,4546.62841796875,4473.7,4303.57666015625,4382.9847,4425.1025390625,4428.34235
2025-08-24,2025-08-25,XGBoost,历史跨日比例,4546.62841796875,4473.7,4508.616201053486,4382.9847,4527.622309511118,4428.34235
2025-08-24,2025-08-25,XGBoost,目标时刻上周同期,4546.62841796875,4473.7,4777.8417,4382.9847,4662.235058984375,4428.34235
2025-08-25,2025-08-26,XGBoost,XGBoost跨日边界,4529.56982421875,4457.03,4459.1015625,4423.7554,4494.335693359375,4440.3927
2025-08-25,2025-08-26,XGBoost,历史跨日比例,4529.56982421875,4457.03,4491.700226164384,4423.7554,4510.6350251915665,4440.3927
2025-08-25,2025-08-26,XGBoost,目标时刻上周同期,4529.56982421875,4457.03,4590.2835,4423.7554,4559.926662109375,4440.3927
2025-08-26,2025-08-27,XGBoost,XGBoost跨日边界,4387.5322265625,4290.57,4347.18359375,4399.382,4367.35791015625,4344.976
2025-08-26,2025-08-27,XGBoost,历史跨日比例,4387.5322265625,4290.57,4324.629264260079,4399.382,4356.080745411289,4344.976
2025-08-26,2025-08-27,XGBoost,目标时刻上周同期,4387.5322265625,4290.57,4275.3889,4399.382,4331.46056328125,4344.976
2025-08-27,2025-08-28,XGBoost,XGBoost跨日边界,4526.3095703125,4490.53,4069.662109375,4217.8767,4297.98583984375,4354.20335
2025-08-27,2025-08-28,XGBoost,历史跨日比例,4526.3095703125,4490.53,4485.095240155084,4217.8767,4505.702405233792,4354.20335
2025-08-27,2025-08-28,XGBoost,目标时刻上周同期,4526.3095703125,4490.53,4642.2613,4217.8767,4584.28543515625,4354.20335
2025-08-28,2025-08-29,XGBoost,XGBoost跨日边界,3733.232177734375,3180.9,3774.587890625,3367.9563,3753.9100341796875,3274.4281499999997
2025-08-28,2025-08-29,XGBoost,历史跨日比例,3733.232177734375,3180.9,3708.1423610753714,3367.9563,3720.6872694048734,3274.4281499999997
2025-08-28,2025-08-29,XGBoost,目标时刻上周同期,3733.232177734375,3180.9,3300.8077,3367.9563,3517.019938867187,3274.4281499999997
2025-08-29,2025-08-30,XGBoost,XGBoost跨日边界,3449.702880859375,3318.2,3096.56640625,3629.6725,3273.1346435546875,3473.9362499999997
2025-08-29,2025-08-30,XGBoost,历史跨日比例,3449.702880859375,3318.2,3426.518570672344,3629.6725,3438.1107257658596,3473.9362499999997
2025-08-29,2025-08-30,XGBoost,目标时刻上周同期,3449.702880859375,3318.2,3471.19,3629.6725,3460.4464404296878,3473.9362499999997
2025-08-30,2025-08-31,XGBoost,XGBoost跨日边界,4274.9365234375,4431.84,4345.54833984375,4238.8191,4310.242431640625,4335.32955
2025-08-30,2025-08-31,XGBoost,历史跨日比例,4274.9365234375,4431.84,4253.632395932475,4238.8191,4264.284459684988,4335.32955
2025-08-30,2025-08-31,XGBoost,目标时刻上周同期,4274.9365234375,4431.84,4521.0545,4238.8191,4397.99551171875,4335.32955
2025-08-31,2025-09-01,XGBoost,XGBoost跨日边界,4493.22802734375,3703.89,4462.0478515625,3677.7838,4477.637939453125,3690.8369000000002
2025-08-31,2025-09-01,XGBoost,历史跨日比例,4493.22802734375,3703.89,4470.836045081822,3677.7838,4482.032036212786,3690.8369000000002
2025-08-31,2025-09-01,XGBoost,目标时刻上周同期,4493.22802734375,3703.89,4382.9847,3677.7838,4438.106363671875,3690.8369000000002
2025-09-01,2025-09-02,XGBoost,XGBoost跨日边界,4304.5810546875,3529.51,4509.73974609375,3932.3259,4407.160400390625,3730.91795
2025-09-01,2025-09-02,XGBoost,历史跨日比例,4304.5810546875,3529.51,4283.129193790385,3932.3259,4293.855124238942,3730.91795
2025-09-01,2025-09-02,XGBoost,目标时刻上周同期,4304.5810546875,3529.51,4423.7554,3932.3259,4364.16822734375,3730.91795
2025-09-02,2025-09-03,XGBoost,XGBoost跨日边界,3621.939453125,3375.82,4243.64794921875,3797.799,3932.793701171875,3586.8095000000003
2025-09-02,2025-09-03,XGBoost,历史跨日比例,3621.939453125,3375.82,3598.3533603816522,3797.799,3610.146406753326,3586.8095000000003
2025-09-02,2025-09-03,XGBoost,目标时刻上周同期,3621.939453125,3375.82,4399.382,3797.799,4010.6607265625,3586.8095000000003
2025-09-03,2025-09-04,XGBoost,XGBoost跨日边界,3694.45361328125,3330.51,4157.4599609375,3370.3237,3925.956787109375,3350.41685
2025-09-03,2025-09-04,XGBoost,历史跨日比例,3694.45361328125,3330.51,3676.042319825259,3370.3237,3685.2479665532546,3350.41685
2025-09-03,2025-09-04,XGBoost,目标时刻上周同期,3694.45361328125,3330.51,4217.8767,3370.3237,3956.165156640625,3350.41685
2025-09-04,2025-09-05,XGBoost,XGBoost跨日边界,3380.987548828125,3007.25,3595.77001953125,2690.1853,3488.3787841796875,2848.71765
2025-09-04,2025-09-05,XGBoost,历史跨日比例,3380.987548828125,3007.25,3365.318436636333,2690.1853,3373.152992732229,2848.71765
2025-09-04,2025-09-05,XGBoost,目标时刻上周同期,3380.987548828125,3007.25,3367.9563,2690.1853,3374.4719244140624,2848.71765
2025-09-05,2025-09-06,XGBoost,XGBoost跨日边界,3296.38818359375,2808.45,2808.6416015625,2474.0124,3052.514892578125,2641.2312
2025-09-05,2025-09-06,XGBoost,历史跨日比例,3296.38818359375,2808.45,3294.103552192792,2474.0124,3295.2458678932708,2641.2312
2025-09-05,2025-09-06,XGBoost,目标时刻上周同期,3296.38818359375,2808.45,3629.6725,2474.0124,3463.0303417968753,2641.2312
2025-09-06,2025-09-07,XGBoost,XGBoost跨日边界,3383.7314453125,3640.08,3551.96337890625,3652.0537,3467.847412109375,3646.06685
2025-09-06,2025-09-07,XGBoost,历史跨日比例,3383.7314453125,3640.08,3381.3862788206275,3652.0537,3382.558862066564,3646.06685
2025-09-06,2025-09-07,XGBoost,目标时刻上周同期,3383.7314453125,3640.08,4238.8191,3652.0537,3811.27527265625,3646.06685
2025-09-07,2025-09-08,XGBoost,XGBoost跨日边界,3385.2470703125,3703.71,3658.6103515625,3604.1048,3521.9287109375,3653.9074
2025-09-07,2025-09-08,XGBoost,历史跨日比例,3385.2470703125,3703.71,3369.5582174623773,3604.1048,3377.402643887439,3653.9074
2025-09-07,2025-09-08,XGBoost,目标时刻上周同期,3385.2470703125,3703.71,3677.7838,3604.1048,3531.51543515625,3653.9074
2025-09-08,2025-09-09,XGBoost,XGBoost跨日边界,3299.029296875,4013.84,3547.9453125,3714.8929,3423.4873046875,3864.36645
2025-09-08,2025-09-09,XGBoost,历史跨日比例,3299.029296875,4013.84,3296.7428349947418,3714.8929,3297.886065934871,3864.36645
2025-09-08,2025-09-09,XGBoost,目标时刻上周同期,3299.029296875,4013.84,3932.3259,3714.8929,3615.6775984375,3864.36645
2025-09-09,2025-09-10,XGBoost,XGBoost跨日边界,3524.395263671875,3743.76,3539.6181640625,3524.9649,3532.0067138671875,3634.36245
2025-09-09,2025-09-10,XGBoost,历史跨日比例,3524.395263671875,3743.76,3521.9526071519763,3524.9649,3523.1739354119254,3634.36245
2025-09-09,2025-09-10,XGBoost,目标时刻上周同期,3524.395263671875,3743.76,3797.799,3524.9649,3661.0971318359375,3634.36245
2025-09-10,2025-09-11,XGBoost,XGBoost跨日边界,3498.7685546875,3659.13,3616.5908203125,3740.1711,3557.6796875,3699.6505500000003
2025-09-10,2025-09-11,XGBoost,历史跨日比例,3498.7685546875,3659.13,3482.553589022952,3740.1711,3490.661071855226,3699.6505500000003
2025-09-10,2025-09-11,XGBoost,目标时刻上周同期,3498.7685546875,3659.13,3370.3237,3740.1711,3434.54612734375,3699.6505500000003
2025-09-11,2025-09-12,XGBoost,XGBoost跨日边界,2773.839111328125,2749.74,2577.552001953125,2479.1911,2675.695556640625,2614.46555
2025-09-11,2025-09-12,XGBoost,历史跨日比例,2773.839111328125,2749.74,2755.7758534019154,2479.1911,2764.8074823650204,2614.46555
2025-09-11,2025-09-12,XGBoost,目标时刻上周同期,2773.839111328125,2749.74,2690.1853,2479.1911,2732.0122056640625,2614.46555
2025-09-12,2025-09-13,XGBoost,XGBoost跨日边界,2496.575927734375,2468.61,2682.70556640625,2742.98,2589.6407470703125,2605.795
2025-09-12,2025-09-13,XGBoost,历史跨日比例,2496.575927734375,2468.61,2483.6666552790175,2742.98,2490.1212915066963,2605.795
2025-09-12,2025-09-13,XGBoost,目标时刻上周同期,2496.575927734375,2468.61,2474.0124,2742.98,2485.2941638671873,2605.795
2025-09-13,2025-09-14,XGBoost,XGBoost跨日边界,3486.246826171875,3451.6,3601.817138671875,3800.2617,3544.031982421875,3625.9308499999997
2025-09-13,2025-09-14,XGBoost,历史跨日比例,3486.246826171875,3451.6,3468.220172295372,3800.2617,3477.2334992336237,3625.9308499999997
2025-09-13,2025-09-14,XGBoost,目标时刻上周同期,3486.246826171875,3451.6,3652.0537,3800.2617,3569.1502630859377,3625.9308499999997
2025-09-14,2025-09-15,XGBoost,XGBoost跨日边界,3428.434326171875,3623.68,3666.816650390625,3801.302,3547.62548828125,3712.491
2025-09-14,2025-09-15,XGBoost,历史跨日比例,3428.434326171875,3623.68,3426.4770619538886,3801.302,3427.455694062882,3712.491
2025-09-14,2025-09-15,XGBoost,目标时刻上周同期,3428.434326171875,3623.68,3604.1048,3801.302,3516.2695630859375,3712.491
2025-09-15,2025-09-16,XGBoost,XGBoost跨日边界,3404.1982421875,3606.04,3607.283203125,3937.1458,3505.74072265625,3771.5928999999996
2025-09-15,2025-09-16,XGBoost,历史跨日比例,3404.1982421875,3606.04,3402.399492437656,3937.1458,3403.2988673125783,3771.5928999999996
2025-09-15,2025-09-16,XGBoost,目标时刻上周同期,3404.1982421875,3606.04,3714.8929,3937.1458,3559.54557109375,3771.5928999999996
2025-09-16,2025-09-17,XGBoost,XGBoost跨日边界,3450.195556640625,3923.31,3532.1103515625,3707.9525,3491.1529541015625,3815.63125
2025-09-16,2025-09-17,XGBoost,历史跨日比例,3450.195556640625,3923.31,3450.188903115867,3707.9525,3450.192229878246,3815.63125
2025-09-16,2025-09-17,XGBoost,目标时刻上周同期,3450.195556640625,3923.31,3524.9649,3707.9525,3487.5802283203125,3815.63125
2025-09-17,2025-09-18,XGBoost,XGBoost跨日边界,3434.05859375,3771.92,3677.860107421875,3671.7874,3555.9593505859375,3721.8537
2025-09-17,2025-09-18,XGBoost,历史跨日比例,3434.05859375,3771.92,3434.051971344545,3671.7874,3434.0552825472723,3721.8537
2025-09-17,2025-09-18,XGBoost,目标时刻上周同期,3434.05859375,3771.92,3740.1711,3671.7874,3587.114846875,3721.8537
2025-09-18,2025-09-19,XGBoost,XGBoost跨日边界,2887.8662109375,2563.14,2711.01953125,2350.1762,2799.44287109375,2456.6580999999996
2025-09-18,2025-09-19,XGBoost,历史跨日比例,2887.8662109375,2563.14,2887.860641835976,2350.1762,2887.863426386738,2456.6580999999996
2025-09-18,2025-09-19,XGBoost,目标时刻上周同期,2887.8662109375,2563.14,2479.1911,2350.1762,2683.52865546875,2456.6580999999996
2025-09-19,2025-09-20,XGBoost,XGBoost跨日边界,2591.09619140625,2596.53,2710.84375,2811.8104,2650.969970703125,2704.1702
2025-09-19,2025-09-20,XGBoost,历史跨日比例,2591.09619140625,2596.53,2586.226337865651,2811.8104,2588.661264635951,2704.1702
2025-09-19,2025-09-20,XGBoost,目标时刻上周同期,2591.09619140625,2596.53,2742.98,2811.8104,2667.038095703125,2704.1702
2025-09-20,2025-09-21,XGBoost,XGBoost跨日边界,3287.693115234375,3589.43,3666.358642578125,3447.8751,3477.02587890625,3518.65255
2025-09-20,2025-09-21,XGBoost,历史跨日比例,3287.693115234375,3589.43,3281.5140378189058,3447.8751,3284.6035765266406,3518.65255
2025-09-20,2025-09-21,XGBoost,目标时刻上周同期,3287.693115234375,3589.43,3800.2617,3447.8751,3543.9774076171875,3518.65255
2025-09-21,2025-09-22,XGBoost,XGBoost跨日边界,3584.77734375,3477.72,3756.42431640625,3850.0398,3670.600830078125,3663.8799
2025-09-21,2025-09-22,XGBoost,历史跨日比例,3584.77734375,3477.72,3578.039909339954,3850.0398,3581.408626544977,3663.8799
2025-09-21,2025-09-22,XGBoost,目标时刻上周同期,3584.77734375,3477.72,3801.302,3850.0398,3693.039671875,3663.8799
2025-09-22,2025-09-23,XGBoost,XGBoost跨日边界,3664.060546875,3425.14,3651.425048828125,3421.106,3657.7427978515625,3423.123
2025-09-22,2025-09-23,XGBoost,历史跨日比例,3664.060546875,3425.14,3637.4705261142017,3421.106,3650.765536494601,3423.123
2025-09-22,2025-09-23,XGBoost,目标时刻上周同期,3664.060546875,3425.14,3937.1458,3421.106,3800.6031734375,3423.123
2025-09-23,2025-09-24,XGBoost,XGBoost跨日边界,3612.387939453125,3147.61,3592.162353515625,3465.0342,3602.275146484375,3306.3221000000003
2025-09-23,2025-09-24,XGBoost,历史跨日比例,3612.387939453125,3147.61,3605.59861211927,3465.0342,3608.9932757861975,3306.3221000000003
2025-09-23,2025-09-24,XGBoost,目标时刻上周同期,3612.387939453125,3147.61,3707.9525,3465.0342,3660.170219726562,3306.3221000000003
2025-09-24,2025-09-25,XGBoost,XGBoost跨日边界,3547.401123046875,3644.49,3502.253662109375,3391.3943,3524.827392578125,3517.94215
2025-09-24,2025-09-25,XGBoost,历史跨日比例,3547.401123046875,3644.49,3551.1465465754477,3391.3943,3549.2738348111616,3517.94215
2025-09-24,2025-09-25,XGBoost,目标时刻上周同期,3547.401123046875,3644.49,3671.7874,3391.3943,3609.5942615234376,3517.94215
2025-09-25,2025-09-26,XGBoost,XGBoost跨日边界,2648.98583984375,2744.5,2968.234619140625,2417.315,2808.6102294921875,2580.9075000000003
2025-09-25,2025-09-26,XGBoost,历史跨日比例,2648.98583984375,2744.5,2651.782696908193,2417.315,2650.3842683759713,2580.9075000000003
2025-09-25,2025-09-26,XGBoost,目标时刻上周同期,2648.98583984375,2744.5,2350.1762,2417.315,2499.581019921875,2580.9075000000003
2025-09-26,2025-09-27,XGBoost,XGBoost跨日边界,2569.34814453125,2539.44,3025.14501953125,2487.2597,2797.24658203125,2513.34985
2025-09-26,2025-09-27,XGBoost,历史跨日比例,2569.34814453125,2539.44,2572.060918378871,2487.2597,2570.7045314550605,2513.34985
2025-09-26,2025-09-27,XGBoost,目标时刻上周同期,2569.34814453125,2539.44,2811.8104,2487.2597,2690.579272265625,2513.34985
2025-09-27,2025-09-28,XGBoost,XGBoost跨日边界,3371.33056640625,3562.79,3491.252685546875,3592.91,3431.2916259765625,3577.85
2025-09-27,2025-09-28,XGBoost,历史跨日比例,3371.33056640625,3562.79,3357.46414632667,3592.91,3364.39735636646,3577.85
2025-09-27,2025-09-28,XGBoost,目标时刻上周同期,3371.33056640625,3562.79,3447.8751,3592.91,3409.602833203125,3577.85
2025-09-28,2025-09-29,XGBoost,XGBoost跨日边界,3554.3935546875,3776.89,3582.75048828125,3623.5154,3568.572021484375,3700.2027
2025-09-28,2025-09-29,XGBoost,历史跨日比例,3554.3935546875,3776.89,3505.3495438253835,3623.5154,3529.8715492564415,3700.2027
2025-09-28,2025-09-29,XGBoost,目标时刻上周同期,3554.3935546875,3776.89,3850.0398,3623.5154,3702.2166773437502,3700.2027
2025-09-29,2025-09-30,XGBoost,XGBoost跨日边界,3560.67529296875,3948.16,3538.240478515625,3819.9704,3549.4578857421875,3884.0652
2025-09-29,2025-09-30,XGBoost,历史跨日比例,3560.67529296875,3948.16,3546.030090308627,3819.9704,3553.3526916386886,3884.0652
2025-09-29,2025-09-30,XGBoost,目标时刻上周同期,3560.67529296875,3948.16,3421.106,3819.9704,3490.890646484375,3884.0652
2025-09-30,2025-10-01,XGBoost,XGBoost跨日边界,3581.236328125,3400.52,3412.530029296875,3336.4792,3496.8831787109375,3368.4996
2025-09-30,2025-10-01,XGBoost,历史跨日比例,3581.236328125,3400.52,3542.3338636855824,3336.4792,3561.785095905291,3368.4996
2025-09-30,2025-10-01,XGBoost,目标时刻上周同期,3581.236328125,3400.52,3465.0342,3336.4792,3523.1352640625,3368.4996
2025-10-01,2025-10-02,XGBoost,XGBoost跨日边界,3586.19287109375,3522.98,3454.4306640625,3548.8619,3520.311767578125,3535.9209499999997
2025-10-01,2025-10-02,XGBoost,历史跨日比例,3586.19287109375,3522.98,3501.747340662662,3548.8619,3543.9701058782057,3535.9209499999997
2025-10-01,2025-10-02,XGBoost,目标时刻上周同期,3586.19287109375,3522.98,3391.3943,3548.8619,3488.793585546875,3535.9209499999997
2025-10-02,2025-10-03,XGBoost,XGBoost跨日边界,2683.76416015625,2377.67,2551.367431640625,2249.1115,2617.5657958984375,2313.39075
2025-10-02,2025-10-03,XGBoost,历史跨日比例,2683.76416015625,2377.67,2620.5684826780284,2249.1115,2652.1663214171394,2313.39075
2025-10-02,2025-10-03,XGBoost,目标时刻上周同期,2683.76416015625,2377.67,2417.315,2249.1115,2550.5395800781253,2313.39075
2025-10-03,2025-10-04,XGBoost,XGBoost跨日边界,2565.99462890625,2441.46,2639.842041015625,2458.7692,2602.9183349609375,2450.1146
2025-10-03,2025-10-04,XGBoost,历史跨日比例,2565.99462890625,2441.46,2505.5721180959977,2458.7692,2535.7833735011236,2450.1146
2025-10-03,2025-10-04,XGBoost,目标时刻上周同期,2565.99462890625,2441.46,2487.2597,2458.7692,2526.6271644531253,2450.1146
2025-10-04,2025-10-05,XGBoost,XGBoost跨日边界,3364.026123046875,3420.64,3508.743408203125,3534.528,3436.384765625,3477.584
2025-10-04,2025-10-05,XGBoost,历史跨日比例,3364.026123046875,3420.64,3284.8120426680666,3534.528,3324.419082857471,3477.584
2025-10-04,2025-10-05,XGBoost,目标时刻上周同期,3364.026123046875,3420.64,3592.91,3534.528,3478.4680615234374,3477.584
2025-10-05,2025-10-06,XGBoost,XGBoost跨日边界,3555.099609375,3379.91,3594.62109375,3517.5086,3574.8603515625,3448.7093
2025-10-05,2025-10-06,XGBoost,历史跨日比例,3555.099609375,3379.91,3485.0986233971275,3517.5086,3520.0991163860635,3448.7093
2025-10-05,2025-10-06,XGBoost,目标时刻上周同期,3555.099609375,3379.91,3623.5154,3517.5086,3589.3075046875,3448.7093
2025-10-06,2025-10-07,XGBoost,XGBoost跨日边界,3546.518798828125,3298.57,3535.468017578125,3446.8842,3540.993408203125,3372.7271
2025-10-06,2025-10-07,XGBoost,历史跨日比例,3546.518798828125,3298.57,3476.686771603809,3446.8842,3511.602785215967,3372.7271
2025-10-06,2025-10-07,XGBoost,目标时刻上周同期,3546.518798828125,3298.57,3819.9704,3446.8842,3683.2445994140626,3372.7271
2025-10-07,2025-10-08,XGBoost,XGBoost跨日边界,3267.44091796875,3466.0,3415.1103515625,3417.7315,3341.275634765625,3441.86575
2025-10-07,2025-10-08,XGBoost,历史跨日比例,3267.44091796875,3466.0,3234.7494997967738,3417.7315,3251.0952088827617,3441.86575
2025-10-07,2025-10-08,XGBoost,目标时刻上周同期,3267.44091796875,3466.0,3336.4792,3417.7315,3301.960058984375,3441.86575
2025-10-08,2025-10-09,XGBoost,XGBoost跨日边界,3464.7177734375,3439.76,3438.3447265625,3356.4957,3451.53125,3398.12785
2025-10-08,2025-10-09,XGBoost,历史跨日比例,3464.7177734375,3439.76,3474.9593581816994,3356.4957,3469.8385658095995,3398.12785
2025-10-08,2025-10-09,XGBoost,目标时刻上周同期,3464.7177734375,3439.76,3548.8619,3356.4957,3506.78983671875,3398.12785
2025-10-09,2025-10-10,XGBoost,XGBoost跨日边界,2543.1435546875,2488.22,2496.52734375,2591.2176,2519.83544921875,2539.7187999999996
2025-10-09,2025-10-10,XGBoost,历史跨日比例,2543.1435546875,2488.22,2550.660998224079,2591.2176,2546.9022764557894,2539.7187999999996
2025-10-09,2025-10-10,XGBoost,目标时刻上周同期,2543.1435546875,2488.22,2249.1115,2591.2176,2396.12752734375,2539.7187999999996
2025-10-10,2025-10-11,XGBoost,XGBoost跨日边界,2453.163330078125,2694.69,2541.762939453125,2607.4686,2497.463134765625,2651.0793000000003
2025-10-10,2025-10-11,XGBoost,历史跨日比例,2453.163330078125,2694.69,2434.6369842140584,2607.4686,2443.9001571460917,2651.0793000000003
2025-10-10,2025-10-11,XGBoost,目标时刻上周同期,2453.163330078125,2694.69,2458.7692,2607.4686,2455.966265039063,2651.0793000000003
2025-10-11,2025-10-12,XGBoost,XGBoost跨日边界,3329.51611328125,3432.27,3405.674072265625,3357.8854,3367.5950927734375,3395.0777
2025-10-11,2025-10-12,XGBoost,历史跨日比例,3329.51611328125,3432.27,3339.358046639509,3357.8854,3334.4370799603794,3395.0777
2025-10-11,2025-10-12,XGBoost,目标时刻上周同期,3329.51611328125,3432.27,3534.528,3357.8854,3432.022056640625,3395.0777
2025-10-12,2025-10-13,XGBoost,XGBoost跨日边界,3495.212158203125,3467.55,3599.109619140625,3500.703,3547.160888671875,3484.1265000000003
2025-10-12,2025-10-13,XGBoost,历史跨日比例,3495.212158203125,3467.55,3468.8162356335915,3500.703,3482.0141969183583,3484.1265000000003
2025-10-12,2025-10-13,XGBoost,目标时刻上周同期,3495.212158203125,3467.55,3517.5086,3500.703,3506.3603791015626,3484.1265000000003
2025-10-13,2025-10-14,XGBoost,XGBoost跨日边界,3481.616455078125,3281.5,3509.85546875,3272.6499,3495.7359619140625,3277.07495
2025-10-13,2025-10-14,XGBoost,历史跨日比例,3481.616455078125,3281.5,3424.589434942801,3272.6499,3453.102945010463,3277.07495
2025-10-13,2025-10-14,XGBoost,目标时刻上周同期,3481.616455078125,3281.5,3446.8842,3272.6499,3464.2503275390627,3277.07495
2025-10-14,2025-10-15,XGBoost,XGBoost跨日边界,3399.20947265625,3388.75,3397.003662109375,3501.7051,3398.1065673828125,3445.22755
2025-10-14,2025-10-15,XGBoost,历史跨日比例,3399.20947265625,3388.75,3343.5322349299013,3501.7051,3371.3708537930756,3445.22755
2025-10-14,2025-10-15,XGBoost,目标时刻上周同期,3399.20947265625,3388.75,3417.7315,3501.7051,3408.470486328125,3445.22755
2025-10-15,2025-10-16,XGBoost,XGBoost跨日边界,3443.853515625,3421.24,3382.078857421875,3396.8534,3412.9661865234375,3409.0467
2025-10-15,2025-10-16,XGBoost,历史跨日比例,3443.853515625,3421.24,3387.445032291862,3396.8534,3415.649273958431,3409.0467
2025-10-15,2025-10-16,XGBoost,目标时刻上周同期,3443.853515625,3421.24,3356.4957,3396.8534,3400.1746078124997,3409.0467
2025-10-16,2025-10-17,XGBoost,XGBoost跨日边界,2553.913330078125,2657.91,2479.95166015625,2486.445,2516.9324951171875,2572.1775
2025-10-16,2025-10-17,XGBoost,历史跨日比例,2553.913330078125,2657.91,2532.6861579602946,2486.445,2543.29974401921,2572.1775
2025-10-16,2025-10-17,XGBoost,目标时刻上周同期,2553.913330078125,2657.91,2591.2176,2486.445,2572.5654650390625,2572.1775
2025-10-17,2025-10-18,XGBoost,XGBoost跨日边界,2466.852783203125,2370.93,2541.1357421875,2292.4324,2503.9942626953125,2331.6812
2025-10-17,2025-10-18,XGBoost,历史跨日比例,2466.852783203125,2370.93,2454.7344080987477,2292.4324,2460.7935956509364,2331.6812
2025-10-17,2025-10-18,XGBoost,目标时刻上周同期,2466.852783203125,2370.93,2607.4686,2292.4324,2537.1606916015626,2331.6812
2025-10-18,2025-10-19,XGBoost,XGBoost跨日边界,3277.5361328125,3374.98,3423.318115234375,3327.9158,3350.4271240234375,3351.4479
2025-10-18,2025-10-19,XGBoost,历史跨日比例,3277.5361328125,3374.98,3261.435288633222,3327.9158,3269.485710722861,3351.4479
2025-10-18,2025-10-19,XGBoost,目标时刻上周同期,3277.5361328125,3374.98,3357.8854,3327.9158,3317.71076640625,3351.4479
2025-10-19,2025-10-20,XGBoost,XGBoost跨日边界,3433.10302734375,3516.27,3562.70947265625,3545.1427,3497.90625,3530.70635
2025-10-19,2025-10-20,XGBoost,历史跨日比例,3433.10302734375,3516.27,3396.9622638024207,3545.1427,3415.0326455730856,3530.70635
2025-10-19,2025-10-20,XGBoost,目标时刻上周同期,3433.10302734375,3516.27,3500.703,3545.1427,3466.9030136718748,3530.70635
2025-10-20,2025-10-21,XGBoost,XGBoost跨日边界,3297.944091796875,3565.34,3500.012451171875,3352.4291,3398.978271484375,3458.8845499999998
2025-10-20,2025-10-21,XGBoost,历史跨日比例,3297.944091796875,3565.34,3263.226165581193,3352.4291,3280.585128689034,3458.8845499999998
2025-10-20,2025-10-21,XGBoost,目标时刻上周同期,3297.944091796875,3565.34,3272.6499,3352.4291,3285.2969958984377,3458.8845499999998
2025-10-21,2025-10-22,XGBoost,XGBoost跨日边界,3431.488525390625,3411.74,3387.027099609375,3452.2534,3409.2578125,3431.9966999999997
2025-10-21,2025-10-22,XGBoost,历史跨日比例,3431.488525390625,3411.74,3395.3647579408375,3452.2534,3413.426641665731,3431.9966999999997
2025-10-21,2025-10-22,XGBoost,目标时刻上周同期,3431.488525390625,3411.74,3501.7051,3452.2534,3466.5968126953126,3431.9966999999997
2025-10-22,2025-10-23,XGBoost,XGBoost跨日边界,3411.345947265625,3485.37,3377.47998046875,3433.9039,3394.4129638671875,3459.63695
2025-10-22,2025-10-23,XGBoost,历史跨日比例,3411.345947265625,3485.37,3363.8065990658984,3433.9039,3387.5762731657614,3459.63695
2025-10-22,2025-10-23,XGBoost,目标时刻上周同期,3411.345947265625,3485.37,3396.8534,3433.9039,3404.0996736328125,3459.63695
2025-10-23,2025-10-24,XGBoost,XGBoost跨日边界,2573.935546875,2689.4,2474.9931640625,2390.2326,2524.46435546875,2539.8163
2025-10-23,2025-10-24,XGBoost,历史跨日比例,2573.935546875,2689.4,2538.066063070631,2390.2326,2556.000804972816,2539.8163
2025-10-23,2025-10-24,XGBoost,目标时刻上周同期,2573.935546875,2689.4,2486.445,2390.2326,2530.1902734375,2539.8163
2025-10-24,2025-10-25,XGBoost,XGBoost跨日边界,2501.558349609375,2482.68,2531.15869140625,2275.2439,2516.3585205078125,2378.96195
2025-10-24,2025-10-25,XGBoost,历史跨日比例,2501.558349609375,2482.68,2466.6974896255506,2275.2439,2484.127919617463,2378.96195
2025-10-24,2025-10-25,XGBoost,目标时刻上周同期,2501.558349609375,2482.68,2292.4324,2275.2439,2396.9953748046873,2378.96195
2025-10-25,2025-10-26,XGBoost,XGBoost跨日边界,3251.975830078125,3333.24,3485.77734375,3550.0563,3368.8765869140625,3441.64815
2025-10-25,2025-10-26,XGBoost,历史跨日比例,3251.975830078125,3333.24,3206.6574092222468,3550.0563,3229.316619650186,3441.64815
2025-10-25,2025-10-26,XGBoost,目标时刻上周同期,3251.975830078125,3333.24,3327.9158,3550.0563,3289.945815039063,3441.64815
2025-10-26,2025-10-27,XGBoost,XGBoost跨日边界,3474.89111328125,3410.61,3552.10888671875,3430.3327,3513.5,3420.47135
2025-10-26,2025-10-27,XGBoost,历史跨日比例,3474.89111328125,3410.61,3426.466221422122,3430.3327,3450.6786673516863,3420.47135
2025-10-26,2025-10-27,XGBoost,目标时刻上周同期,3474.89111328125,3410.61,3545.1427,3430.3327,3510.016906640625,3420.47135
2025-10-27,2025-10-28,XGBoost,XGBoost跨日边界,3419.413818359375,3398.73,3491.964599609375,3482.3471,3455.689208984375,3440.53855
2025-10-27,2025-10-28,XGBoost,历史跨日比例,3419.413818359375,3398.73,3371.762039072598,3482.3471,3395.5879287159864,3440.53855
2025-10-27,2025-10-28,XGBoost,目标时刻上周同期,3419.413818359375,3398.73,3352.4291,3482.3471,3385.921459179687,3440.53855
2025-10-28,2025-10-29,XGBoost,XGBoost跨日边界,3375.408447265625,3486.63,3395.347900390625,3363.3565,3385.378173828125,3424.99325
2025-10-28,2025-10-29,XGBoost,历史跨日比例,3375.408447265625,3486.63,3339.875042769338,3363.3565,3357.6417450174813,3424.99325
2025-10-28,2025-10-29,XGBoost,目标时刻上周同期,3375.408447265625,3486.63,3452.2534,3363.3565,3413.8309236328123,3424.99325
2025-10-29,2025-10-30,XGBoost,XGBoost跨日边界,3434.129638671875,3494.38,3390.607421875,3472.5305,3412.3685302734375,3483.45525
2025-10-29,2025-10-30,XGBoost,历史跨日比例,3434.129638671875,3494.38,3417.2595313830047,3472.5305,3425.6945850274396,3483.45525
2025-10-29,2025-10-30,XGBoost,目标时刻上周同期,3434.129638671875,3494.38,3433.9039,3472.5305,3434.016769335937,3483.45525
2025-10-30,2025-10-31,XGBoost,XGBoost跨日边界,2598.859130859375,2600.29,2475.532470703125,2433.8663,2537.19580078125,2517.0781500000003
2025-10-30,2025-10-31,XGBoost,历史跨日比例,2598.859130859375,2600.29,2586.09227666944,2433.8663,2592.4757037644076,2517.0781500000003
2025-10-30,2025-10-31,XGBoost,目标时刻上周同期,2598.859130859375,2600.29,2390.2326,2433.8663,2494.545865429687,2517.0781500000003
2025-10-31,2025-11-01,XGBoost,XGBoost跨日边界,2503.686767578125,2471.51,2575.18798828125,2342.2452,2539.4373779296875,2406.8776
2025-10-31,2025-11-01,XGBoost,历史跨日比例,2503.686767578125,2471.51,2486.9361582154597,2342.2452,2495.3114628967924,2406.8776
2025-10-31,2025-11-01,XGBoost,目标时刻上周同期,2503.686767578125,2471.51,2275.2439,2342.2452,2389.4653337890622,2406.8776
2025-11-01,2025-11-02,XGBoost,XGBoost跨日边界,3240.19677734375,3406.47,3474.50146484375,3476.668,3357.34912109375,3441.569
2025-11-01,2025-11-02,XGBoost,历史跨日比例,3240.19677734375,3406.47,3218.5186380579985,3476.668,3229.357707700874,3441.569
2025-11-01,2025-11-02,XGBoost,目标时刻上周同期,3240.19677734375,3406.47,3550.0563,3476.668,3395.126538671875,3441.569
2025-11-02,2025-11-03,XGBoost,XGBoost跨日边界,3482.0048828125,3256.76,3522.777587890625,3402.7052,3502.3912353515625,3329.7326000000003
2025-11-02,2025-11-03,XGBoost,历史跨日比例,3482.0048828125,3256.76,3445.3493224878666,3402.7052,3463.6771026501833,3329.7326000000003
2025-11-02,2025-11-03,XGBoost,目标时刻上周同期,3482.0048828125,3256.76,3430.3327,3402.7052,3456.16879140625,3329.7326000000003
2025-11-03,2025-11-04,XGBoost,XGBoost跨日边界,3437.33544921875,3477.43,3491.261474609375,3563.3362,3464.2984619140625,3520.3831
2025-11-03,2025-11-04,XGBoost,历史跨日比例,3437.33544921875,3477.43,3401.150130370757,3563.3362,3419.2427897947537,3520.3831
2025-11-03,2025-11-04,XGBoost,目标时刻上周同期,3437.33544921875,3477.43,3482.3471,3563.3362,3459.841274609375,3520.3831
2025-11-04,2025-11-05,XGBoost,XGBoost跨日边界,3436.566650390625,3457.44,3382.980224609375,3388.5113,3409.7734375,3422.9756500000003
2025-11-04,2025-11-05,XGBoost,历史跨日比例,3436.566650390625,3457.44,3400.3894247971707,3388.5113,3418.478037593898,3422.9756500000003
2025-11-04,2025-11-05,XGBoost,目标时刻上周同期,3436.566650390625,3457.44,3363.3565,3388.5113,3399.9615751953124,3422.9756500000003
2025-11-05,2025-11-06,XGBoost,XGBoost跨日边界,3459.173095703125,3203.62,3387.752685546875,3315.0687,3423.462890625,3259.34435
2025-11-05,2025-11-06,XGBoost,历史跨日比例,3459.173095703125,3203.62,3422.7578888466437,3315.0687,3440.965492274884,3259.34435
2025-11-05,2025-11-06,XGBoost,目标时刻上周同期,3459.173095703125,3203.62,3472.5305,3315.0687,3465.8517978515624,3259.34435
2025-11-06,2025-11-07,XGBoost,XGBoost跨日边界,2549.012939453125,2374.25,2483.745849609375,2332.5113,2516.37939453125,2353.38065
2025-11-06,2025-11-07,XGBoost,历史跨日比例,2549.012939453125,2374.25,2522.1552249035917,2332.5113,2535.5840821783586,2353.38065
2025-11-06,2025-11-07,XGBoost,目标时刻上周同期,2549.012939453125,2374.25,2433.8663,2332.5113,2491.4396197265623,2353.38065
2025-11-07,2025-11-08,XGBoost,XGBoost跨日边界,2443.908935546875,2630.28,2510.424072265625,2716.9924,2477.16650390625,2673.6362
2025-11-07,2025-11-08,XGBoost,历史跨日比例,2443.908935546875,2630.28,2427.5582624405615,2716.9924,2435.7335989937183,2673.6362
2025-11-07,2025-11-08,XGBoost,目标时刻上周同期,2443.908935546875,2630.28,2342.2452,2716.9924,2393.077067773437,2673.6362
2025-11-08,2025-11-09,XGBoost,XGBoost跨日边界,3231.220703125,3381.19,3378.251953125,3167.857,3304.736328125,3274.5235000000002
2025-11-08,2025-11-09,XGBoost,历史跨日比例,3231.220703125,3381.19,3197.174895844911,3167.857,3214.197799484956,3274.5235000000002
2025-11-08,2025-11-09,XGBoost,目标时刻上周同期,3231.220703125,3381.19,3476.668,3167.857,3353.9443515625,3274.5235000000002
2025-11-09,2025-11-10,XGBoost,XGBoost跨日边界,3377.6533203125,3501.71,3502.76220703125,3397.8294,3440.207763671875,3449.7697
2025-11-09,2025-11-10,XGBoost,历史跨日比例,3377.6533203125,3501.71,3355.055544878398,3397.8294,3366.354432595449,3449.7697
2025-11-09,2025-11-10,XGBoost,目标时刻上周同期,3377.6533203125,3501.71,3402.7052,3397.8294,3390.17926015625,3449.7697
2025-11-10,2025-11-11,XGBoost,XGBoost跨日边界,3421.59619140625,3299.55,3503.47998046875,3457.6302,3462.5380859375,3378.5901000000003
2025-11-10,2025-11-11,XGBoost,历史跨日比例,3421.59619140625,3299.55,3398.704421580558,3457.6302,3410.150306493404,3378.5901000000003
2025-11-10,2025-11-11,XGBoost,目标时刻上周同期,3421.59619140625,3299.55,3563.3362,3457.6302,3492.466195703125,3378.5901000000003
2025-11-11,2025-11-12,XGBoost,XGBoost跨日边界,3436.087646484375,3580.04,3369.16650390625,3381.7557,3402.6270751953125,3480.8978500000003
2025-11-11,2025-11-12,XGBoost,历史跨日比例,3436.087646484375,3580.04,3399.8832554638043,3381.7557,3417.98545097409,3480.8978500000003
2025-11-11,2025-11-12,XGBoost,目标时刻上周同期,3436.087646484375,3580.04,3388.5113,3381.7557,3412.2994732421876,3480.8978500000003
2025-11-12,2025-11-13,XGBoost,XGBoost跨日边界,3393.357177734375,3458.31,3365.060546875,3397.4385,3379.2088623046875,3427.87425
2025-11-12,2025-11-13,XGBoost,历史跨日比例,3393.357177734375,3458.31,3357.6030169635187,3397.4385,3375.480097348947,3427.87425
2025-11-12,2025-11-13,XGBoost,目标时刻上周同期,3393.357177734375,3458.31,3315.0687,3397.4385,3354.2129388671874,3427.87425
2025-11-13,2025-11-14,XGBoost,XGBoost跨日边界,2583.789306640625,2427.59,2513.395263671875,2387.825,2548.59228515625,2407.7075
2025-11-13,2025-11-14,XGBoost,历史跨日比例,2583.789306640625,2427.59,2546.697261897156,2387.825,2565.2432842688904,2407.7075
2025-11-13,2025-11-14,XGBoost,目标时刻上周同期,2583.789306640625,2427.59,2332.5113,2387.825,2458.1503033203126,2407.7075
2025-11-14,2025-11-15,XGBoost,XGBoost跨日边界,2484.286376953125,2534.07,2544.814453125,2422.0646,2514.5504150390625,2478.0673
2025-11-14,2025-11-15,XGBoost,历史跨日比例,2484.286376953125,2534.07,2444.107933630661,2422.0646,2464.197155291893,2478.0673
2025-11-14,2025-11-15,XGBoost,目标时刻上周同期,2484.286376953125,2534.07,2716.9924,2422.0646,2600.6393884765625,2478.0673
2025-11-15,2025-11-16,XGBoost,XGBoost跨日边界,3280.87451171875,3263.2,3384.135986328125,3463.6701,3332.5052490234375,3363.43505
2025-11-15,2025-11-16,XGBoost,历史跨日比例,3280.87451171875,3263.2,3229.780195738518,3463.6701,3255.327353728634,3363.43505
2025-11-15,2025-11-16,XGBoost,目标时刻上周同期,3280.87451171875,3263.2,3167.857,3463.6701,3224.365755859375,3363.43505
2025-11-16,2025-11-17,XGBoost,XGBoost跨日边界,3397.9462890625,3665.39,3518.50830078125,3292.4654,3458.227294921875,3478.9277
2025-11-16,2025-11-17,XGBoost,历史跨日比例,3397.9462890625,3665.39,3345.0287694325693,3292.4654,3371.4875292475344,3478.9277
2025-11-16,2025-11-17,XGBoost,目标时刻上周同期,3397.9462890625,3665.39,3397.8294,3292.4654,3397.8878445312503,3478.9277
2025-11-17,2025-11-18,XGBoost,XGBoost跨日边界,3404.201904296875,3102.96,3494.195556640625,3495.3361,3449.19873046875,3299.14805
2025-11-17,2025-11-18,XGBoost,历史跨日比例,3404.201904296875,3102.96,3351.1869635737894,3495.3361,3377.694433935332,3299.14805
2025-11-17,2025-11-18,XGBoost,目标时刻上周同期,3404.201904296875,3102.96,3457.6302,3495.3361,3430.9160521484373,3299.14805
2025-11-18,2025-11-19,XGBoost,XGBoost跨日边界,3441.2998046875,3278.45,3374.57958984375,3398.5794,3407.939697265625,3338.5146999999997
2025-11-18,2025-11-19,XGBoost,历史跨日比例,3441.2998046875,3278.45,3382.8662171868505,3398.5794,3412.0830109371755,3338.5146999999997
2025-11-18,2025-11-19,XGBoost,目标时刻上周同期,3441.2998046875,3278.45,3381.7557,3398.5794,3411.52775234375,3338.5146999999997
2025-11-19,2025-11-20,XGBoost,XGBoost跨日边界,3349.87451171875,3573.7,3375.187744140625,3451.4104,3362.5311279296875,3512.5552
2025-11-19,2025-11-20,XGBoost,历史跨日比例,3349.87451171875,3573.7,3297.7056322981784,3451.4104,3323.7900720084644,3512.5552
2025-11-19,2025-11-20,XGBoost,目标时刻上周同期,3349.87451171875,3573.7,3397.4385,3451.4104,3373.656505859375,3512.5552
2025-11-20,2025-11-21,XGBoost,XGBoost跨日边界,2536.588134765625,2375.58,2473.092529296875,2367.6198,2504.84033203125,2371.5999
2025-11-20,2025-11-21,XGBoost,历史跨日比例,2536.588134765625,2375.58,2497.084875739261,2367.6198,2516.836505252443,2371.5999
2025-11-20,2025-11-21,XGBoost,目标时刻上周同期,2536.588134765625,2375.58,2387.825,2367.6198,2462.2065673828124,2371.5999
2025-11-21,2025-11-22,XGBoost,XGBoost跨日边界,2466.89697265625,2207.79,2499.98193359375,2513.7416,2483.439453125,2360.7658
2025-11-21,2025-11-22,XGBoost,历史跨日比例,2466.89697265625,2207.79,2425.0088349501293,2513.7416,2445.9529038031897,2360.7658
2025-11-21,2025-11-22,XGBoost,目标时刻上周同期,2466.89697265625,2207.79,2422.0646,2513.7416,2444.480786328125,2360.7658
2025-11-22,2025-11-23,XGBoost,XGBoost跨日边界,3198.02587890625,3314.17,3430.83935546875,3454.443,3314.4326171875,3384.3065
2025-11-22,2025-11-23,XGBoost,历史跨日比例,3198.02587890625,3314.17,3161.835103117231,3454.443,3179.9304910117407,3384.3065
2025-11-22,2025-11-23,XGBoost,目标时刻上周同期,3198.02587890625,3314.17,3463.6701,3454.443,3330.8479894531247,3384.3065
2025-11-23,2025-11-24,XGBoost,XGBoost跨日边界,3487.927978515625,3501.22,3534.442626953125,3579.4616,3511.185302734375,3540.3408
2025-11-23,2025-11-24,XGBoost,历史跨日比例,3487.927978515625,3501.22,3471.179647223004,3579.4616,3479.5538128693142,3540.3408
2025-11-23,2025-11-24,XGBoost,目标时刻上周同期,3487.927978515625,3501.22,3292.4654,3579.4616,3390.1966892578125,3540.3408
2025-11-24,2025-11-25,XGBoost,XGBoost跨日边界,3279.253662109375,3408.88,3500.88037109375,3335.9676,3390.0670166015625,3372.4238
2025-11-24,2025-11-25,XGBoost,历史跨日比例,3279.253662109375,3408.88,3263.5073430730163,3335.9676,3271.3805025911956,3372.4238
2025-11-24,2025-11-25,XGBoost,目标时刻上周同期,3279.253662109375,3408.88,3495.3361,3335.9676,3387.2948810546877,3372.4238
2025-11-25,2025-11-26,XGBoost,XGBoost跨日边界,3397.93017578125,3354.59,3373.329833984375,3232.8252,3385.6300048828125,3293.7076
2025-11-25,2025-11-26,XGBoost,历史跨日比例,3397.93017578125,3354.59,3381.6139959049106,3232.8252,3389.7720858430803,3293.7076
2025-11-25,2025-11-26,XGBoost,目标时刻上周同期,3397.93017578125,3354.59,3398.5794,3232.8252,3398.2547878906253,3293.7076
2025-11-26,2025-11-27,XGBoost,XGBoost跨日边界,3430.81982421875,3513.5,3380.458984375,3300.0173,3405.639404296875,3406.7586499999998
2025-11-26,2025-11-27,XGBoost,历史跨日比例,3430.81982421875,3513.5,3391.9946127500775,3300.0173,3411.4072184844135,3406.7586499999998
2025-11-26,2025-11-27,XGBoost,目标时刻上周同期,3430.81982421875,3513.5,3451.4104,3300.0173,3441.1151121093753,3406.7586499999998
2025-11-27,2025-11-28,XGBoost,XGBoost跨日边界,2528.283447265625,2286.92,2486.39111328125,2358.9521,2507.3372802734375,2322.9360500000003
2025-11-27,2025-11-28,XGBoost,历史跨日比例,2528.283447265625,2286.92,2499.671877867577,2358.9521,2513.977662566601,2322.9360500000003
2025-11-27,2025-11-28,XGBoost,目标时刻上周同期,2528.283447265625,2286.92,2367.6198,2358.9521,2447.9516236328127,2322.9360500000003
2025-11-28,2025-11-29,XGBoost,XGBoost跨日边界,2431.349365234375,2575.09,2506.883544921875,2495.8762,2469.116455078125,2535.4831000000004
2025-11-28,2025-11-29,XGBoost,历史跨日比例,2431.349365234375,2575.09,2390.064829174904,2495.8762,2410.7070972046395,2535.4831000000004
2025-11-28,2025-11-29,XGBoost,目标时刻上周同期,2431.349365234375,2575.09,2513.7416,2495.8762,2472.545482617187,2535.4831000000004
2025-11-29,2025-11-30,XGBoost,XGBoost跨日边界,3204.835693359375,3455.21,3319.541015625,3451.9161,3262.1883544921875,3453.5630499999997
2025-11-29,2025-11-30,XGBoost,历史跨日比例,3204.835693359375,3455.21,3173.2179253272034,3451.9161,3189.026809343289,3453.5630499999997
2025-11-29,2025-11-30,XGBoost,目标时刻上周同期,3204.835693359375,3455.21,3454.443,3451.9161,3329.6393466796876,3453.5630499999997
2025-11-30,2025-12-01,XGBoost,XGBoost跨日边界,3521.7431640625,3542.73,3507.235107421875,3853.1437,3514.4891357421875,3697.93685
2025-11-30,2025-12-01,XGBoost,历史跨日比例,3521.7431640625,3542.73,3486.9988997431346,3853.1437,3504.3710319028173,3697.93685
2025-11-30,2025-12-01,XGBoost,目标时刻上周同期,3521.7431640625,3542.73,3579.4616,3853.1437,3550.6023820312503,3697.93685
2025-12-01,2025-12-02,XGBoost,XGBoost跨日边界,3330.5498046875,3762.77,3485.508056640625,3647.0472,3408.0289306640625,3704.9085999999998
2025-12-01,2025-12-02,XGBoost,历史跨日比例,3330.5498046875,3762.77,3297.6917859870714,3647.0472,3314.120795337286,3704.9085999999998
2025-12-01,2025-12-02,XGBoost,目标时刻上周同期,3330.5498046875,3762.77,3335.9676,3647.0472,3333.25870234375,3704.9085999999998
2025-12-02,2025-12-03,XGBoost,XGBoost跨日边界,3437.3505859375,3371.95,3370.873046875,3520.0258,3404.11181640625,3445.9879
2025-12-02,2025-12-03,XGBoost,历史跨日比例,3437.3505859375,3371.95,3403.4389087502373,3520.0258,3420.3947473438684,3445.9879
2025-12-02,2025-12-03,XGBoost,目标时刻上周同期,3437.3505859375,3371.95,3232.8252,3520.0258,3335.08789296875,3445.9879
2025-12-03,2025-12-04,XGBoost,XGBoost跨日边界,3538.57666015625,3611.5,3370.74755859375,3677.5108,3454.662109375,3644.5054
2025-12-03,2025-12-04,XGBoost,历史跨日比例,3538.57666015625,3611.5,3478.4913026941226,3677.5108,3508.5339814251865,3644.5054
2025-12-03,2025-12-04,XGBoost,目标时刻上周同期,3538.57666015625,3611.5,3300.0173,3677.5108,3419.2969800781248,3644.5054
2025-12-04,2025-12-05,XGBoost,XGBoost跨日边界,2637.614501953125,2450.92,2462.136962890625,2446.3843,2549.875732421875,2448.65215
2025-12-04,2025-12-05,XGBoost,历史跨日比例,2637.614501953125,2450.92,2611.5927362651532,2446.3843,2624.603619109139,2448.65215
2025-12-04,2025-12-05,XGBoost,目标时刻上周同期,2637.614501953125,2450.92,2358.9521,2446.3843,2498.2833009765627,2448.65215
2025-12-05,2025-12-06,XGBoost,XGBoost跨日边界,2537.525390625,2772.61,2520.576416015625,2772.0127,2529.0509033203125,2772.31135
2025-12-05,2025-12-06,XGBoost,历史跨日比例,2537.525390625,2772.61,2512.4910684777615,2772.0127,2525.0082295513807,2772.31135
2025-12-05,2025-12-06,XGBoost,目标时刻上周同期,2537.525390625,2772.61,2495.8762,2772.0127,2516.7007953125003,2772.31135
2025-12-06,2025-12-07,XGBoost,XGBoost跨日边界,3338.743408203125,3490.74,3494.337890625,3534.9738,3416.5406494140625,3512.8568999999998
2025-12-06,2025-12-07,XGBoost,历史跨日比例,3338.743408203125,3490.74,3330.060244660854,3534.9738,3334.4018264319893,3512.8568999999998
2025-12-06,2025-12-07,XGBoost,目标时刻上周同期,3338.743408203125,3490.74,3451.9161,3534.9738,3395.3297541015627,3512.8568999999998
2025-12-07,2025-12-08,XGBoost,XGBoost跨日边界,3577.302490234375,3502.98,3629.1259765625,3411.0941,3603.2142333984375,3457.03705
2025-12-07,2025-12-08,XGBoost,历史跨日比例,3577.302490234375,3502.98,3567.9988994023993,3411.0941,3572.650694818387,3457.03705
2025-12-07,2025-12-08,XGBoost,目标时刻上周同期,3577.302490234375,3502.98,3853.1437,3411.0941,3715.2230951171878,3457.03705
2025-12-08,2025-12-09,XGBoost,XGBoost跨日边界,3600.26953125,3470.38,3614.874267578125,3493.1053,3607.5718994140625,3481.74265
2025-12-08,2025-12-09,XGBoost,历史跨日比例,3600.26953125,3470.38,3595.222088053314,3493.1053,3597.745809651657,3481.74265
2025-12-08,2025-12-09,XGBoost,目标时刻上周同期,3600.26953125,3470.38,3647.0472,3493.1053,3623.658365625,3481.74265
2025-12-09,2025-12-10,XGBoost,XGBoost跨日边界,3434.64013671875,3389.92,3399.625,3482.16,3417.132568359375,3436.04
2025-12-09,2025-12-10,XGBoost,历史跨日比例,3434.64013671875,3389.92,3429.824899736999,3482.16,3432.2325182278746,3436.04
2025-12-09,2025-12-10,XGBoost,目标时刻上周同期,3434.64013671875,3389.92,3520.0258,3482.16,3477.3329683593747,3436.04
2025-12-10,2025-12-11,XGBoost,XGBoost跨日边界,3538.180419921875,3714.23,3369.474609375,3848.8115,3453.8275146484375,3781.5207499999997
2025-12-10,2025-12-11,XGBoost,历史跨日比例,3538.180419921875,3714.23,3533.2200233365165,3848.8115,3535.7002216291958,3781.5207499999997
2025-12-10,2025-12-11,XGBoost,目标时刻上周同期,3538.180419921875,3714.23,3677.5108,3848.8115,3607.8456099609375,3781.5207499999997
2025-12-11,2025-12-12,XGBoost,XGBoost跨日边界,2698.931884765625,2433.78,2464.79248046875,2287.6078,2581.8621826171875,2360.6939
2025-12-11,2025-12-12,XGBoost,历史跨日比例,2698.931884765625,2433.78,2697.354706209357,2287.6078,2698.143295487491,2360.6939
2025-12-11,2025-12-12,XGBoost,目标时刻上周同期,2698.931884765625,2433.78,2446.3843,2287.6078,2572.6580923828124,2360.6939
2025-12-12,2025-12-13,XGBoost,XGBoost跨日边界,2602.02392578125,2687.78,2526.604736328125,2699.8904,2564.3143310546875,2693.8352000000004
2025-12-12,2025-12-13,XGBoost,历史跨日比例,2602.02392578125,2687.78,2610.263145962242,2699.8904,2606.1435358717463,2693.8352000000004
2025-12-12,2025-12-13,XGBoost,目标时刻上周同期,2602.02392578125,2687.78,2772.0127,2699.8904,2687.018312890625,2693.8352000000004
2025-12-13,2025-12-14,XGBoost,XGBoost跨日边界,3383.295166015625,3530.51,3402.846435546875,3556.1474,3393.07080078125,3543.3287
2025-12-13,2025-12-14,XGBoost,历史跨日比例,3383.295166015625,3530.51,3394.0082549822146,3556.1474,3388.65171049892,3543.3287
2025-12-13,2025-12-14,XGBoost,目标时刻上周同期,3383.295166015625,3530.51,3534.9738,3556.1474,3459.1344830078124,3543.3287
2025-12-14,2025-12-15,XGBoost,XGBoost跨日边界,3566.805908203125,3657.78,3505.465576171875,3435.7699,3536.1357421875,3546.77495
2025-12-14,2025-12-15,XGBoost,历史跨日比例,3566.805908203125,3657.78,3586.519798924214,3435.7699,3576.662853563669,3546.77495
2025-12-14,2025-12-15,XGBoost,目标时刻上周同期,3566.805908203125,3657.78,3411.0941,3435.7699,3488.9500041015626,3546.77495
2025-12-15,2025-12-16,XGBoost,XGBoost跨日边界,3603.933837890625,3375.46,3515.13671875,3434.511,3559.5352783203125,3404.9855
2025-12-15,2025-12-16,XGBoost,历史跨日比例,3603.933837890625,3375.46,3623.8529362869835,3434.511,3613.893387088804,3404.9855
2025-12-15,2025-12-16,XGBoost,目标时刻上周同期,3603.933837890625,3375.46,3493.1053,3434.511,3548.5195689453126,3404.9855
2025-12-16,2025-12-17,XGBoost,XGBoost跨日边界,3440.020263671875,3615.65,3415.01806640625,3625.6262,3427.5191650390625,3620.6381
2025-12-16,2025-12-17,XGBoost,历史跨日比例,3440.020263671875,3615.65,3459.033404644977,3625.6262,3449.526834158426,3620.6381
2025-12-16,2025-12-17,XGBoost,目标时刻上周同期,3440.020263671875,3615.65,3482.16,3625.6262,3461.0901318359374,3620.6381
2025-12-17,2025-12-18,XGBoost,XGBoost跨日边界,3618.864501953125,3385.65,3399.955322265625,3339.3699,3509.409912109375,3362.50995
2025-12-17,2025-12-18,XGBoost,历史跨日比例,3618.864501953125,3385.65,3638.866122776354,3339.3699,3628.8653123647396,3362.50995
2025-12-17,2025-12-18,XGBoost,目标时刻上周同期,3618.864501953125,3385.65,3848.8115,3339.3699,3733.8380009765624,3362.50995
2025-12-18,2025-12-19,XGBoost,XGBoost跨日边界,2655.57373046875,2446.27,2478.52099609375,2469.608,2567.04736328125,2457.9390000000003
2025-12-18,2025-12-19,XGBoost,历史跨日比例,2655.57373046875,2446.27,2665.219966408848,2469.608,2660.3968484387988,2457.9390000000003
2025-12-18,2025-12-19,XGBoost,目标时刻上周同期,2655.57373046875,2446.27,2287.6078,2469.608,2471.590765234375,2457.9390000000003
2025-12-19,2025-12-20,XGBoost,XGBoost跨日边界,2576.564208984375,2566.67,2532.47607421875,2686.8269,2554.5201416015625,2626.74845
2025-12-19,2025-12-20,XGBoost,历史跨日比例,2576.564208984375,2566.67,2585.923446873164,2686.8269,2581.2438279287694,2626.74845
2025-12-19,2025-12-20,XGBoost,目标时刻上周同期,2576.564208984375,2566.67,2699.8904,2686.8269,2638.2273044921876,2626.74845
2025-12-20,2025-12-21,XGBoost,XGBoost跨日边界,3399.849365234375,3373.27,3299.39697265625,3576.1063,3349.6231689453125,3474.68815
2025-12-20,2025-12-21,XGBoost,历史跨日比例,3399.849365234375,3373.27,3418.6404799121456,3576.1063,3409.2449225732603,3474.68815
2025-12-20,2025-12-21,XGBoost,目标时刻上周同期,3399.849365234375,3373.27,3556.1474,3576.1063,3477.9983826171874,3474.68815
2025-12-21,2025-12-22,XGBoost,XGBoost跨日边界,3588.0654296875,3464.4,3475.63427734375,3745.3962,3531.849853515625,3604.8981000000003
2025-12-21,2025-12-22,XGBoost,历史跨日比例,3588.0654296875,3464.4,3607.896822704512,3745.3962,3597.981126196006,3604.8981000000003
2025-12-21,2025-12-22,XGBoost,目标时刻上周同期,3588.0654296875,3464.4,3435.7699,3745.3962,3511.9176648437497,3604.8981000000003
2025-12-22,2025-12-23,XGBoost,XGBoost跨日边界,3458.8623046875,3548.01,3498.51611328125,3450.6501,3478.689208984375,3499.33005
2025-12-22,2025-12-23,XGBoost,历史跨日比例,3458.8623046875,3548.01,3477.9795864372813,3450.6501,3468.4209455623904,3499.33005
2025-12-22,2025-12-23,XGBoost,目标时刻上周同期,3458.8623046875,3548.01,3434.511,3450.6501,3446.68665234375,3499.33005
2025-12-23,2025-12-24,XGBoost,XGBoost跨日边界,3508.922607421875,3579.47,3431.352294921875,3784.6124,3470.137451171875,3682.0411999999997
2025-12-23,2025-12-24,XGBoost,历史跨日比例,3508.922607421875,3579.47,3528.3165746328136,3784.6124,3518.6195910273445,3682.0411999999997
2025-12-23,2025-12-24,XGBoost,目标时刻上周同期,3508.922607421875,3579.47,3625.6262,3784.6124,3567.274403710938,3682.0411999999997
2025-12-24,2025-12-25,XGBoost,XGBoost跨日边界,3539.4140625,3573.24,3405.70068359375,3536.5305,3472.557373046875,3554.88525
2025-12-24,2025-12-25,XGBoost,历史跨日比例,3539.4140625,3573.24,3558.9765573036384,3536.5305,3549.195309901819,3554.88525
2025-12-24,2025-12-25,XGBoost,目标时刻上周同期,3539.4140625,3573.24,3339.3699,3536.5305,3439.39198125,3554.88525
2025-12-25,2025-12-26,XGBoost,XGBoost跨日边界,2628.68603515625,2360.89,2511.880859375,2470.813,2570.283447265625,2415.8514999999998
2025-12-25,2025-12-26,XGBoost,历史跨日比例,2628.68603515625,2360.89,2646.8371531162124,2470.813,2637.761594136231,2415.8514999999998
2025-12-25,2025-12-26,XGBoost,目标时刻上周同期,2628.68603515625,2360.89,2469.608,2470.813,2549.147017578125,2415.8514999999998
2025-12-26,2025-12-27,XGBoost,XGBoost跨日边界,2620.888916015625,2530.45,2627.781005859375,2338.1942,2624.3349609375,2434.3221
2025-12-26,2025-12-27,XGBoost,历史跨日比例,2620.888916015625,2530.45,2638.986194746643,2338.1942,2629.937555381134,2434.3221
2025-12-26,2025-12-27,XGBoost,目标时刻上周同期,2620.888916015625,2530.45,2686.8269,2338.1942,2653.8579080078125,2434.3221
2025-12-27,2025-12-28,XGBoost,XGBoost跨日边界,3403.844482421875,3378.26,3527.248291015625,3784.9516,3465.54638671875,3581.6058000000003
2025-12-27,2025-12-28,XGBoost,历史跨日比例,3403.844482421875,3378.26,3427.3480815172056,3784.9516,3415.5962819695405,3581.6058000000003
2025-12-27,2025-12-28,XGBoost,目标时刻上周同期,3403.844482421875,3378.26,3576.1063,3784.9516,3489.9753912109372,3581.6058000000003
2025-12-28,2025-12-29,XGBoost,XGBoost跨日边界,3602.5908203125,3439.02,3551.2197265625,3478.8245,3576.9052734375,3458.92225
2025-12-28,2025-12-29,XGBoost,历史跨日比例,3602.5908203125,3439.02,3627.4667659623133,3478.8245,3615.028793137407,3458.92225
2025-12-28,2025-12-29,XGBoost,目标时刻上周同期,3602.5908203125,3439.02,3745.3962,3478.8245,3673.99351015625,3458.92225
2025-12-29,2025-12-30,XGBoost,XGBoost跨日边界,3497.395751953125,3690.04,3616.94921875,3557.4277,3557.1724853515625,3623.73385
2025-12-29,2025-12-30,XGBoost,历史跨日比例,3497.395751953125,3690.04,3526.7772149233574,3557.4277,3512.086483438241,3623.73385
2025-12-29,2025-12-30,XGBoost,目标时刻上周同期,3497.395751953125,3690.04,3450.6501,3557.4277,3474.0229259765624,3623.73385
2025-12-30,2025-12-31,XGBoost,XGBoost跨日边界,3600.3671875,3403.37,3437.7119140625,3657.9857,3519.03955078125,3530.67785
2025-12-30,2025-12-31,XGBoost,历史跨日比例,3600.3671875,3403.37,3630.6137088265314,3657.9857,3615.4904481632657,3530.67785
2025-12-30,2025-12-31,XGBoost,目标时刻上周同期,3600.3671875,3403.37,3784.6124,3657.9857,3692.48979375,3530.67785
2025-02-01,2025-02-02,LightGBM,XGBoost跨日边界,3575.171004215714,3484.94,3363.554443359375,3591.9843,3469.3627237875444,3538.4621500000003
2025-02-01,2025-02-02,LightGBM,历史跨日比例,3575.171004215714,3484.94,3569.0173394499884,3591.9843,3572.0941718328513,3538.4621500000003
2025-02-01,2025-02-02,LightGBM,目标时刻上周同期,3575.171004215714,3484.94,3618.1419,3591.9843,3596.656452107857,3538.4621500000003
2025-02-02,2025-02-03,LightGBM,XGBoost跨日边界,3540.636137576228,3548.26,3366.3896484375,3319.2759,3453.512893006864,3433.7679500000004
2025-02-02,2025-02-03,LightGBM,历史跨日比例,3540.636137576228,3548.26,3534.541914999919,3319.2759,3537.5890262880735,3433.7679500000004
2025-02-02,2025-02-03,LightGBM,目标时刻上周同期,3540.636137576228,3548.26,3516.9328,3319.2759,3528.7844687881143,3433.7679500000004
2025-02-03,2025-02-04,LightGBM,XGBoost跨日边界,3435.5147204121463,3553.22,3460.989990234375,3336.6152,3448.2523553232604,3444.9175999999998
2025-02-03,2025-02-04,LightGBM,历史跨日比例,3435.5147204121463,3553.22,3429.601435184054,3336.6152,3432.5580777981004,3444.9175999999998
2025-02-03,2025-02-04,LightGBM,目标时刻上周同期,3435.5147204121463,3553.22,3695.8008,3336.6152,3565.6577602060734,3444.9175999999998
2025-02-04,2025-02-05,LightGBM,XGBoost跨日边界,3395.248287168212,3318.01,3364.778076171875,3549.4514,3380.013181670043,3433.7307
2025-02-04,2025-02-05,LightGBM,历史跨日比例,3395.248287168212,3318.01,3384.070092035363,3549.4514,3389.659189601787,3433.7307
2025-02-04,2025-02-05,LightGBM,目标时刻上周同期,3395.248287168212,3318.01,3458.6049,3549.4514,3426.926593584106,3433.7307
2025-02-05,2025-02-06,LightGBM,XGBoost跨日边界,3357.3480239524206,3329.79,3118.914306640625,3497.9209,3238.131165296523,3413.85545
2025-02-05,2025-02-06,LightGBM,历史跨日比例,3357.3480239524206,3329.79,3341.7314285569614,3497.9209,3349.5397262546912,3413.85545
2025-02-05,2025-02-06,LightGBM,目标时刻上周同期,3357.3480239524206,3329.79,3405.0251,3497.9209,3381.18656197621,3413.85545
2025-02-06,2025-02-07,LightGBM,XGBoost跨日边界,2487.317158314672,2446.62,3167.5458984375,2317.5067,2827.431528376086,2382.06335
2025-02-06,2025-02-07,LightGBM,历史跨日比例,2487.317158314672,2446.62,2475.747483260295,2317.5067,2481.5323207874835,2382.06335
2025-02-06,2025-02-07,LightGBM,目标时刻上周同期,2487.317158314672,2446.62,2646.1276,2317.5067,2566.722379157336,2382.06335
2025-02-07,2025-02-08,LightGBM,XGBoost跨日边界,2383.6225612437124,2384.59,2995.10302734375,2341.7515,2689.362794293731,2363.17075
2025-02-07,2025-02-08,LightGBM,历史跨日比例,2383.6225612437124,2384.59,2375.7749472081373,2341.7515,2379.698754225925,2363.17075
2025-02-07,2025-02-08,LightGBM,目标时刻上周同期,2383.6225612437124,2384.59,2532.1822,2341.7515,2457.9023806218565,2363.17075
2025-02-08,2025-02-09,LightGBM,XGBoost跨日边界,3277.856204904424,3210.87,3336.78173828125,3413.1243,3307.318971592837,3311.99715
2025-02-08,2025-02-09,LightGBM,历史跨日比例,3277.856204904424,3210.87,3267.064500387756,3413.1243,3272.46035264609,3311.99715
2025-02-08,2025-02-09,LightGBM,目标时刻上周同期,3277.856204904424,3210.87,3591.9843,3413.1243,3434.920252452212,3311.99715
2025-02-09,2025-02-10,LightGBM,XGBoost跨日边界,3466.37036786702,3455.92,3398.780517578125,3379.5939,3432.5754427225725,3417.75695
2025-02-09,2025-02-10,LightGBM,历史跨日比例,3466.37036786702,3455.92,3450.2466585763577,3379.5939,3458.308513221689,3417.75695
2025-02-09,2025-02-10,LightGBM,目标时刻上周同期,3466.37036786702,3455.92,3319.2759,3379.5939,3392.82313393351,3417.75695
2025-02-10,2025-02-11,LightGBM,XGBoost跨日边界,3361.954064272896,3569.7,3311.6279296875,3413.1735,3336.790996980198,3491.43675
2025-02-10,2025-02-11,LightGBM,历史跨日比例,3361.954064272896,3569.7,3346.3160440303413,3413.1735,3354.1350541516185,3491.43675
2025-02-10,2025-02-11,LightGBM,目标时刻上周同期,3361.954064272896,3569.7,3336.6152,3413.1735,3349.284632136448,3491.43675
2025-02-11,2025-02-12,LightGBM,XGBoost跨日边界,3420.306761983479,3222.62,3310.85791015625,3272.9536,3365.5823360698646,3247.7868
2025-02-11,2025-02-12,LightGBM,历史跨日比例,3420.306761983479,3222.62,3387.851950430969,3272.9536,3404.079356207224,3247.7868
2025-02-11,2025-02-12,LightGBM,目标时刻上周同期,3420.306761983479,3222.62,3549.4514,3272.9536,3484.8790809917396,3247.7868
2025-02-12,2025-02-13,LightGBM,XGBoost跨日边界,3388.109164422944,3246.86,3240.05419921875,3551.1175,3314.081681820847,3398.98875
2025-02-12,2025-02-13,LightGBM,历史跨日比例,3388.109164422944,3246.86,3333.575921957171,3551.1175,3360.8425431900578,3398.98875
2025-02-12,2025-02-13,LightGBM,目标时刻上周同期,3388.109164422944,3246.86,3497.9209,3551.1175,3443.0150322114723,3398.98875
2025-02-13,2025-02-14,LightGBM,XGBoost跨日边界,2451.332525913327,2421.19,2679.233642578125,2507.4053,2565.283084245726,2464.29765
2025-02-13,2025-02-14,LightGBM,历史跨日比例,2451.332525913327,2421.19,2423.4900371193153,2507.4053,2437.411281516321,2464.29765
2025-02-13,2025-02-14,LightGBM,目标时刻上周同期,2451.332525913327,2421.19,2317.5067,2507.4053,2384.4196129566635,2464.29765
2025-02-14,2025-02-15,LightGBM,XGBoost跨日边界,2408.0542388231574,2509.56,2752.3681640625,2470.6272,2580.2112014428285,2490.0936
2025-02-14,2025-02-15,LightGBM,历史跨日比例,2408.0542388231574,2509.56,2380.7033092976635,2470.6272,2394.3787740604103,2490.0936
2025-02-14,2025-02-15,LightGBM,目标时刻上周同期,2408.0542388231574,2509.56,2341.7515,2470.6272,2374.9028694115786,2490.0936
2025-02-15,2025-02-16,LightGBM,XGBoost跨日边界,3219.9029145480204,3285.85,3304.662841796875,3581.8623,3262.2828781724475,3433.8561499999996
2025-02-15,2025-02-16,LightGBM,历史跨日比例,3219.9029145480204,3285.85,3204.925640619189,3581.8623,3212.4142775836044,3433.8561499999996
2025-02-15,2025-02-16,LightGBM,目标时刻上周同期,3219.9029145480204,3285.85,3413.1243,3581.8623,3316.51360727401,3433.8561499999996
2025-02-16,2025-02-17,LightGBM,XGBoost跨日边界,3414.7382389171285,3314.64,3319.40771484375,3431.708,3367.0729768804395,3373.174
2025-02-16,2025-02-17,LightGBM,历史跨日比例,3414.7382389171285,3314.64,3380.137927428821,3431.708,3397.438083172975,3373.174
2025-02-16,2025-02-17,LightGBM,目标时刻上周同期,3414.7382389171285,3314.64,3379.5939,3431.708,3397.1660694585644,3373.174
2025-02-17,2025-02-18,LightGBM,XGBoost跨日边界,3452.2309917988805,3399.92,3331.3564453125,3450.3468,3391.7937185556902,3425.1333999999997
2025-02-17,2025-02-18,LightGBM,历史跨日比例,3452.2309917988805,3399.92,3417.250779762567,3450.3468,3434.740885780724,3425.1333999999997
2025-02-17,2025-02-18,LightGBM,目标时刻上周同期,3452.2309917988805,3399.92,3413.1735,3450.3468,3432.70224589944,3425.1333999999997
2025-02-18,2025-02-19,LightGBM,XGBoost跨日边界,3308.564377600077,3266.88,3309.5703125,3303.9013,3309.0673450500385,3285.3906500000003
2025-02-18,2025-02-19,LightGBM,历史跨日比例,3308.564377600077,3266.88,3275.370797466732,3303.9013,3291.967587533404,3285.3906500000003
2025-02-18,2025-02-19,LightGBM,目标时刻上周同期,3308.564377600077,3266.88,3272.9536,3303.9013,3290.7589888000384,3285.3906500000003
2025-02-19,2025-02-20,LightGBM,XGBoost跨日边界,3347.0184428546618,3432.95,3383.090087890625,3438.0854,3365.0542653726434,3435.5177
2025-02-19,2025-02-20,LightGBM,历史跨日比例,3347.0184428546618,3432.95,3335.999035110942,3438.0854,3341.508738982802,3435.5177
2025-02-19,2025-02-20,LightGBM,目标时刻上周同期,3347.0184428546618,3432.95,3551.1175,3438.0854,3449.067971427331,3435.5177
2025-02-20,2025-02-21,LightGBM,XGBoost跨日边界,2516.8742911348113,2498.4,2638.730224609375,2404.3697,2577.802257872093,2451.3848500000004
2025-02-20,2025-02-21,LightGBM,历史跨日比例,2516.8742911348113,2498.4,2518.6853712651437,2404.3697,2517.7798311999777,2451.3848500000004
2025-02-20,2025-02-21,LightGBM,目标时刻上周同期,2516.8742911348113,2498.4,2507.4053,2404.3697,2512.1397955674056,2451.3848500000004
2025-02-21,2025-02-22,LightGBM,XGBoost跨日边界,2431.021269104187,2618.28,2723.534423828125,2306.8268,2577.277846466156,2462.5534
2025-02-21,2025-02-22,LightGBM,历史跨日比例,2431.021269104187,2618.28,2437.0601991274416,2306.8268,2434.0407341158143,2462.5534
2025-02-21,2025-02-22,LightGBM,目标时刻上周同期,2431.021269104187,2618.28,2470.6272,2306.8268,2450.8242345520935,2462.5534
2025-02-22,2025-02-23,LightGBM,XGBoost跨日边界,3234.8398028987385,3501.77,3401.1943359375,3653.2341,3318.0170694181193,3577.50205
2025-02-22,2025-02-23,LightGBM,历史跨日比例,3234.8398028987385,3501.77,3242.8755084906284,3653.2341,3238.8576556946837,3577.50205
2025-02-22,2025-02-23,LightGBM,目标时刻上周同期,3234.8398028987385,3501.77,3581.8623,3653.2341,3408.351051449369,3577.50205
2025-02-23,2025-02-24,LightGBM,XGBoost跨日边界,3403.4926332213695,3389.9,3365.6259765625,3298.8996,3384.5593048919345,3344.3998
2025-02-23,2025-02-24,LightGBM,历史跨日比例,3403.4926332213695,3389.9,3398.2928847226513,3298.8996,3400.8927589720106,3344.3998
2025-02-23,2025-02-24,LightGBM,目标时刻上周同期,3403.4926332213695,3389.9,3431.708,3298.8996,3417.600316610685,3344.3998
2025-02-24,2025-02-25,LightGBM,XGBoost跨日边界,3402.5361474381816,3348.42,3417.4794921875,3552.7178,3410.007819812841,3450.5689
2025-02-24,2025-02-25,LightGBM,历史跨日比例,3402.5361474381816,3348.42,3397.337860228219,3552.7178,3399.9370038332004,3450.5689
2025-02-24,2025-02-25,LightGBM,目标时刻上周同期,3402.5361474381816,3348.42,3450.3468,3552.7178,3426.441473719091,3450.5689
2025-02-25,2025-02-26,LightGBM,XGBoost跨日边界,3324.971910125149,3204.43,3331.66552734375,3373.4506,3328.3187187344492,3288.9403
2025-02-25,2025-02-26,LightGBM,历史跨日比例,3324.971910125149,3204.43,3319.892123106016,3373.4506,3322.432016615582,3288.9403
2025-02-25,2025-02-26,LightGBM,目标时刻上周同期,3324.971910125149,3204.43,3303.9013,3373.4506,3314.4366050625745,3288.9403
2025-02-26,2025-02-27,LightGBM,XGBoost跨日边界,3384.405522674454,3375.21,3396.505859375,3349.53,3390.455691024727,3362.37
2025-02-26,2025-02-27,LightGBM,历史跨日比例,3384.405522674454,3375.21,3379.2349348600997,3349.53,3381.8202287672766,3362.37
2025-02-26,2025-02-27,LightGBM,目标时刻上周同期,3384.405522674454,3375.21,3438.0854,3349.53,3411.245461337227,3362.37
2025-02-27,2025-02-28,LightGBM,XGBoost跨日边界,2522.83089399836,2323.87,2565.460205078125,2298.0528,2544.1455495382424,2310.9614
2025-02-27,2025-02-28,LightGBM,历史跨日比例,2522.83089399836,2323.87,2539.0126158565554,2298.0528,2530.9217549274576,2310.9614
2025-02-27,2025-02-28,LightGBM,目标时刻上周同期,2522.83089399836,2323.87,2404.3697,2298.0528,2463.60029699918,2310.9614
2025-02-28,2025-03-01,LightGBM,XGBoost跨日边界,2476.862967812002,2558.33,2721.958740234375,2600.0321,2599.410854023188,2579.18105
2025-02-28,2025-03-01,LightGBM,历史跨日比例,2476.862967812002,2558.33,2492.7498462077538,2600.0321,2484.806407009878,2579.18105
2025-02-28,2025-03-01,LightGBM,目标时刻上周同期,2476.862967812002,2558.33,2306.8268,2600.0321,2391.844883906001,2579.18105
2025-03-01,2025-03-02,LightGBM,XGBoost跨日边界,3347.121943241873,3225.63,3413.552490234375,3361.4819,3380.337216738124,3293.55595
2025-03-01,2025-03-02,LightGBM,历史跨日比例,3347.121943241873,3225.63,3368.590760846672,3361.4819,3357.856352044272,3293.55595
2025-03-01,2025-03-02,LightGBM,目标时刻上周同期,3347.121943241873,3225.63,3653.2341,3361.4819,3500.1780216209363,3293.55595
2025-03-02,2025-03-03,LightGBM,XGBoost跨日边界,3290.6140557842964,3405.41,3445.263916015625,3424.6787,3367.9389858999607,3415.04435
2025-03-02,2025-03-03,LightGBM,历史跨日比例,3290.6140557842964,3405.41,3333.6619868280022,3424.6787,3312.1380213061493,3415.04435
2025-03-02,2025-03-03,LightGBM,目标时刻上周同期,3290.6140557842964,3405.41,3298.8996,3424.6787,3294.756827892148,3415.04435
2025-03-03,2025-03-04,LightGBM,XGBoost跨日边界,3367.5966802507996,3420.11,3432.333740234375,3407.0972,3399.965210242587,3413.6036000000004
2025-03-03,2025-03-04,LightGBM,历史跨日比例,3367.5966802507996,3420.11,3411.651700747543,3407.0972,3389.624190499171,3413.6036000000004
2025-03-03,2025-03-04,LightGBM,目标时刻上周同期,3367.5966802507996,3420.11,3552.7178,3407.0972,3460.1572401253998,3413.6036000000004
2025-03-04,2025-03-05,LightGBM,XGBoost跨日边界,3277.638609104062,3403.02,3344.973388671875,3411.259,3311.3059988879686,3407.1395
2025-03-04,2025-03-05,LightGBM,历史跨日比例,3277.638609104062,3403.02,3320.5167948891376,3411.259,3299.0777019966,3407.1395
2025-03-04,2025-03-05,LightGBM,目标时刻上周同期,3277.638609104062,3403.02,3373.4506,3411.259,3325.544604552031,3407.1395
2025-03-05,2025-03-06,LightGBM,XGBoost跨日边界,3392.5219900079187,3529.41,3323.33544921875,3401.6642,3357.9287196133346,3465.5371
2025-03-05,2025-03-06,LightGBM,历史跨日比例,3392.5219900079187,3529.41,3436.9030843004575,3401.6642,3414.712537154188,3465.5371
2025-03-05,2025-03-06,LightGBM,目标时刻上周同期,3392.5219900079187,3529.41,3349.53,3401.6642,3371.0259950039595,3465.5371
2025-03-06,2025-03-07,LightGBM,XGBoost跨日边界,2494.8090266256063,2606.24,2510.420654296875,2572.0153,2502.6148404612404,2589.12765
2025-03-06,2025-03-07,LightGBM,历史跨日比例,2494.8090266256063,2606.24,2516.003143276949,2572.0153,2505.4060849512775,2589.12765
2025-03-06,2025-03-07,LightGBM,目标时刻上周同期,2494.8090266256063,2606.24,2298.0528,2572.0153,2396.430913312803,2589.12765
2025-03-07,2025-03-08,LightGBM,XGBoost跨日边界,2489.320888402072,2480.27,2537.597412109375,2516.5725,2513.459150255723,2498.4212500000003
2025-03-07,2025-03-08,LightGBM,历史跨日比例,2489.320888402072,2480.27,2499.376931050395,2516.5725,2494.3489097262336,2498.4212500000003
2025-03-07,2025-03-08,LightGBM,目标时刻上周同期,2489.320888402072,2480.27,2600.0321,2516.5725,2544.676494201036,2498.4212500000003
2025-03-08,2025-03-09,LightGBM,XGBoost跨日边界,3271.5127186905015,3225.68,3248.09130859375,3292.478,3259.8020136421255,3259.0789999999997
2025-03-08,2025-03-09,LightGBM,历史跨日比例,3271.5127186905015,3225.68,3284.728560640392,3292.478,3278.120639665447,3259.0789999999997
2025-03-08,2025-03-09,LightGBM,目标时刻上周同期,3271.5127186905015,3225.68,3361.4819,3292.478,3316.497309345251,3259.0789999999997
2025-03-09,2025-03-10,LightGBM,XGBoost跨日边界,3385.6845335430844,3396.17,3338.970458984375,3488.6651,3362.3274962637297,3442.41755
2025-03-09,2025-03-10,LightGBM,历史跨日比例,3385.6845335430844,3396.17,3414.446892578483,3488.6651,3400.0657130607838,3442.41755
2025-03-09,2025-03-10,LightGBM,目标时刻上周同期,3385.6845335430844,3396.17,3424.6787,3488.6651,3405.1816167715424,3442.41755
2025-03-10,2025-03-11,LightGBM,XGBoost跨日边界,3381.065599019479,3449.29,3438.1357421875,3510.7186,3409.6006706034896,3480.0043
2025-03-10,2025-03-11,LightGBM,历史跨日比例,3381.065599019479,3449.29,3409.7887188842424,3510.7186,3395.4271589518607,3480.0043
2025-03-10,2025-03-11,LightGBM,目标时刻上周同期,3381.065599019479,3449.29,3407.0972,3510.7186,3394.0813995097396,3480.0043
2025-03-11,2025-03-12,LightGBM,XGBoost跨日边界,3358.8301955157203,3201.35,3370.158447265625,3321.6259,3364.4943213906727,3261.4879499999997
2025-03-11,2025-03-12,LightGBM,历史跨日比例,3358.8301955157203,3201.35,3402.442627755109,3321.6259,3380.6364116354143,3261.4879499999997
2025-03-11,2025-03-12,LightGBM,目标时刻上周同期,3358.8301955157203,3201.35,3411.259,3321.6259,3385.04459775786,3261.4879499999997
2025-03-12,2025-03-13,LightGBM,XGBoost跨日边界,3398.9528664534514,3486.26,3442.7587890625,3617.1514,3420.855827757976,3551.7057000000004
2025-03-12,2025-03-13,LightGBM,历史跨日比例,3398.9528664534514,3486.26,3449.03350040659,3617.1514,3423.9931834300205,3551.7057000000004
2025-03-12,2025-03-13,LightGBM,目标时刻上周同期,3398.9528664534514,3486.26,3401.6642,3617.1514,3400.3085332267256,3551.7057000000004
2025-03-13,2025-03-14,LightGBM,XGBoost跨日边界,2537.669909402312,2440.31,2526.61962890625,2355.0261,2532.1447691542808,2397.66805
2025-03-13,2025-03-14,LightGBM,历史跨日比例,2537.669909402312,2440.31,2575.0602830909233,2355.0261,2556.3650962466177,2397.66805
2025-03-13,2025-03-14,LightGBM,目标时刻上周同期,2537.669909402312,2440.31,2572.0153,2355.0261,2554.8426047011562,2397.66805
2025-03-14,2025-03-15,LightGBM,XGBoost跨日边界,2496.4908119740153,2350.93,2501.084716796875,2545.3728,2498.7877643854454,2448.1513999999997
2025-03-14,2025-03-15,LightGBM,历史跨日比例,2496.4908119740153,2350.93,2533.2744472388076,2545.3728,2514.8826296064117,2448.1513999999997
2025-03-14,2025-03-15,LightGBM,目标时刻上周同期,2496.4908119740153,2350.93,2516.5725,2545.3728,2506.531655987008,2448.1513999999997
2025-03-15,2025-03-16,LightGBM,XGBoost跨日边界,3263.1211193109593,3459.73,3443.651611328125,3473.5801,3353.386365319542,3466.6550500000003
2025-03-15,2025-03-16,LightGBM,历史跨日比例,3263.1211193109593,3459.73,3305.490825554182,3473.5801,3284.3059724325703,3466.6550500000003
2025-03-15,2025-03-16,LightGBM,目标时刻上周同期,3263.1211193109593,3459.73,3292.478,3473.5801,3277.7995596554797,3466.6550500000003
2025-03-16,2025-03-17,LightGBM,XGBoost跨日边界,3431.1442599373327,3564.41,3476.040283203125,3395.9681,3453.592271570229,3480.18905
2025-03-16,2025-03-17,LightGBM,历史跨日比例,3431.1442599373327,3564.41,3481.699206261619,3395.9681,3456.421733099476,3480.18905
2025-03-16,2025-03-17,LightGBM,目标时刻上周同期,3431.1442599373327,3564.41,3488.6651,3395.9681,3459.9046799686666,3480.18905
2025-03-17,2025-03-18,LightGBM,XGBoost跨日边界,3423.011133154256,3365.04,3445.76123046875,3306.312,3434.386181811503,3335.676
2025-03-17,2025-03-18,LightGBM,历史跨日比例,3423.011133154256,3365.04,3467.456917075893,3306.312,3445.2340251150745,3335.676
2025-03-17,2025-03-18,LightGBM,目标时刻上周同期,3423.011133154256,3365.04,3510.7186,3306.312,3466.864866577128,3335.676
2025-03-18,2025-03-19,LightGBM,XGBoost跨日边界,3359.1277981011767,3412.87,3371.780029296875,3431.2079,3365.453913699026,3422.03895
2025-03-18,2025-03-19,LightGBM,历史跨日比例,3359.1277981011767,3412.87,3387.6645500689287,3431.2079,3373.3961740850527,3422.03895
2025-03-18,2025-03-19,LightGBM,目标时刻上周同期,3359.1277981011767,3412.87,3321.6259,3431.2079,3340.376849050588,3422.03895
2025-03-19,2025-03-20,LightGBM,XGBoost跨日边界,3411.2934096748418,3410.51,3363.46044921875,3299.0689,3387.3769294467957,3354.78945
2025-03-19,2025-03-20,LightGBM,历史跨日比例,3411.2934096748418,3410.51,3427.772503168564,3299.0689,3419.5329564217027,3354.78945
2025-03-19,2025-03-20,LightGBM,目标时刻上周同期,3411.2934096748418,3410.51,3617.1514,3299.0689,3514.222404837421,3354.78945
2025-03-20,2025-03-21,LightGBM,XGBoost跨日边界,2525.9483662963758,2401.0,2597.93115234375,2359.4277,2561.939759320063,2380.21385
2025-03-20,2025-03-21,LightGBM,历史跨日比例,2525.9483662963758,2401.0,2537.7905079186835,2359.4277,2531.86943710753,2380.21385
2025-03-20,2025-03-21,LightGBM,目标时刻上周同期,2525.9483662963758,2401.0,2355.0261,2359.4277,2440.487233148188,2380.21385
2025-03-21,2025-03-22,LightGBM,XGBoost跨日边界,2498.307342793033,2450.59,2644.4072265625,2430.3122,2571.3572846777665,2440.4511
2025-03-21,2025-03-22,LightGBM,历史跨日比例,2498.307342793033,2450.59,2510.019897873003,2430.3122,2504.163620333018,2440.4511
2025-03-21,2025-03-22,LightGBM,目标时刻上周同期,2498.307342793033,2450.59,2545.3728,2430.3122,2521.8400713965166,2440.4511
2025-03-22,2025-03-23,LightGBM,XGBoost跨日边界,3363.4033554299026,3487.42,3348.5263671875,3450.6115,3355.964861308701,3469.01575
2025-03-22,2025-03-23,LightGBM,历史跨日比例,3363.4033554299026,3487.42,3379.1716503797898,3450.6115,3371.2875029048464,3469.01575
2025-03-22,2025-03-23,LightGBM,目标时刻上周同期,3363.4033554299026,3487.42,3473.5801,3450.6115,3418.4917277149516,3469.01575
2025-03-23,2025-03-24,LightGBM,XGBoost跨日边界,3431.291043854863,3392.55,3377.198974609375,3547.3049,3404.2450092321187,3469.92745
2025-03-23,2025-03-24,LightGBM,历史跨日比例,3431.291043854863,3392.55,3447.3776096100705,3547.3049,3439.3343267324667,3469.92745
2025-03-23,2025-03-24,LightGBM,目标时刻上周同期,3431.291043854863,3392.55,3395.9681,3547.3049,3413.6295719274312,3469.92745
2025-03-24,2025-03-25,LightGBM,XGBoost跨日边界,3384.7676146874605,3501.11,3389.04248046875,3443.9236,3386.905047578105,3472.5168000000003
2025-03-24,2025-03-25,LightGBM,历史跨日比例,3384.7676146874605,3501.11,3395.640023511302,3443.9236,3390.2038190993812,3472.5168000000003
2025-03-24,2025-03-25,LightGBM,目标时刻上周同期,3384.7676146874605,3501.11,3306.312,3443.9236,3345.53980734373,3472.5168000000003
2025-03-25,2025-03-26,LightGBM,XGBoost跨日边界,3364.6144256800967,3349.46,3322.95703125,3288.8805,3343.785728465048,3319.17025
2025-03-25,2025-03-26,LightGBM,历史跨日比例,3364.6144256800967,3349.46,3380.3883983649716,3288.8805,3372.501412022534,3319.17025
2025-03-25,2025-03-26,LightGBM,目标时刻上周同期,3364.6144256800967,3349.46,3431.2079,3288.8805,3397.9111628400483,3319.17025
2025-03-26,2025-03-27,LightGBM,XGBoost跨日边界,3405.7246954767434,3468.14,3339.572021484375,3344.1586,3372.648358480559,3406.1493
2025-03-26,2025-03-27,LightGBM,历史跨日比例,3405.7246954767434,3468.14,3416.664421758099,3344.1586,3411.194558617421,3406.1493
2025-03-26,2025-03-27,LightGBM,目标时刻上周同期,3405.7246954767434,3468.14,3299.0689,3344.1586,3352.396797738372,3406.1493
2025-03-27,2025-03-28,LightGBM,XGBoost跨日边界,2519.2675764204764,2463.43,2486.98876953125,2320.9786,2503.128172975863,2392.2043
2025-03-27,2025-03-28,LightGBM,历史跨日比例,2519.2675764204764,2463.43,2517.524614719477,2320.9786,2518.3960955699768,2392.2043
2025-03-27,2025-03-28,LightGBM,目标时刻上周同期,2519.2675764204764,2463.43,2359.4277,2320.9786,2439.347638210238,2392.2043
2025-03-28,2025-03-29,LightGBM,XGBoost跨日边界,2478.731460243937,2623.15,2509.140869140625,2589.6557,2493.9361646922807,2606.40285
2025-03-28,2025-03-29,LightGBM,历史跨日比例,2478.731460243937,2623.15,2477.016543558348,2589.6557,2477.8740019011425,2606.40285
2025-03-28,2025-03-29,LightGBM,目标时刻上周同期,2478.731460243937,2623.15,2430.3122,2589.6557,2454.5218301219684,2606.40285
2025-03-29,2025-03-30,LightGBM,XGBoost跨日边界,3385.0014899445855,3416.19,3468.968505859375,3585.3895,3426.98499790198,3500.78975
2025-03-29,2025-03-30,LightGBM,历史跨日比例,3385.0014899445855,3416.19,3382.6595680264772,3585.3895,3383.8305289855316,3500.78975
2025-03-29,2025-03-30,LightGBM,目标时刻上周同期,3385.0014899445855,3416.19,3450.6115,3585.3895,3417.806494972293,3500.78975
2025-03-30,2025-03-31,LightGBM,XGBoost跨日边界,3414.261153233852,3520.7,3410.352294921875,3575.6323,3412.3067240778637,3548.16615
2025-03-30,2025-03-31,LightGBM,历史跨日比例,3414.261153233852,3520.7,3393.6399542911,3575.6323,3403.950553762476,3548.16615
2025-03-30,2025-03-31,LightGBM,目标时刻上周同期,3414.261153233852,3520.7,3547.3049,3575.6323,3480.783026616926,3548.16615
2025-03-31,2025-04-01,LightGBM,XGBoost跨日边界,3407.9993782359797,3355.05,3447.3984375,3533.6798,3427.69890786799,3444.3649
2025-03-31,2025-04-01,LightGBM,历史跨日比例,3407.9993782359797,3355.05,3387.415998693142,3533.6798,3397.7076884645608,3444.3649
2025-03-31,2025-04-01,LightGBM,目标时刻上周同期,3407.9993782359797,3355.05,3443.9236,3533.6798,3425.96148911799,3444.3649
2025-04-01,2025-04-02,LightGBM,XGBoost跨日边界,3399.8497992837974,3423.61,3384.672607421875,3564.2691,3392.261203352836,3493.93955
2025-04-01,2025-04-02,LightGBM,历史跨日比例,3399.8497992837974,3423.61,3379.315640957888,3564.2691,3389.5827201208426,3493.93955
2025-04-01,2025-04-02,LightGBM,目标时刻上周同期,3399.8497992837974,3423.61,3288.8805,3564.2691,3344.365149641899,3493.93955
2025-04-02,2025-04-03,LightGBM,XGBoost跨日边界,3422.8558225053735,3279.03,3337.998779296875,3404.4367,3380.427300901124,3341.7333500000004
2025-04-02,2025-04-03,LightGBM,历史跨日比例,3422.8558225053735,3279.03,3412.837849865566,3404.4367,3417.84683618547,3341.7333500000004
2025-04-02,2025-04-03,LightGBM,目标时刻上周同期,3422.8558225053735,3279.03,3344.1586,3404.4367,3383.507211252687,3341.7333500000004
2025-04-03,2025-04-04,LightGBM,XGBoost跨日边界,2531.557287943209,2234.15,2522.146484375,2288.9737,2526.8518861591047,2261.56185
2025-04-03,2025-04-04,LightGBM,历史跨日比例,2531.557287943209,2234.15,2526.1506044346665,2288.9737,2528.8539461889377,2261.56185
2025-04-03,2025-04-04,LightGBM,目标时刻上周同期,2531.557287943209,2234.15,2320.9786,2288.9737,2426.2679439716044,2261.56185
2025-04-04,2025-04-05,LightGBM,XGBoost跨日边界,2486.53963249503,2489.47,2487.30712890625,2313.0806,2486.9233807006403,2401.2753
2025-04-04,2025-04-05,LightGBM,历史跨日比例,2486.53963249503,2489.47,2498.197018239879,2313.0806,2492.3683253674544,2401.2753
2025-04-04,2025-04-05,LightGBM,目标时刻上周同期,2486.53963249503,2489.47,2589.6557,2313.0806,2538.097666247515,2401.2753
2025-04-05,2025-04-06,LightGBM,XGBoost跨日边界,3372.6585831135717,3305.13,3413.25341796875,3398.2558,3392.956000541161,3351.6929
2025-04-05,2025-04-06,LightGBM,历史跨日比例,3372.6585831135717,3305.13,3406.4014797165673,3398.2558,3389.5300314150695,3351.6929
2025-04-05,2025-04-06,LightGBM,目标时刻上周同期,3372.6585831135717,3305.13,3585.3895,3398.2558,3479.024041556786,3351.6929
2025-04-06,2025-04-07,LightGBM,XGBoost跨日边界,3410.7554864911376,3237.23,3365.74755859375,3358.3526,3388.251522542444,3297.7913
2025-04-06,2025-04-07,LightGBM,历史跨日比例,3410.7554864911376,3237.23,3426.7457775236157,3358.3526,3418.7506320073767,3297.7913
2025-04-06,2025-04-07,LightGBM,目标时刻上周同期,3410.7554864911376,3237.23,3575.6323,3358.3526,3493.1938932455687,3297.7913
2025-04-07,2025-04-08,LightGBM,XGBoost跨日边界,3392.201230199254,3465.82,3395.513427734375,3587.5611,3393.8573289668147,3526.6905500000003
2025-04-07,2025-04-08,LightGBM,历史跨日比例,3392.201230199254,3465.82,3408.1045352372294,3587.5611,3400.152882718242,3526.6905500000003
2025-04-07,2025-04-08,LightGBM,目标时刻上周同期,3392.201230199254,3465.82,3533.6798,3587.5611,3462.940515099627,3526.6905500000003
2025-04-08,2025-04-09,LightGBM,XGBoost跨日边界,3388.6257367985313,3528.49,3340.611572265625,3448.2221,3364.618654532078,3488.35605
2025-04-08,2025-04-09,LightGBM,历史跨日比例,3388.6257367985313,3528.49,3404.512279221805,3448.2221,3396.569008010168,3488.35605
2025-04-08,2025-04-09,LightGBM,目标时刻上周同期,3388.6257367985313,3528.49,3564.2691,3448.2221,3476.4474183992656,3488.35605
2025-04-09,2025-04-10,LightGBM,XGBoost跨日边界,3396.5678636006046,3385.28,3400.2578125,3293.9067,3398.4128380503025,3339.59335
2025-04-09,2025-04-10,LightGBM,历史跨日比例,3396.5678636006046,3385.28,3412.4916402728545,3293.9067,3404.5297519367296,3339.59335
2025-04-09,2025-04-10,LightGBM,目标时刻上周同期,3396.5678636006046,3385.28,3404.4367,3293.9067,3400.5022818003026,3339.59335
2025-04-10,2025-04-11,LightGBM,XGBoost跨日边界,2502.6261230415853,2353.89,2489.02880859375,2343.2886,2495.827465817668,2348.5892999999996
2025-04-10,2025-04-11,LightGBM,历史跨日比例,2502.6261230415853,2353.89,2497.2812282402947,2343.2886,2499.9536756409398,2348.5892999999996
2025-04-10,2025-04-11,LightGBM,目标时刻上周同期,2502.6261230415853,2353.89,2288.9737,2343.2886,2395.7999115207926,2348.5892999999996
2025-04-11,2025-04-12,LightGBM,XGBoost跨日边界,2488.0889788967643,2521.9,2508.439453125,2403.9977,2498.264216010882,2462.9488499999998
2025-04-11,2025-04-12,LightGBM,历史跨日比例,2488.0889788967643,2521.9,2464.6644781778373,2403.9977,2476.3767285373006,2462.9488499999998
2025-04-11,2025-04-12,LightGBM,目标时刻上周同期,2488.0889788967643,2521.9,2313.0806,2403.9977,2400.5847894483823,2462.9488499999998
2025-04-12,2025-04-13,LightGBM,XGBoost跨日边界,3362.7736445223763,3430.32,3446.497802734375,3500.9734,3404.6357236283757,3465.6467000000002
2025-04-12,2025-04-13,LightGBM,历史跨日比例,3362.7736445223763,3430.32,3341.2881451767134,3500.9734,3352.030894849545,3465.6467000000002
2025-04-12,2025-04-13,LightGBM,目标时刻上周同期,3362.7736445223763,3430.32,3398.2558,3500.9734,3380.514722261188,3465.6467000000002
2025-04-13,2025-04-14,LightGBM,XGBoost跨日边界,3375.6799117655028,3207.28,3399.756103515625,3253.7645,3387.718007640564,3230.52225
2025-04-13,2025-04-14,LightGBM,历史跨日比例,3375.6799117655028,3207.28,3343.8990481425785,3253.7645,3359.789479954041,3230.52225
2025-04-13,2025-04-14,LightGBM,目标时刻上周同期,3375.6799117655028,3207.28,3358.3526,3253.7645,3367.0162558827515,3230.52225
2025-04-14,2025-04-15,LightGBM,XGBoost跨日边界,3377.9205877502172,3317.75,3414.805419921875,3393.4435,3396.363003836046,3355.5967499999997
2025-04-14,2025-04-15,LightGBM,历史跨日比例,3377.9205877502172,3317.75,3346.1186289346933,3393.4435,3362.0196083424553,3355.5967499999997
2025-04-14,2025-04-15,LightGBM,目标时刻上周同期,3377.9205877502172,3317.75,3587.5611,3393.4435,3482.7408438751086,3355.5967499999997
2025-04-15,2025-04-16,LightGBM,XGBoost跨日边界,3401.2976918184977,3253.27,3394.8203125,3410.4015,3398.059002159249,3331.83575
2025-04-15,2025-04-16,LightGBM,历史跨日比例,3401.2976918184977,3253.27,3379.5660538740262,3410.4015,3390.431872846262,3331.83575
2025-04-15,2025-04-16,LightGBM,目标时刻上周同期,3401.2976918184977,3253.27,3448.2221,3410.4015,3424.759895909249,3331.83575
2025-04-16,2025-04-17,LightGBM,XGBoost跨日边界,3331.8900699392248,3440.02,3386.03125,3350.8639,3358.9606599696126,3395.44195
2025-04-16,2025-04-17,LightGBM,历史跨日比例,3331.8900699392248,3440.02,3333.338412822298,3350.8639,3332.614241380761,3395.44195
2025-04-16,2025-04-17,LightGBM,目标时刻上周同期,3331.8900699392248,3440.02,3293.9067,3350.8639,3312.8983849696124,3395.44195
2025-04-17,2025-04-18,LightGBM,XGBoost跨日边界,2491.4633424447616,2337.22,2452.0810546875,2427.4102,2471.772198566131,2382.3151
2025-04-17,2025-04-18,LightGBM,历史跨日比例,2491.4633424447616,2337.22,2503.907771860018,2427.4102,2497.6855571523897,2382.3151
2025-04-17,2025-04-18,LightGBM,目标时刻上周同期,2491.4633424447616,2337.22,2343.2886,2427.4102,2417.375971222381,2382.3151
2025-04-18,2025-04-19,LightGBM,XGBoost跨日边界,2463.398501646467,2401.15,2486.72021484375,2602.7429,2475.0593582451083,2501.9464500000004
2025-04-18,2025-04-19,LightGBM,历史跨日比例,2463.398501646467,2401.15,2475.7027520254055,2602.7429,2469.5506268359363,2501.9464500000004
2025-04-18,2025-04-19,LightGBM,目标时刻上周同期,2463.398501646467,2401.15,2403.9977,2602.7429,2433.6981008232333,2501.9464500000004
2025-04-19,2025-04-20,LightGBM,XGBoost跨日边界,3324.5350072197793,3429.12,3405.25537109375,3406.0222,3364.895189156765,3417.5711
2025-04-19,2025-04-20,LightGBM,历史跨日比例,3324.5350072197793,3429.12,3374.5627727963824,3406.0222,3349.548890008081,3417.5711
2025-04-19,2025-04-20,LightGBM,目标时刻上周同期,3324.5350072197793,3429.12,3500.9734,3406.0222,3412.7542036098894,3417.5711
2025-04-20,2025-04-21,LightGBM,XGBoost跨日边界,3351.691708770641,3556.38,3408.880859375,3462.3791,3380.2862840728203,3509.37955
2025-04-20,2025-04-21,LightGBM,历史跨日比例,3351.691708770641,3556.38,3412.3563258288777,3462.3791,3382.024017299759,3509.37955
2025-04-20,2025-04-21,LightGBM,目标时刻上周同期,3351.691708770641,3556.38,3253.7645,3462.3791,3302.728104385321,3509.37955
2025-04-21,2025-04-22,LightGBM,XGBoost跨日边界,3393.0205173963695,3275.05,3397.53515625,3359.0032,3395.2778368231848,3317.0266
2025-04-21,2025-04-22,LightGBM,历史跨日比例,3393.0205173963695,3275.05,3454.4331735246055,3359.0032,3423.7268454604873,3317.0266
2025-04-21,2025-04-22,LightGBM,目标时刻上周同期,3393.0205173963695,3275.05,3393.4435,3359.0032,3393.2320086981845,3317.0266
2025-04-22,2025-04-23,LightGBM,XGBoost跨日边界,3382.519602011184,3663.48,3356.464111328125,3636.2405,3369.491856669654,3649.8602499999997
2025-04-22,2025-04-23,LightGBM,历史跨日比例,3382.519602011184,3663.48,3433.41992260946,3636.2405,3407.969762310322,3649.8602499999997
2025-04-22,2025-04-23,LightGBM,目标时刻上周同期,3382.519602011184,3663.48,3410.4015,3636.2405,3396.4605510055917,3649.8602499999997
2025-04-23,2025-04-24,LightGBM,XGBoost跨日边界,3392.17345741972,3475.26,3398.691162109375,3503.3495,3395.4323097645474,3489.3047500000002
2025-04-23,2025-04-24,LightGBM,历史跨日比例,3392.17345741972,3475.26,3453.57078201583,3503.3495,3422.8721197177747,3489.3047500000002
2025-04-23,2025-04-24,LightGBM,目标时刻上周同期,3392.17345741972,3475.26,3350.8639,3503.3495,3371.51867870986,3489.3047500000002
2025-04-24,2025-04-25,LightGBM,XGBoost跨日边界,2535.475914871144,2493.69,2447.12646484375,2415.768,2491.301189857447,2454.7290000000003
2025-04-24,2025-04-25,LightGBM,历史跨日比例,2535.475914871144,2493.69,2581.3672702823665,2415.768,2558.4215925767553,2454.7290000000003
2025-04-24,2025-04-25,LightGBM,目标时刻上周同期,2535.475914871144,2493.69,2427.4102,2415.768,2481.443057435572,2454.7290000000003
2025-04-25,2025-04-26,LightGBM,XGBoost跨日边界,2480.54432653738,2264.26,2488.742919921875,2361.9963,2484.6436232296273,2313.12815
2025-04-25,2025-04-26,LightGBM,历史跨日比例,2480.54432653738,2264.26,2525.4414366360197,2361.9963,2502.9928815866997,2313.12815
2025-04-25,2025-04-26,LightGBM,目标时刻上周同期,2480.54432653738,2264.26,2602.7429,2361.9963,2541.6436132686904,2313.12815
2025-04-26,2025-04-27,LightGBM,XGBoost跨日边界,3360.283825789751,3346.82,3433.640625,3333.9964,3396.9622253948755,3340.4082
2025-04-26,2025-04-27,LightGBM,历史跨日比例,3360.283825789751,3346.82,3421.1039575951586,3333.9964,3390.6938916924546,3340.4082
2025-04-26,2025-04-27,LightGBM,目标时刻上周同期,3360.283825789751,3346.82,3406.0222,3333.9964,3383.1530128948752,3340.4082
2025-04-27,2025-04-28,LightGBM,XGBoost跨日边界,3358.498908005146,3635.53,3347.96142578125,3529.6765,3353.2301668931977,3582.60325
2025-04-27,2025-04-28,LightGBM,历史跨日比例,3358.498908005146,3635.53,3431.3975551561207,3529.6765,3394.9482315806335,3582.60325
2025-04-27,2025-04-28,LightGBM,目标时刻上周同期,3358.498908005146,3635.53,3462.3791,3529.6765,3410.439004002573,3582.60325
2025-04-28,2025-04-29,LightGBM,XGBoost跨日边界,3353.5228651671714,3447.14,3470.8984375,3409.9503,3412.2106513335857,3428.54515
2025-04-28,2025-04-29,LightGBM,历史跨日比例,3353.5228651671714,3447.14,3414.220625608279,3409.9503,3383.8717453877252,3428.54515
2025-04-28,2025-04-29,LightGBM,目标时刻上周同期,3353.5228651671714,3447.14,3359.0032,3409.9503,3356.2630325835858,3428.54515
2025-04-29,2025-04-30,LightGBM,XGBoost跨日边界,3383.2026811217215,3256.37,3329.6416015625,3499.9191,3356.422141342111,3378.14455
2025-04-29,2025-04-30,LightGBM,历史跨日比例,3383.2026811217215,3256.37,3442.5612614579495,3499.9191,3412.8819712898357,3378.14455
2025-04-29,2025-04-30,LightGBM,目标时刻上周同期,3383.2026811217215,3256.37,3636.2405,3499.9191,3509.721590560861,3378.14455
2025-04-30,2025-05-01,LightGBM,XGBoost跨日边界,3380.1681017260307,3791.19,3391.55224609375,3587.1893,3385.8601739098904,3689.1896500000003
2025-04-30,2025-05-01,LightGBM,历史跨日比例,3380.1681017260307,3791.19,3418.323672983005,3587.1893,3399.245887354518,3689.1896500000003
2025-04-30,2025-05-01,LightGBM,目标时刻上周同期,3380.1681017260307,3791.19,3503.3495,3587.1893,3441.7588008630155,3689.1896500000003
2025-05-01,2025-05-02,LightGBM,XGBoost跨日边界,2522.4179426856704,2577.89,2472.614013671875,2519.1235,2497.5159781787725,2548.50675
2025-05-01,2025-05-02,LightGBM,历史跨日比例,2522.4179426856704,2577.89,2550.8911708375094,2519.1235,2536.65455676159,2548.50675
2025-05-01,2025-05-02,LightGBM,目标时刻上周同期,2522.4179426856704,2577.89,2415.768,2519.1235,2469.092971342835,2548.50675
2025-05-02,2025-05-03,LightGBM,XGBoost跨日边界,2543.562159383123,2676.09,2505.298583984375,2474.8848,2524.430371683749,2575.4874
2025-05-02,2025-05-03,LightGBM,历史跨日比例,2543.562159383123,2676.09,2548.9686624798346,2474.8848,2546.265410931479,2575.4874
2025-05-02,2025-05-03,LightGBM,目标时刻上周同期,2543.562159383123,2676.09,2361.9963,2474.8848,2452.7792296915613,2575.4874
2025-05-03,2025-05-04,LightGBM,XGBoost跨日边界,3499.8727828294923,3576.17,3384.220947265625,3600.878,3442.0468650475586,3588.5240000000003
2025-05-03,2025-05-04,LightGBM,历史跨日比例,3499.8727828294923,3576.17,3485.286439524199,3600.878,3492.579611176846,3588.5240000000003
2025-05-03,2025-05-04,LightGBM,目标时刻上周同期,3499.8727828294923,3576.17,3333.9964,3600.878,3416.934591414746,3588.5240000000003
2025-05-04,2025-05-05,LightGBM,XGBoost跨日边界,3535.9051512914984,3478.5,3379.697998046875,3724.6146,3457.8015746691867,3601.5573
2025-05-04,2025-05-05,LightGBM,历史跨日比例,3535.9051512914984,3478.5,3521.168636671674,3724.6146,3528.536893981586,3601.5573
2025-05-04,2025-05-05,LightGBM,目标时刻上周同期,3535.9051512914984,3478.5,3529.6765,3724.6146,3532.7908256457495,3601.5573
2025-05-05,2025-05-06,LightGBM,XGBoost跨日边界,3531.822958652331,3471.86,3392.1884765625,3434.9695,3462.0057176074156,3453.41475
2025-05-05,2025-05-06,LightGBM,历史跨日比例,3531.822958652331,3471.86,3517.1034572975504,3434.9695,3524.463207974941,3453.41475
2025-05-05,2025-05-06,LightGBM,目标时刻上周同期,3531.822958652331,3471.86,3409.9503,3434.9695,3470.8866293261653,3453.41475
2025-05-06,2025-05-07,LightGBM,XGBoost跨日边界,3554.1545957476424,3646.95,3423.934814453125,3479.9819,3489.044705100384,3563.46595
2025-05-06,2025-05-07,LightGBM,历史跨日比例,3554.1545957476424,3646.95,3539.34202331701,3479.9819,3546.748309532326,3563.46595
2025-05-06,2025-05-07,LightGBM,目标时刻上周同期,3554.1545957476424,3646.95,3499.9191,3479.9819,3527.036847873821,3563.46595
2025-05-07,2025-05-08,LightGBM,XGBoost跨日边界,3587.25100776453,3732.12,3405.01318359375,3561.6798,3496.13209567914,3646.8999
2025-05-07,2025-05-08,LightGBM,历史跨日比例,3587.25100776453,3732.12,3567.091447265365,3561.6798,3577.1712275149475,3646.8999
2025-05-07,2025-05-08,LightGBM,目标时刻上周同期,3587.25100776453,3732.12,3587.1893,3561.6798,3587.220153882265,3646.8999
2025-05-08,2025-05-09,LightGBM,XGBoost跨日边界,2754.7591035103524,2707.67,2518.877197265625,2599.3019,2636.8181503879887,2653.4859500000002
2025-05-08,2025-05-09,LightGBM,历史跨日比例,2754.7591035103524,2707.67,2739.2779641399434,2599.3019,2747.0185338251476,2653.4859500000002
2025-05-08,2025-05-09,LightGBM,目标时刻上周同期,2754.7591035103524,2707.67,2519.1235,2599.3019,2636.941301755176,2653.4859500000002
2025-05-09,2025-05-10,LightGBM,XGBoost跨日边界,2702.3975459328017,2309.07,2490.880859375,2346.7852,2596.6392026539006,2327.9276
2025-05-09,2025-05-10,LightGBM,历史跨日比例,2702.3975459328017,2309.07,2687.210666982288,2346.7852,2694.8041064575445,2327.9276
2025-05-09,2025-05-10,LightGBM,目标时刻上周同期,2702.3975459328017,2309.07,2474.8848,2346.7852,2588.6411729664005,2327.9276
2025-05-10,2025-05-11,LightGBM,XGBoost跨日边界,3526.081758487738,3508.15,3261.17724609375,3481.4968,3393.6295022907443,3494.8234
2025-05-10,2025-05-11,LightGBM,历史跨日比例,3526.081758487738,3508.15,3501.0973585042143,3481.4968,3513.5895584959762,3494.8234
2025-05-10,2025-05-11,LightGBM,目标时刻上周同期,3526.081758487738,3508.15,3600.878,3481.4968,3563.479879243869,3494.8234
2025-05-11,2025-05-12,LightGBM,XGBoost跨日边界,3563.6966994435716,3718.16,3438.532470703125,3550.165,3501.1145850733483,3634.1625
2025-05-11,2025-05-12,LightGBM,历史跨日比例,3563.6966994435716,3718.16,3544.867269948168,3550.165,3554.28198469587,3634.1625
2025-05-11,2025-05-12,LightGBM,目标时刻上周同期,3563.6966994435716,3718.16,3724.6146,3550.165,3644.1556497217857,3634.1625
2025-05-12,2025-05-13,LightGBM,XGBoost跨日边界,3593.990860005217,3340.5,3498.96875,3341.0226,3546.4798050026084,3340.7613
2025-05-12,2025-05-13,LightGBM,历史跨日比例,3593.990860005217,3340.5,3568.5252833868212,3341.0226,3581.258071696019,3340.7613
2025-05-12,2025-05-13,LightGBM,目标时刻上周同期,3593.990860005217,3340.5,3434.9695,3341.0226,3514.480180002609,3340.7613
2025-05-13,2025-05-14,LightGBM,XGBoost跨日边界,3555.1089772651003,3317.83,3440.669189453125,3304.7077,3497.8890833591126,3311.26885
2025-05-13,2025-05-14,LightGBM,历史跨日比例,3555.1089772651003,3317.83,3528.387133497535,3304.7077,3541.7480553813175,3311.26885
2025-05-13,2025-05-14,LightGBM,目标时刻上周同期,3555.1089772651003,3317.83,3479.9819,3304.7077,3517.54543863255,3311.26885
2025-05-14,2025-05-15,LightGBM,XGBoost跨日边界,3546.5519103772517,3615.61,3429.38134765625,3426.4425,3487.9666290167506,3521.02625
2025-05-14,2025-05-15,LightGBM,历史跨日比例,3546.5519103772517,3615.61,3519.8943854831577,3426.4425,3533.2231479302045,3521.02625
2025-05-14,2025-05-15,LightGBM,目标时刻上周同期,3546.5519103772517,3615.61,3561.6798,3426.4425,3554.1158551886256,3521.02625
2025-05-15,2025-05-16,LightGBM,XGBoost跨日边界,2632.4764568042974,2648.72,2508.853759765625,2485.8649,2570.665108284961,2567.29245
2025-05-15,2025-05-16,LightGBM,历史跨日比例,2632.4764568042974,2648.72,2612.6895458965387,2485.8649,2622.5830013504183,2567.29245
2025-05-15,2025-05-16,LightGBM,目标时刻上周同期,2632.4764568042974,2648.72,2599.3019,2485.8649,2615.889178402149,2567.29245
2025-05-16,2025-05-17,LightGBM,XGBoost跨日边界,2571.3270946999005,2594.84,2476.39208984375,2566.1507,2523.859592271825,2580.49535
2025-05-16,2025-05-17,LightGBM,历史跨日比例,2571.3270946999005,2594.84,2551.999810687151,2566.1507,2561.663452693526,2580.49535
2025-05-16,2025-05-17,LightGBM,目标时刻上周同期,2571.3270946999005,2594.84,2346.7852,2566.1507,2459.05614734995,2580.49535
2025-05-17,2025-05-18,LightGBM,XGBoost跨日边界,3494.2037653969005,3636.98,3340.1298828125,3537.2003,3417.1668241047,3587.09015
2025-05-17,2025-05-18,LightGBM,历史跨日比例,3494.2037653969005,3636.98,3462.3661860668512,3537.2003,3478.284975731876,3587.09015
2025-05-17,2025-05-18,LightGBM,目标时刻上周同期,3494.2037653969005,3636.98,3481.4968,3537.2003,3487.8502826984504,3587.09015
2025-05-18,2025-05-19,LightGBM,XGBoost跨日边界,3522.3613883109942,3618.11,3482.84912109375,3568.1539,3502.605254702372,3593.13195
2025-05-18,2025-05-19,LightGBM,历史跨日比例,3522.3613883109942,3618.11,3484.64721974603,3568.1539,3503.504304028512,3593.13195
2025-05-18,2025-05-19,LightGBM,目标时刻上周同期,3522.3613883109942,3618.11,3550.165,3568.1539,3536.2631941554973,3593.13195
2025-05-19,2025-05-20,LightGBM,XGBoost跨日边界,3512.5596539281137,3637.99,3445.17626953125,3538.0878,3478.867961729682,3588.0388999999996
2025-05-19,2025-05-20,LightGBM,历史跨日比例,3512.5596539281137,3637.99,3474.193975086773,3538.0878,3493.3768145074437,3588.0388999999996
2025-05-19,2025-05-20,LightGBM,目标时刻上周同期,3512.5596539281137,3637.99,3341.0226,3538.0878,3426.7911269640567,3588.0388999999996
2025-05-20,2025-05-21,LightGBM,XGBoost跨日边界,3493.58408811257,3492.2,3396.07470703125,3478.055,3444.82939757191,3485.1274999999996
2025-05-20,2025-05-21,LightGBM,历史跨日比例,3493.58408811257,3492.2,3455.425668516805,3478.055,3474.5048783146876,3485.1274999999996
2025-05-20,2025-05-21,LightGBM,目标时刻上周同期,3493.58408811257,3492.2,3304.7077,3478.055,3399.145894056285,3485.1274999999996
2025-05-21,2025-05-22,LightGBM,XGBoost跨日边界,3584.72106206599,3647.14,3378.3623046875,3448.5525,3481.541683376745,3547.8462499999996
2025-05-21,2025-05-22,LightGBM,历史跨日比例,3584.72106206599,3647.14,3540.1566611772214,3448.5525,3562.4388616216056,3547.8462499999996
2025-05-21,2025-05-22,LightGBM,目标时刻上周同期,3584.72106206599,3647.14,3426.4425,3448.5525,3505.581781032995,3547.8462499999996
2025-05-22,2025-05-23,LightGBM,XGBoost跨日边界,2655.661880615005,2555.47,2538.59619140625,2414.4389,2597.1290360106277,2484.95445
2025-05-22,2025-05-23,LightGBM,历史跨日比例,2655.661880615005,2555.47,2622.647322822734,2414.4389,2639.1546017188693,2484.95445
2025-05-22,2025-05-23,LightGBM,目标时刻上周同期,2655.661880615005,2555.47,2485.8649,2414.4389,2570.7633903075025,2484.95445
2025-05-23,2025-05-24,LightGBM,XGBoost跨日边界,2615.169948178217,2564.43,2476.101806640625,2594.4578,2545.635877409421,2579.4439
2025-05-23,2025-05-24,LightGBM,历史跨日比例,2615.169948178217,2564.43,2567.3076398624353,2594.4578,2591.238794020326,2579.4439
2025-05-23,2025-05-24,LightGBM,目标时刻上周同期,2615.169948178217,2564.43,2566.1507,2594.4578,2590.6603240891086,2579.4439
2025-05-24,2025-05-25,LightGBM,XGBoost跨日边界,3495.310822406904,3367.67,3476.30615234375,3533.452,3485.808487375327,3450.561
2025-05-24,2025-05-25,LightGBM,历史跨日比例,3495.310822406904,3367.67,3431.340354882196,3533.452,3463.3255886445504,3450.561
2025-05-24,2025-05-25,LightGBM,目标时刻上周同期,3495.310822406904,3367.67,3537.2003,3533.452,3516.255561203452,3450.561
2025-05-25,2025-05-26,LightGBM,XGBoost跨日边界,3549.960864697422,3267.09,3529.1337890625,3265.0194,3539.547326879961,3266.0547
2025-05-25,2025-05-26,LightGBM,历史跨日比例,3549.960864697422,3267.09,3484.99020321767,3265.0194,3517.475533957546,3266.0547
2025-05-25,2025-05-26,LightGBM,目标时刻上周同期,3549.960864697422,3267.09,3568.1539,3265.0194,3559.057382348711,3266.0547
2025-05-26,2025-05-27,LightGBM,XGBoost跨日边界,3467.9874353300847,3464.52,3503.46484375,3640.4009,3485.7261395400424,3552.46045
2025-05-26,2025-05-27,LightGBM,历史跨日比例,3467.9874353300847,3464.52,3404.51703487651,3640.4009,3436.2522351032976,3552.46045
2025-05-26,2025-05-27,LightGBM,目标时刻上周同期,3467.9874353300847,3464.52,3538.0878,3640.4009,3503.0376176650425,3552.46045
2025-05-27,2025-05-28,LightGBM,XGBoost跨日边界,3463.207598714571,3505.28,3384.646484375,3425.7937,3423.9270415447854,3465.5368500000004
2025-05-27,2025-05-28,LightGBM,历史跨日比例,3463.207598714571,3505.28,3420.153824343296,3425.7937,3441.6807115289334,3465.5368500000004
2025-05-27,2025-05-28,LightGBM,目标时刻上周同期,3463.207598714571,3505.28,3478.055,3425.7937,3470.6312993572856,3465.5368500000004
2025-05-28,2025-05-29,LightGBM,XGBoost跨日边界,3525.7478618062405,3667.5,3419.078125,3636.8164,3472.4129934031203,3652.1582
2025-05-28,2025-05-29,LightGBM,历史跨日比例,3525.7478618062405,3667.5,3481.9166017372363,3636.8164,3503.8322317717384,3652.1582
2025-05-28,2025-05-29,LightGBM,目标时刻上周同期,3525.7478618062405,3667.5,3448.5525,3636.8164,3487.15018090312,3652.1582
2025-05-29,2025-05-30,LightGBM,XGBoost跨日边界,2652.3824465318335,2455.95,2522.684326171875,2314.4079,2587.5333863518545,2385.17895
2025-05-29,2025-05-30,LightGBM,历史跨日比例,2652.3824465318335,2455.95,2603.998482728459,2314.4079,2628.1904646301464,2385.17895
2025-05-29,2025-05-30,LightGBM,目标时刻上周同期,2652.3824465318335,2455.95,2414.4389,2314.4079,2533.4106732659166,2385.17895
2025-05-30,2025-05-31,LightGBM,XGBoost跨日边界,2570.9729664047272,2476.42,2528.07177734375,2596.8568,2549.5223718742386,2536.6384
2025-05-30,2025-05-31,LightGBM,历史跨日比例,2570.9729664047272,2476.42,2539.011241080689,2596.8568,2554.9921037427084,2536.6384
2025-05-30,2025-05-31,LightGBM,目标时刻上周同期,2570.9729664047272,2476.42,2594.4578,2596.8568,2582.7153832023637,2536.6384
2025-05-31,2025-06-01,LightGBM,XGBoost跨日边界,3430.5542098503147,4191.11,3489.53076171875,4313.5613,3460.0424857845323,4252.33565
2025-05-31,2025-06-01,LightGBM,历史跨日比例,3430.5542098503147,4191.11,3387.90637465437,4313.5613,3409.230292252342,4252.33565
2025-05-31,2025-06-01,LightGBM,目标时刻上周同期,3430.5542098503147,4191.11,3533.452,4313.5613,3482.0031049251575,4252.33565
2025-06-01,2025-06-02,LightGBM,XGBoost跨日边界,3469.20426991177,4074.69,3501.944091796875,4174.7567,3485.5741808543225,4124.72335
2025-06-01,2025-06-02,LightGBM,历史跨日比例,3469.20426991177,4074.69,3431.5948673681523,4174.7567,3450.399568639961,4124.72335
2025-06-01,2025-06-02,LightGBM,目标时刻上周同期,3469.20426991177,4074.69,3265.0194,4174.7567,3367.111834955885,4124.72335
2025-06-02,2025-06-03,LightGBM,XGBoost跨日边界,3948.8084145675944,4001.61,3497.937255859375,4120.339,3723.372835213485,4060.9745000000003
2025-06-02,2025-06-03,LightGBM,历史跨日比例,3948.8084145675944,4001.61,3905.9996568016886,4120.339,3927.4040356846417,4060.9745000000003
2025-06-02,2025-06-03,LightGBM,目标时刻上周同期,3948.8084145675944,4001.61,3640.4009,4120.339,3794.604657283797,4060.9745000000003
2025-06-03,2025-06-04,LightGBM,XGBoost跨日边界,3999.7752033412908,4200.62,3553.964111328125,4059.6256,3776.869657334708,4130.1228
2025-06-03,2025-06-04,LightGBM,历史跨日比例,3999.7752033412908,4200.62,3956.4139181580836,4059.6256,3978.094560749687,4130.1228
2025-06-03,2025-06-04,LightGBM,目标时刻上周同期,3999.7752033412908,4200.62,3425.7937,4059.6256,3712.7844516706455,4130.1228
2025-06-04,2025-06-05,LightGBM,XGBoost跨日边界,4012.913207157125,4210.89,3712.94384765625,4149.5418,3862.9285274066874,4180.2159
2025-06-04,2025-06-05,LightGBM,历史跨日比例,4012.913207157125,4210.89,3973.9425193871184,4149.5418,3993.4278632721216,4180.2159
2025-06-04,2025-06-05,LightGBM,目标时刻上周同期,4012.913207157125,4210.89,3636.8164,4149.5418,3824.8648035785627,4180.2159
2025-06-05,2025-06-06,LightGBM,XGBoost跨日边界,2863.4787869407523,3310.03,2948.39013671875,3019.7242,2905.934461829751,3164.8771
2025-06-05,2025-06-06,LightGBM,历史跨日比例,2863.4787869407523,3310.03,2835.670625642153,3019.7242,2849.5747062914525,3164.8771
2025-06-05,2025-06-06,LightGBM,目标时刻上周同期,2863.4787869407523,3310.03,2314.4079,3019.7242,2588.943343470376,3164.8771
2025-06-06,2025-06-07,LightGBM,XGBoost跨日边界,2826.315446707308,2903.8,3001.391357421875,3023.5774,2913.8534020645916,2963.6887
2025-06-06,2025-06-07,LightGBM,历史跨日比例,2826.315446707308,2903.8,2798.8681905302415,3023.5774,2812.5918186187746,2963.6887
2025-06-06,2025-06-07,LightGBM,目标时刻上周同期,2826.315446707308,2903.8,2596.8568,3023.5774,2711.5861233536543,2963.6887
2025-06-07,2025-06-08,LightGBM,XGBoost跨日边界,4154.679662581767,4175.29,3380.484130859375,4173.8346,3767.581896720571,4174.5623
2025-06-07,2025-06-08,LightGBM,历史跨日比例,4154.679662581767,4175.29,4114.332235274817,4173.8346,4134.505948928292,4174.5623
2025-06-07,2025-06-08,LightGBM,目标时刻上周同期,4154.679662581767,4175.29,4313.5613,4173.8346,4234.120481290884,4174.5623
2025-06-08,2025-06-09,LightGBM,XGBoost跨日边界,4116.583263534833,4127.52,3873.5576171875,4028.4969,3995.0704403611667,4078.0084500000003
2025-06-08,2025-06-09,LightGBM,历史跨日比例,4116.583263534833,4127.52,4076.605802582943,4028.4969,4096.594533058888,4078.0084500000003
2025-06-08,2025-06-09,LightGBM,目标时刻上周同期,4116.583263534833,4127.52,4174.7567,4028.4969,4145.669981767416,4078.0084500000003
2025-06-09,2025-06-10,LightGBM,XGBoost跨日边界,4134.433724595783,4215.96,3778.31689453125,4293.8723,3956.3753095635166,4254.91615
2025-06-09,2025-06-10,LightGBM,历史跨日比例,4134.433724595783,4215.96,4094.2829120888887,4293.8723,4114.358318342336,4254.91615
2025-06-09,2025-06-10,LightGBM,目标时刻上周同期,4134.433724595783,4215.96,4120.339,4293.8723,4127.3863622978915,4254.91615
2025-06-10,2025-06-11,LightGBM,XGBoost跨日边界,4222.355297949676,4222.03,3833.763671875,4152.2007,4028.059484912338,4187.11535
2025-06-10,2025-06-11,LightGBM,历史跨日比例,4222.355297949676,4222.03,4181.3506508327255,4152.2007,4201.8529743912,4187.11535
2025-06-10,2025-06-11,LightGBM,目标时刻上周同期,4222.355297949676,4222.03,4059.6256,4152.2007,4140.990448974838,4187.11535
2025-06-11,2025-06-12,LightGBM,XGBoost跨日边界,4253.7241507472745,4112.1,3987.1337890625,4027.3318,4120.428969904888,4069.7159
2025-06-11,2025-06-12,LightGBM,历史跨日比例,4253.7241507472745,4112.1,4212.414870635546,4027.3318,4233.06951069141,4069.7159
2025-06-11,2025-06-12,LightGBM,目标时刻上周同期,4253.7241507472745,4112.1,4149.5418,4027.3318,4201.632975373637,4069.7159
2025-06-12,2025-06-13,LightGBM,XGBoost跨日边界,3640.370300132462,2926.78,2988.970703125,2867.2945,3314.670501628731,2897.0372500000003
2025-06-12,2025-06-13,LightGBM,历史跨日比例,3640.370300132462,2926.78,3595.1140811324904,2867.2945,3617.742190632476,2897.0372500000003
2025-06-12,2025-06-13,LightGBM,目标时刻上周同期,3640.370300132462,2926.78,3019.7242,2867.2945,3330.047250066231,2897.0372500000003
2025-06-13,2025-06-14,LightGBM,XGBoost跨日边界,2990.868275135385,3140.81,2810.05419921875,3292.2207,2900.4612371770672,3216.5153499999997
2025-06-13,2025-06-14,LightGBM,历史跨日比例,2990.868275135385,3140.81,2953.6865110564204,3292.2207,2972.277393095903,3216.5153499999997
2025-06-13,2025-06-14,LightGBM,目标时刻上周同期,2990.868275135385,3140.81,3023.5774,3292.2207,3007.2228375676923,3216.5153499999997
2025-06-14,2025-06-15,LightGBM,XGBoost跨日边界,4347.410112115234,3929.38,3733.79296875,4104.4483,4040.601540432617,4016.91415
2025-06-14,2025-06-15,LightGBM,历史跨日比例,4347.410112115234,3929.38,4293.36414209141,4104.4483,4320.387127103322,4016.91415
2025-06-14,2025-06-15,LightGBM,目标时刻上周同期,4347.410112115234,3929.38,4173.8346,4104.4483,4260.622356057617,4016.91415
2025-06-15,2025-06-16,LightGBM,XGBoost跨日边界,4176.460472577397,4015.98,3999.553466796875,4053.173,4088.006969687136,4034.5765
2025-06-15,2025-06-16,LightGBM,历史跨日比例,4176.460472577397,4015.98,4130.156912585809,4053.173,4153.308692581602,4034.5765
2025-06-15,2025-06-16,LightGBM,目标时刻上周同期,4176.460472577397,4015.98,4028.4969,4053.173,4102.478686288699,4034.5765
2025-06-16,2025-06-17,LightGBM,XGBoost跨日边界,4104.660777190143,3899.93,4012.940673828125,3965.4077,4058.800725509134,3932.66885
2025-06-16,2025-06-17,LightGBM,历史跨日比例,4104.660777190143,3899.93,4079.1773839774546,3965.4077,4091.919080583799,3932.66885
2025-06-16,2025-06-17,LightGBM,目标时刻上周同期,4104.660777190143,3899.93,4293.8723,3965.4077,4199.266538595071,3932.66885
2025-06-17,2025-06-18,LightGBM,XGBoost跨日边界,4210.408054184814,4002.65,3965.914794921875,3917.2691,4088.1614245533447,3959.95955
2025-06-17,2025-06-18,LightGBM,历史跨日比例,4210.408054184814,4002.65,4200.546793669904,3917.2691,4205.477423927359,3959.95955
2025-06-17,2025-06-18,LightGBM,目标时刻上周同期,4210.408054184814,4002.65,4152.2007,3917.2691,4181.304377092407,3959.95955
2025-06-18,2025-06-19,LightGBM,XGBoost跨日边界,4124.204381431648,4120.61,3977.876220703125,4194.048,4051.0403010673863,4157.329
2025-06-18,2025-06-19,LightGBM,历史跨日比例,4124.204381431648,4120.61,4122.178676167752,4194.048,4123.1915287997,4157.329
2025-06-18,2025-06-19,LightGBM,目标时刻上周同期,4124.204381431648,4120.61,4027.3318,4194.048,4075.7680907158237,4157.329
2025-06-19,2025-06-20,LightGBM,XGBoost跨日边界,3531.29149952408,3469.38,3172.36328125,3148.7339,3351.82739038704,3309.05695
2025-06-19,2025-06-20,LightGBM,历史跨日比例,3531.29149952408,3469.38,3529.5570181266153,3148.7339,3530.4242588253474,3309.05695
2025-06-19,2025-06-20,LightGBM,目标时刻上周同期,3531.29149952408,3469.38,2867.2945,3148.7339,3199.29299976204,3309.05695
2025-06-20,2025-06-21,LightGBM,XGBoost跨日边界,3316.6112883926685,3230.95,3073.486572265625,3087.9838,3195.048930329147,3159.4669
2025-06-20,2025-06-21,LightGBM,历史跨日比例,3316.6112883926685,3230.95,3331.391230487456,3087.9838,3324.0012594400623,3159.4669
2025-06-20,2025-06-21,LightGBM,目标时刻上周同期,3316.6112883926685,3230.95,3292.2207,3087.9838,3304.4159941963344,3159.4669
2025-06-21,2025-06-22,LightGBM,XGBoost跨日边界,3909.3197313164533,3636.14,3590.037109375,4241.9529,3749.6784203457264,3939.04645
2025-06-21,2025-06-22,LightGBM,历史跨日比例,3909.3197313164533,3636.14,3926.740982779078,4241.9529,3918.0303570477654,3939.04645
2025-06-21,2025-06-22,LightGBM,目标时刻上周同期,3909.3197313164533,3636.14,4104.4483,4241.9529,4006.8840156582264,3939.04645
2025-06-22,2025-06-23,LightGBM,XGBoost跨日边界,3967.9655358950367,3930.49,3867.87939453125,3863.9277,3917.9224652131434,3897.20885
2025-06-22,2025-06-23,LightGBM,历史跨日比例,3967.9655358950367,3930.49,3966.0165712149137,3863.9277,3966.991053554975,3897.20885
2025-06-22,2025-06-23,LightGBM,目标时刻上周同期,3967.9655358950367,3930.49,4053.173,3863.9277,4010.5692679475183,3897.20885
2025-06-23,2025-06-24,LightGBM,XGBoost跨日边界,3939.246251720389,3964.0,4071.482666015625,3968.5445,4005.364458868007,3966.27225
2025-06-23,2025-06-24,LightGBM,历史跨日比例,3939.246251720389,3964.0,3937.3113932289384,3968.5445,3938.2788224746637,3966.27225
2025-06-23,2025-06-24,LightGBM,目标时刻上周同期,3939.246251720389,3964.0,3965.4077,3968.5445,3952.3269758601946,3966.27225
2025-06-24,2025-06-25,LightGBM,XGBoost跨日边界,4035.9109059003304,4215.0,3931.221435546875,4049.8387,3983.5661707236027,4132.41935
2025-06-24,2025-06-25,LightGBM,历史跨日比例,4035.9109059003304,4215.0,4018.324570043007,4049.8387,4027.1177379716687,4132.41935
2025-06-24,2025-06-25,LightGBM,目标时刻上周同期,4035.9109059003304,4215.0,3917.2691,4049.8387,3976.5900029501654,4132.41935
2025-06-25,2025-06-26,LightGBM,XGBoost跨日边界,4072.6293913905165,3994.04,3971.9755859375,4198.2019,4022.3024886640083,4096.12095
2025-06-25,2025-06-26,LightGBM,历史跨日比例,4072.6293913905165,3994.04,4054.8830560601973,4198.2019,4063.756223725357,4096.12095
2025-06-25,2025-06-26,LightGBM,目标时刻上周同期,4072.6293913905165,3994.04,4194.048,4198.2019,4133.338695695258,4096.12095
2025-06-26,2025-06-27,LightGBM,XGBoost跨日边界,3498.8856854846827,3163.47,3149.1484375,3270.9974,3324.0170614923413,3217.2336999999998
2025-06-26,2025-06-27,LightGBM,历史跨日比例,3498.8856854846827,3163.47,3483.6394176096023,3270.9974,3491.2625515471427,3217.2336999999998
2025-06-26,2025-06-27,LightGBM,目标时刻上周同期,3498.8856854846827,3163.47,3148.7339,3270.9974,3323.8097927423414,3217.2336999999998
2025-06-27,2025-06-28,LightGBM,XGBoost跨日边界,3256.0792600769278,2963.58,3229.428955078125,2818.117,3242.754107577526,2890.8485
2025-06-27,2025-06-28,LightGBM,历史跨日比例,3256.0792600769278,2963.58,3257.3782214465605,2818.117,3256.728740761744,2890.8485
2025-06-27,2025-06-28,LightGBM,目标时刻上周同期,3256.0792600769278,2963.58,3087.9838,2818.117,3172.0315300384636,2890.8485
2025-06-28,2025-06-29,LightGBM,XGBoost跨日边界,3769.9041096109145,4151.9,3677.13623046875,4230.7194,3723.520170039832,4191.3097
2025-06-28,2025-06-29,LightGBM,历史跨日比例,3769.9041096109145,4151.9,3789.522114344743,4230.7194,3779.7131119778287,4191.3097
2025-06-28,2025-06-29,LightGBM,目标时刻上周同期,3769.9041096109145,4151.9,4241.9529,4230.7194,4005.928504805457,4191.3097
2025-06-29,2025-06-30,LightGBM,XGBoost跨日边界,3998.2422842446513,3960.92,4021.578125,4056.9881,4009.9102046223256,4008.9540500000003
2025-06-29,2025-06-30,LightGBM,历史跨日比例,3998.2422842446513,3960.92,3999.837319825432,4056.9881,3999.0398020350417,4008.9540500000003
2025-06-29,2025-06-30,LightGBM,目标时刻上周同期,3998.2422842446513,3960.92,3863.9277,4056.9881,3931.0849921223257,4008.9540500000003
2025-06-30,2025-07-01,LightGBM,XGBoost跨日边界,3900.1592755514216,4854.75,4019.07568359375,4919.4637,3959.6174795725856,4887.10685
2025-06-30,2025-07-01,LightGBM,历史跨日比例,3900.1592755514216,4854.75,3901.7151824657503,4919.4637,3900.9372290085857,4887.10685
2025-06-30,2025-07-01,LightGBM,目标时刻上周同期,3900.1592755514216,4854.75,3968.5445,4919.4637,3934.3518877757106,4887.10685
2025-07-01,2025-07-02,LightGBM,XGBoost跨日边界,4105.41133247152,4884.99,4014.7197265625,4768.584,4060.06552951701,4826.787
2025-07-01,2025-07-02,LightGBM,历史跨日比例,4105.41133247152,4884.99,4107.049121450652,4768.584,4106.230226961086,4826.787
2025-07-01,2025-07-02,LightGBM,目标时刻上周同期,4105.41133247152,4884.99,4049.8387,4768.584,4077.62501623576,4826.787
2025-07-02,2025-07-03,LightGBM,XGBoost跨日边界,4734.749873444094,4679.87,3974.47265625,4951.8268,4354.611264847047,4815.8484
2025-07-02,2025-07-03,LightGBM,历史跨日比例,4734.749873444094,4679.87,4736.6387270896075,4951.8268,4735.69430026685,4815.8484
2025-07-02,2025-07-03,LightGBM,目标时刻上周同期,4734.749873444094,4679.87,4198.2019,4951.8268,4466.475886722047,4815.8484
2025-07-03,2025-07-04,LightGBM,XGBoost跨日边界,3644.012442088909,3699.83,3423.67431640625,3704.5218,3533.84337924758,3702.1759
2025-07-03,2025-07-04,LightGBM,历史跨日比例,3644.012442088909,3699.83,3645.466163271551,3704.5218,3644.73930268023,3702.1759
2025-07-03,2025-07-04,LightGBM,目标时刻上周同期,3644.012442088909,3699.83,3270.9974,3704.5218,3457.504921044455,3702.1759
2025-07-04,2025-07-05,LightGBM,XGBoost跨日边界,3166.488089068316,3770.68,3288.511474609375,3762.87,3227.4997818388456,3766.7749999999996
2025-07-04,2025-07-05,LightGBM,历史跨日比例,3166.488089068316,3770.68,3182.96600906702,3762.87,3174.7270490676683,3766.7749999999996
2025-07-04,2025-07-05,LightGBM,目标时刻上周同期,3166.488089068316,3770.68,2818.117,3762.87,2992.302544534158,3766.7749999999996
2025-07-05,2025-07-06,LightGBM,XGBoost跨日边界,4505.817878127072,4642.88,3881.197998046875,4669.9004,4193.507938086974,4656.3902
2025-07-05,2025-07-06,LightGBM,历史跨日比例,4505.817878127072,4642.88,4529.539575548603,4669.9004,4517.6787268378375,4656.3902
2025-07-05,2025-07-06,LightGBM,目标时刻上周同期,4505.817878127072,4642.88,4230.7194,4669.9004,4368.268639063535,4656.3902
2025-07-06,2025-07-07,LightGBM,XGBoost跨日边界,4667.425890669282,4792.23,4171.8330078125,4476.9606,4419.629449240891,4634.5953
2025-07-06,2025-07-07,LightGBM,历史跨日比例,4667.425890669282,4792.23,4673.060769643085,4476.9606,4670.243330156183,4634.5953
2025-07-06,2025-07-07,LightGBM,目标时刻上周同期,4667.425890669282,4792.23,4056.9881,4476.9606,4362.206995334641,4634.5953
2025-07-07,2025-07-08,LightGBM,XGBoost跨日边界,5049.9605997949375,4733.08,4319.25634765625,4520.4376,4684.608473725593,4626.7588
2025-07-07,2025-07-08,LightGBM,历史跨日比例,5049.9605997949375,4733.08,5067.857312039398,4520.4376,5058.908955917168,4626.7588
2025-07-07,2025-07-08,LightGBM,目标时刻上周同期,5049.9605997949375,4733.08,4919.4637,4520.4376,4984.712149897468,4626.7588
2025-07-08,2025-07-09,LightGBM,XGBoost跨日边界,5032.802789903931,4685.77,4334.61181640625,4380.512,4683.70730315509,4533.141
2025-07-08,2025-07-09,LightGBM,历史跨日比例,5032.802789903931,4685.77,5050.638696052918,4380.512,5041.720742978425,4533.141
2025-07-08,2025-07-09,LightGBM,目标时刻上周同期,5032.802789903931,4685.77,4768.584,4380.512,4900.693394951965,4533.141
2025-07-09,2025-07-10,LightGBM,XGBoost跨日边界,4808.494199791832,4491.3,4358.12060546875,4402.6303,4583.307402630291,4446.96515
2025-07-09,2025-07-10,LightGBM,历史跨日比例,4808.494199791832,4491.3,4814.299387382754,4402.6303,4811.396793587293,4446.96515
2025-07-09,2025-07-10,LightGBM,目标时刻上周同期,4808.494199791832,4491.3,4951.8268,4402.6303,4880.160499895916,4446.96515
2025-07-10,2025-07-11,LightGBM,XGBoost跨日边界,4258.446355437243,3449.51,3820.99951171875,3525.5937,4039.7229335779966,3487.55185
2025-07-10,2025-07-11,LightGBM,历史跨日比例,4258.446355437243,3449.51,4263.587482557717,3525.5937,4261.01691899748,3487.55185
2025-07-10,2025-07-11,LightGBM,目标时刻上周同期,4258.446355437243,3449.51,3704.5218,3525.5937,3981.484077718622,3487.55185
2025-07-11,2025-07-12,LightGBM,XGBoost跨日边界,4014.7010227913997,3986.55,3786.730224609375,3729.7402,3900.7156237003874,3858.1451
2025-07-11,2025-07-12,LightGBM,历史跨日比例,4014.7010227913997,3986.55,4019.547881618801,3729.7402,4017.1244522051,3858.1451
2025-07-11,2025-07-12,LightGBM,目标时刻上周同期,4014.7010227913997,3986.55,3762.87,3729.7402,3888.7855113957,3858.1451
2025-07-12,2025-07-13,LightGBM,XGBoost跨日边界,4606.119583705127,4570.87,4222.5341796875,4758.2793,4414.326881696314,4664.5746500000005
2025-07-12,2025-07-13,LightGBM,历史跨日比例,4606.119583705127,4570.87,4622.443353984937,4758.2793,4614.281468845033,4664.5746500000005
2025-07-12,2025-07-13,LightGBM,目标时刻上周同期,4606.119583705127,4570.87,4669.9004,4758.2793,4638.009991852564,4664.5746500000005
2025-07-13,2025-07-14,LightGBM,XGBoost跨日边界,4688.118967294014,4597.46,4170.98095703125,4604.889,4429.549962162631,4601.1745
2025-07-13,2025-07-14,LightGBM,历史跨日比例,4688.118967294014,4597.46,4693.778828556792,4604.889,4690.948897925403,4601.1745
2025-07-13,2025-07-14,LightGBM,目标时刻上周同期,4688.118967294014,4597.46,4476.9606,4604.889,4582.539783647007,4601.1745
2025-07-14,2025-07-15,LightGBM,XGBoost跨日边界,4941.35250404468,4709.36,4280.81884765625,4817.9952,4611.085675850465,4763.6776
2025-07-14,2025-07-15,LightGBM,历史跨日比例,4941.35250404468,4709.36,4947.318088497313,4817.9952,4944.335296270996,4763.6776
2025-07-14,2025-07-15,LightGBM,目标时刻上周同期,4941.35250404468,4709.36,4520.4376,4817.9952,4730.895052022341,4763.6776
2025-07-15,2025-07-16,LightGBM,XGBoost跨日边界,4915.174253901418,4568.4,4398.97900390625,4580.642,4657.076628903834,4574.521
2025-07-15,2025-07-16,LightGBM,历史跨日比例,4915.174253901418,4568.4,4921.108233937663,4580.642,4918.14124391954,4574.521
2025-07-15,2025-07-16,LightGBM,目标时刻上周同期,4915.174253901418,4568.4,4380.512,4580.642,4647.843126950709,4574.521
2025-07-16,2025-07-17,LightGBM,XGBoost跨日边界,4560.49476881404,4497.77,4386.00439453125,4707.5422,4473.249581672645,4602.6561
2025-07-16,2025-07-17,LightGBM,历史跨日比例,4560.49476881404,4497.77,4566.000552234041,4707.5422,4563.247660524041,4602.6561
2025-07-16,2025-07-17,LightGBM,目标时刻上周同期,4560.49476881404,4497.77,4402.6303,4707.5422,4481.5625344070195,4602.6561
2025-07-17,2025-07-18,LightGBM,XGBoost跨日边界,4158.070738886472,3434.74,3392.123779296875,3382.1392,3775.0972590916735,3408.4395999999997
2025-07-17,2025-07-18,LightGBM,历史跨日比例,4158.070738886472,3434.74,4164.066686397759,3382.1392,4161.068712642116,3408.4395999999997
2025-07-17,2025-07-18,LightGBM,目标时刻上周同期,4158.070738886472,3434.74,3525.5937,3382.1392,3841.8322194432358,3408.4395999999997
2025-07-18,2025-07-19,LightGBM,XGBoost跨日边界,4168.401214936391,3459.93,3934.437255859375,3593.6991,4051.419235397883,3526.81455
2025-07-18,2025-07-19,LightGBM,历史跨日比例,4168.401214936391,3459.93,4174.412059017759,3593.6991,4171.406636977075,3526.81455
2025-07-18,2025-07-19,LightGBM,目标时刻上周同期,4168.401214936391,3459.93,3729.7402,3593.6991,3949.0707074681955,3526.81455
2025-07-19,2025-07-20,LightGBM,XGBoost跨日边界,4508.661038205133,4868.06,4391.54443359375,4634.6083,4450.1027358994415,4751.334150000001
2025-07-19,2025-07-20,LightGBM,历史跨日比例,4508.661038205133,4868.06,4515.162537729527,4634.6083,4511.91178796733,4751.334150000001
2025-07-19,2025-07-20,LightGBM,目标时刻上周同期,4508.661038205133,4868.06,4758.2793,4634.6083,4633.470169102567,4751.334150000001
2025-07-20,2025-07-21,LightGBM,XGBoost跨日边界,4637.01058979327,4557.42,4400.0546875,4539.4336,4518.532638646635,4548.4268
2025-07-20,2025-07-21,LightGBM,历史跨日比例,4637.01058979327,4557.42,4646.969972877281,4539.4336,4641.9902813352755,4548.4268
2025-07-20,2025-07-21,LightGBM,目标时刻上周同期,4637.01058979327,4557.42,4604.889,4539.4336,4620.949794896635,4548.4268
2025-07-21,2025-07-22,LightGBM,XGBoost跨日边界,4656.46831882471,4710.71,4499.2724609375,4689.6304,4577.870389881105,4700.1702000000005
2025-07-21,2025-07-22,LightGBM,历史跨日比例,4656.46831882471,4710.71,4663.182956785661,4689.6304,4659.825637805186,4700.1702000000005
2025-07-21,2025-07-22,LightGBM,目标时刻上周同期,4656.46831882471,4710.71,4817.9952,4689.6304,4737.231759412355,4700.1702000000005
2025-07-22,2025-07-23,LightGBM,XGBoost跨日边界,4625.948653973589,4562.35,4525.48828125,4496.2937,4575.718467611794,4529.32185
2025-07-22,2025-07-23,LightGBM,历史跨日比例,4625.948653973589,4562.35,4632.619282508053,4496.2937,4629.283968240821,4529.32185
2025-07-22,2025-07-23,LightGBM,目标时刻上周同期,4625.948653973589,4562.35,4580.642,4496.2937,4603.295326986794,4529.32185
2025-07-23,2025-07-24,LightGBM,XGBoost跨日边界,4631.521324672781,4702.25,4459.84326171875,4670.0358,4545.682293195765,4686.1429
2025-07-23,2025-07-24,LightGBM,历史跨日比例,4631.521324672781,4702.25,4638.199989011133,4670.0358,4634.860656841956,4686.1429
2025-07-23,2025-07-24,LightGBM,目标时刻上周同期,4631.521324672781,4702.25,4707.5422,4670.0358,4669.53176233639,4686.1429
2025-07-24,2025-07-25,LightGBM,XGBoost跨日边界,3715.330917284924,3546.94,3960.83740234375,3514.0294,3838.084159814337,3530.4847
2025-07-24,2025-07-25,LightGBM,历史跨日比例,3715.330917284924,3546.94,3720.6884329613094,3514.0294,3718.0096751231167,3530.4847
2025-07-24,2025-07-25,LightGBM,目标时刻上周同期,3715.330917284924,3546.94,3382.1392,3514.0294,3548.735058642462,3530.4847
2025-07-25,2025-07-26,LightGBM,XGBoost跨日边界,3842.4394888713073,3726.98,3880.64208984375,3483.731,3861.5407893575284,3605.3555
2025-07-25,2025-07-26,LightGBM,历史跨日比例,3842.4394888713073,3726.98,3840.8964955747924,3483.731,3841.6679922230496,3605.3555
2025-07-25,2025-07-26,LightGBM,目标时刻上周同期,3842.4394888713073,3726.98,3593.6991,3483.731,3718.0692944356533,3605.3555
2025-07-26,2025-07-27,LightGBM,XGBoost跨日边界,4525.183104988511,4651.52,4345.876953125,4637.2981,4435.530029056756,4644.40905
2025-07-26,2025-07-27,LightGBM,历史跨日比例,4525.183104988511,4651.52,4511.56713817632,4637.2981,4518.375121582416,4644.40905
2025-07-26,2025-07-27,LightGBM,目标时刻上周同期,4525.183104988511,4651.52,4634.6083,4637.2981,4579.895702494256,4644.40905
2025-07-27,2025-07-28,LightGBM,XGBoost跨日边界,4619.395969961172,4709.99,4464.6533203125,4756.7387,4542.024645136837,4733.36435
2025-07-27,2025-07-28,LightGBM,历史跨日比例,4619.395969961172,4709.99,4605.4965230746975,4756.7387,4612.446246517935,4733.36435
2025-07-27,2025-07-28,LightGBM,目标时刻上周同期,4619.395969961172,4709.99,4539.4336,4756.7387,4579.414784980587,4733.36435
2025-07-28,2025-07-29,LightGBM,XGBoost跨日边界,4690.118163843021,4539.14,4617.63232421875,4401.1163,4653.875244030885,4470.1281500000005
2025-07-28,2025-07-29,LightGBM,历史跨日比例,4690.118163843021,4539.14,4673.6931528658215,4401.1163,4681.905658354421,4470.1281500000005
2025-07-28,2025-07-29,LightGBM,目标时刻上周同期,4690.118163843021,4539.14,4689.6304,4401.1163,4689.87428192151,4470.1281500000005
2025-07-29,2025-07-30,LightGBM,XGBoost跨日边界,4614.576818656705,4608.11,4491.58935546875,4522.7091,4553.083087062727,4565.40955
2025-07-29,2025-07-30,LightGBM,历史跨日比例,4614.576818656705,4608.11,4598.416356968153,4522.7091,4606.496587812429,4565.40955
2025-07-29,2025-07-30,LightGBM,目标时刻上周同期,4614.576818656705,4608.11,4496.2937,4522.7091,4555.435259328353,4565.40955
2025-07-30,2025-07-31,LightGBM,XGBoost跨日边界,4645.352449020349,4488.13,4420.70654296875,4224.8986,4533.0294959945495,4356.514300000001
2025-07-30,2025-07-31,LightGBM,历史跨日比例,4645.352449020349,4488.13,4625.792162868423,4224.8986,4635.572305944386,4356.514300000001
2025-07-30,2025-07-31,LightGBM,目标时刻上周同期,4645.352449020349,4488.13,4670.0358,4224.8986,4657.694124510174,4356.514300000001
2025-07-31,2025-08-01,LightGBM,XGBoost跨日边界,3690.2002857916373,3594.79,3278.56103515625,3530.3421,3484.380660473944,3562.56605
2025-07-31,2025-08-01,LightGBM,历史跨日比例,3690.2002857916373,3594.79,3674.661879537183,3530.3421,3682.43108266441,3562.56605
2025-07-31,2025-08-01,LightGBM,目标时刻上周同期,3690.2002857916373,3594.79,3514.0294,3530.3421,3602.1148428958186,3562.56605
2025-08-01,2025-08-02,LightGBM,XGBoost跨日边界,3622.589527375183,3442.75,2813.405029296875,3486.4692,3217.997278336029,3464.6096
2025-08-01,2025-08-02,LightGBM,历史跨日比例,3622.589527375183,3442.75,3602.075473323361,3486.4692,3612.332500349272,3464.6096
2025-08-01,2025-08-02,LightGBM,目标时刻上周同期,3622.589527375183,3442.75,3483.731,3486.4692,3553.1602636875914,3464.6096
2025-08-02,2025-08-03,LightGBM,XGBoost跨日边界,4488.561923321254,4897.42,4019.92822265625,4594.9993,4254.245072988751,4746.209650000001
2025-08-02,2025-08-03,LightGBM,历史跨日比例,4488.561923321254,4897.42,4452.36302942972,4594.9993,4470.462476375487,4746.209650000001
2025-08-02,2025-08-03,LightGBM,目标时刻上周同期,4488.561923321254,4897.42,4637.2981,4594.9993,4562.930011660626,4746.209650000001
2025-08-03,2025-08-04,LightGBM,XGBoost跨日边界,4555.839832929533,4543.75,4252.775390625,4609.4219,4404.307611777267,4576.585950000001
2025-08-03,2025-08-04,LightGBM,历史跨日比例,4555.839832929533,4543.75,4519.098363052024,4609.4219,4537.469097990779,4576.585950000001
2025-08-03,2025-08-04,LightGBM,目标时刻上周同期,4555.839832929533,4543.75,4756.7387,4609.4219,4656.289266464766,4576.585950000001
2025-08-04,2025-08-05,LightGBM,XGBoost跨日边界,4596.042797623176,4826.46,4415.1953125,4596.5473,4505.619055061588,4711.503650000001
2025-08-04,2025-08-05,LightGBM,历史跨日比例,4596.042797623176,4826.46,4541.448338807348,4596.5473,4568.745568215261,4711.503650000001
2025-08-04,2025-08-05,LightGBM,目标时刻上周同期,4596.042797623176,4826.46,4401.1163,4596.5473,4498.579548811587,4711.503650000001
2025-08-05,2025-08-06,LightGBM,XGBoost跨日边界,4600.558074227238,4470.25,4116.09375,4452.4079,4358.325912113619,4461.32895
2025-08-05,2025-08-06,LightGBM,历史跨日比例,4600.558074227238,4470.25,4563.455965263223,4452.4079,4582.0070197452305,4461.32895
2025-08-05,2025-08-06,LightGBM,目标时刻上周同期,4600.558074227238,4470.25,4522.7091,4452.4079,4561.633587113619,4461.32895
2025-08-06,2025-08-07,LightGBM,XGBoost跨日边界,4580.801161883904,4942.6,4389.44580078125,4691.5278,4485.123481332577,4817.0639
2025-08-06,2025-08-07,LightGBM,历史跨日比例,4580.801161883904,4942.6,4543.858386440459,4691.5278,4562.329774162181,4817.0639
2025-08-06,2025-08-07,LightGBM,目标时刻上周同期,4580.801161883904,4942.6,4224.8986,4691.5278,4402.8498809419525,4817.0639
2025-08-07,2025-08-08,LightGBM,XGBoost跨日边界,3657.596665093941,3557.18,3932.907470703125,3419.152,3795.252067898533,3488.166
2025-08-07,2025-08-08,LightGBM,历史跨日比例,3657.596665093941,3557.18,3636.884372100076,3419.152,3647.2405185970083,3488.166
2025-08-07,2025-08-08,LightGBM,目标时刻上周同期,3657.596665093941,3557.18,3530.3421,3419.152,3593.9693825469703,3488.166
2025-08-08,2025-08-09,LightGBM,XGBoost跨日边界,3477.4057761860263,3396.62,3735.450439453125,3505.5667,3606.4281078195754,3451.09335
2025-08-08,2025-08-09,LightGBM,历史跨日比例,3477.4057761860263,3396.62,3457.7138708476687,3505.5667,3467.5598235168472,3451.09335
2025-08-08,2025-08-09,LightGBM,目标时刻上周同期,3477.4057761860263,3396.62,3486.4692,3505.5667,3481.937488093013,3451.09335
2025-08-09,2025-08-10,LightGBM,XGBoost跨日边界,4585.194944574487,4587.96,4289.57763671875,4538.6607,4437.386290646618,4563.31035
2025-08-09,2025-08-10,LightGBM,历史跨日比例,4585.194944574487,4587.96,4548.216734602987,4538.6607,4566.705839588737,4563.31035
2025-08-09,2025-08-10,LightGBM,目标时刻上周同期,4585.194944574487,4587.96,4594.9993,4538.6607,4590.097122287243,4563.31035
2025-08-10,2025-08-11,LightGBM,XGBoost跨日边界,4690.592679476861,4601.04,4360.41455078125,4481.4443,4525.503615129055,4541.24215
2025-08-10,2025-08-11,LightGBM,历史跨日比例,4690.592679476861,4601.04,4664.030721232702,4481.4443,4677.311700354781,4541.24215
2025-08-10,2025-08-11,LightGBM,目标时刻上周同期,4690.592679476861,4601.04,4609.4219,4481.4443,4650.007289738431,4541.24215
2025-08-11,2025-08-12,LightGBM,XGBoost跨日边界,4626.092017435534,4606.35,4473.05517578125,4672.9262,4549.573596608392,4639.6381
2025-08-11,2025-08-12,LightGBM,历史跨日比例,4626.092017435534,4606.35,4588.783984944871,4672.9262,4607.438001190203,4639.6381
2025-08-11,2025-08-12,LightGBM,目标时刻上周同期,4626.092017435534,4606.35,4596.5473,4672.9262,4611.319658717767,4639.6381
2025-08-12,2025-08-13,LightGBM,XGBoost跨日边界,4553.738247018648,4334.86,4372.2021484375,4343.1271,4462.970197728074,4338.993549999999
2025-08-12,2025-08-13,LightGBM,历史跨日比例,4553.738247018648,4334.86,4508.146325826608,4343.1271,4530.942286422627,4338.993549999999
2025-08-12,2025-08-13,LightGBM,目标时刻上周同期,4553.738247018648,4334.86,4452.4079,4343.1271,4503.073073509324,4338.993549999999
2025-08-13,2025-08-14,LightGBM,XGBoost跨日边界,4647.993601054375,4542.77,4419.1982421875,4515.6238,4533.595921620938,4529.196900000001
2025-08-13,2025-08-14,LightGBM,历史跨日比例,4647.993601054375,4542.77,4601.457997454604,4515.6238,4624.725799254489,4529.196900000001
2025-08-13,2025-08-14,LightGBM,目标时刻上周同期,4647.993601054375,4542.77,4691.5278,4515.6238,4669.7607005271875,4529.196900000001
2025-08-14,2025-08-15,LightGBM,XGBoost跨日边界,3644.3792219691445,3611.73,3339.49853515625,3422.419,3491.938878562697,3517.0744999999997
2025-08-14,2025-08-15,LightGBM,历史跨日比例,3644.3792219691445,3611.73,3607.8917821408436,3422.419,3626.135502054994,3517.0744999999997
2025-08-14,2025-08-15,LightGBM,目标时刻上周同期,3644.3792219691445,3611.73,3419.152,3422.419,3531.765610984572,3517.0744999999997
2025-08-15,2025-08-16,LightGBM,XGBoost跨日边界,3417.7682625403477,3734.16,3685.313720703125,3630.9189,3551.5409916217363,3682.53945
2025-08-15,2025-08-16,LightGBM,历史跨日比例,3417.7682625403477,3734.16,3383.5496463560703,3630.9189,3400.658954448209,3682.53945
2025-08-15,2025-08-16,LightGBM,目标时刻上周同期,3417.7682625403477,3734.16,3505.5667,3630.9189,3461.667481270174,3682.53945
2025-08-16,2025-08-17,LightGBM,XGBoost跨日边界,4547.621084584106,4378.15,4353.95361328125,4387.5695,4450.787348932678,4382.85975
2025-08-16,2025-08-17,LightGBM,历史跨日比例,4547.621084584106,4378.15,4502.090408279783,4387.5695,4524.855746431945,4382.85975
2025-08-16,2025-08-17,LightGBM,目标时刻上周同期,4547.621084584106,4378.15,4538.6607,4387.5695,4543.140892292053,4382.85975
2025-08-17,2025-08-18,LightGBM,XGBoost跨日边界,4483.5439069408785,4767.18,4451.828125,4777.8417,4467.686015970439,4772.510850000001
2025-08-17,2025-08-18,LightGBM,历史跨日比例,4483.5439069408785,4767.18,4426.997601136325,4777.8417,4455.270754038602,4772.510850000001
2025-08-17,2025-08-18,LightGBM,目标时刻上周同期,4483.5439069408785,4767.18,4481.4443,4777.8417,4482.494103470439,4772.510850000001
2025-08-18,2025-08-19,LightGBM,XGBoost跨日边界,4586.476068350044,4537.73,4537.84521484375,4590.2835,4562.160641596897,4564.00675
2025-08-18,2025-08-19,LightGBM,历史跨日比例,4586.476068350044,4537.73,4540.556376853878,4590.2835,4563.516222601961,4564.00675
2025-08-18,2025-08-19,LightGBM,目标时刻上周同期,4586.476068350044,4537.73,4672.9262,4590.2835,4629.701134175022,4564.00675
2025-08-19,2025-08-20,LightGBM,XGBoost跨日边界,4440.400711517493,4353.64,4462.201171875,4275.3889,4451.300941696247,4314.514450000001
2025-08-19,2025-08-20,LightGBM,历史跨日比例,4440.400711517493,4353.64,4395.943523089254,4275.3889,4418.172117303373,4314.514450000001
2025-08-19,2025-08-20,LightGBM,目标时刻上周同期,4440.400711517493,4353.64,4343.1271,4275.3889,4391.763905758746,4314.514450000001
2025-08-20,2025-08-21,LightGBM,XGBoost跨日边界,4560.724966347927,4657.6,4448.33740234375,4642.2613,4504.5311843458385,4649.93065
2025-08-20,2025-08-21,LightGBM,历史跨日比例,4560.724966347927,4657.6,4515.0630942848065,4642.2613,4537.894030316367,4649.93065
2025-08-20,2025-08-21,LightGBM,目标时刻上周同期,4560.724966347927,4657.6,4515.6238,4642.2613,4538.174383173964,4649.93065
2025-08-21,2025-08-22,LightGBM,XGBoost跨日边界,3654.497536777601,3671.71,3861.23486328125,3300.8077,3757.8662000294253,3486.25885
2025-08-21,2025-08-22,LightGBM,历史跨日比例,3654.497536777601,3671.71,3617.9087926172724,3300.8077,3636.2031646974365,3486.25885
2025-08-21,2025-08-22,LightGBM,目标时刻上周同期,3654.497536777601,3671.71,3422.419,3300.8077,3538.4582683888,3486.25885
2025-08-22,2025-08-23,LightGBM,XGBoost跨日边界,3509.693089133521,3335.89,3685.87890625,3471.19,3597.7859976917607,3403.54
2025-08-22,2025-08-23,LightGBM,历史跨日比例,3509.693089133521,3335.89,3474.554123727948,3471.19,3492.1236064307345,3403.54
2025-08-22,2025-08-23,LightGBM,目标时刻上周同期,3509.693089133521,3335.89,3630.9189,3471.19,3570.3059945667605,3403.54
2025-08-23,2025-08-24,LightGBM,XGBoost跨日边界,4402.855186643782,4417.68,4222.529296875,4521.0545,4312.6922417593905,4469.36725
2025-08-23,2025-08-24,LightGBM,历史跨日比例,4402.855186643782,4417.68,4339.732542859703,4521.0545,4371.293864751742,4469.36725
2025-08-23,2025-08-24,LightGBM,目标时刻上周同期,4402.855186643782,4417.68,4387.5695,4521.0545,4395.212343321891,4469.36725
2025-08-24,2025-08-25,LightGBM,XGBoost跨日边界,4547.922132538636,4473.7,4303.57666015625,4382.9847,4425.749396347443,4428.34235
2025-08-24,2025-08-25,LightGBM,历史跨日比例,4547.922132538636,4473.7,4509.899099485713,4382.9847,4528.910616012175,4428.34235
2025-08-24,2025-08-25,LightGBM,目标时刻上周同期,4547.922132538636,4473.7,4777.8417,4382.9847,4662.881916269318,4428.34235
2025-08-25,2025-08-26,LightGBM,XGBoost跨日边界,4511.566254032695,4457.03,4459.1015625,4423.7554,4485.333908266348,4440.3927
2025-08-25,2025-08-26,LightGBM,历史跨日比例,4511.566254032695,4457.03,4473.847175341744,4423.7554,4492.70671468722,4440.3927
2025-08-25,2025-08-26,LightGBM,目标时刻上周同期,4511.566254032695,4457.03,4590.2835,4423.7554,4550.924877016347,4440.3927
2025-08-26,2025-08-27,LightGBM,XGBoost跨日边界,4385.462724520737,4290.57,4347.18359375,4399.382,4366.323159135369,4344.976
2025-08-26,2025-08-27,LightGBM,历史跨日比例,4385.462724520737,4290.57,4322.589432156266,4399.382,4354.026078338502,4344.976
2025-08-26,2025-08-27,LightGBM,目标时刻上周同期,4385.462724520737,4290.57,4275.3889,4399.382,4330.425812260368,4344.976
2025-08-27,2025-08-28,LightGBM,XGBoost跨日边界,4529.283715397043,4490.53,4069.662109375,4217.8767,4299.472912386022,4354.20335
2025-08-27,2025-08-28,LightGBM,历史跨日比例,4529.283715397043,4490.53,4488.042304149492,4217.8767,4508.663009773268,4354.20335
2025-08-27,2025-08-28,LightGBM,目标时刻上周同期,4529.283715397043,4490.53,4642.2613,4217.8767,4585.772507698522,4354.20335
2025-08-28,2025-08-29,LightGBM,XGBoost跨日边界,3691.029963291546,3180.9,3774.587890625,3367.9563,3732.8089269582733,3274.4281499999997
2025-08-28,2025-08-29,LightGBM,历史跨日比例,3691.029963291546,3180.9,3666.223773734358,3367.9563,3678.626868512952,3274.4281499999997
2025-08-28,2025-08-29,LightGBM,目标时刻上周同期,3691.029963291546,3180.9,3300.8077,3367.9563,3495.918831645773,3274.4281499999997
2025-08-29,2025-08-30,LightGBM,XGBoost跨日边界,3437.5437448807033,3318.2,3096.56640625,3629.6725,3267.0550755653517,3473.9362499999997
2025-08-29,2025-08-30,LightGBM,历史跨日比例,3437.5437448807033,3318.2,3414.4411522183036,3629.6725,3425.9924485495035,3473.9362499999997
2025-08-29,2025-08-30,LightGBM,目标时刻上周同期,3437.5437448807033,3318.2,3471.19,3629.6725,3454.3668724403515,3473.9362499999997
2025-08-30,2025-08-31,LightGBM,XGBoost跨日边界,4265.414025809372,4431.84,4345.54833984375,4238.8191,4305.481182826561,4335.32955
2025-08-30,2025-08-31,LightGBM,历史跨日比例,4265.414025809372,4431.84,4244.157353629713,4238.8191,4254.7856897195425,4335.32955
2025-08-30,2025-08-31,LightGBM,目标时刻上周同期,4265.414025809372,4431.84,4521.0545,4238.8191,4393.234262904686,4335.32955
2025-08-31,2025-09-01,LightGBM,XGBoost跨日边界,4490.183037838963,3703.89,4462.0478515625,3677.7838,4476.115444700732,3690.8369000000002
2025-08-31,2025-09-01,LightGBM,历史跨日比例,4490.183037838963,3703.89,4467.806230268941,3677.7838,4478.994634053952,3690.8369000000002
2025-08-31,2025-09-01,LightGBM,目标时刻上周同期,4490.183037838963,3703.89,4382.9847,3677.7838,4436.583868919482,3690.8369000000002
2025-09-01,2025-09-02,LightGBM,XGBoost跨日边界,4340.122679669967,3529.51,4509.73974609375,3932.3259,4424.931212881858,3730.91795
2025-09-01,2025-09-02,LightGBM,历史跨日比例,4340.122679669967,3529.51,4318.493697239886,3932.3259,4329.3081884549265,3730.91795
2025-09-01,2025-09-02,LightGBM,目标时刻上周同期,4340.122679669967,3529.51,4423.7554,3932.3259,4381.939039834983,3730.91795
2025-09-02,2025-09-03,LightGBM,XGBoost跨日边界,3636.9335962974883,3375.82,4243.64794921875,3797.799,3940.290772758119,3586.8095000000003
2025-09-02,2025-09-03,LightGBM,历史跨日比例,3636.9335962974883,3375.82,3613.2498615984837,3797.799,3625.0917289479858,3586.8095000000003
2025-09-02,2025-09-03,LightGBM,目标时刻上周同期,3636.9335962974883,3375.82,4399.382,3797.799,4018.157798148744,3586.8095000000003
2025-09-03,2025-09-04,LightGBM,XGBoost跨日边界,3748.1351839887443,3330.51,4157.4599609375,3370.3237,3952.7975724631224,3350.41685
2025-09-03,2025-09-04,LightGBM,历史跨日比例,3748.1351839887443,3330.51,3729.456368659445,3370.3237,3738.7957763240947,3350.41685
2025-09-03,2025-09-04,LightGBM,目标时刻上周同期,3748.1351839887443,3330.51,4217.8767,3370.3237,3983.005941994372,3350.41685
2025-09-04,2025-09-05,LightGBM,XGBoost跨日边界,3393.2687446844134,3007.25,3595.77001953125,2690.1853,3494.519382107832,2848.71765
2025-09-04,2025-09-05,LightGBM,历史跨日比例,3393.2687446844134,3007.25,3377.5427155614166,2690.1853,3385.405730122915,2848.71765
2025-09-04,2025-09-05,LightGBM,目标时刻上周同期,3393.2687446844134,3007.25,3367.9563,2690.1853,3380.612522342207,2848.71765
2025-09-05,2025-09-06,LightGBM,XGBoost跨日边界,3283.6731930725396,2808.45,2808.6416015625,2474.0124,3046.15739731752,2641.2312
2025-09-05,2025-09-06,LightGBM,历史跨日比例,3283.6731930725396,2808.45,3281.3973740641127,2474.0124,3282.535283568326,2641.2312
2025-09-05,2025-09-06,LightGBM,目标时刻上周同期,3283.6731930725396,2808.45,3629.6725,2474.0124,3456.67284653627,2641.2312
2025-09-06,2025-09-07,LightGBM,XGBoost跨日边界,3369.9383565196,3640.08,3551.96337890625,3652.0537,3460.950867712925,3646.06685
2025-09-06,2025-09-07,LightGBM,历史跨日比例,3369.9383565196,3640.08,3367.6027496190186,3652.0537,3368.7705530693092,3646.06685
2025-09-06,2025-09-07,LightGBM,目标时刻上周同期,3369.9383565196,3640.08,4238.8191,3652.0537,3804.3787282597996,3646.06685
2025-09-07,2025-09-08,LightGBM,XGBoost跨日边界,3364.135451153368,3703.71,3658.6103515625,3604.1048,3511.372901357934,3653.9074
2025-09-07,2025-09-08,LightGBM,历史跨日比例,3364.135451153368,3703.71,3348.5444396363996,3604.1048,3356.339945394884,3653.9074
2025-09-07,2025-09-08,LightGBM,目标时刻上周同期,3364.135451153368,3703.71,3677.7838,3604.1048,3520.959625576684,3653.9074
2025-09-08,2025-09-09,LightGBM,XGBoost跨日边界,3290.634752362838,4013.84,3547.9453125,3714.8929,3419.2900324314187,3864.36645
2025-09-08,2025-09-09,LightGBM,历史跨日比例,3290.634752362838,4013.84,3288.354108498821,3714.8929,3289.494430430829,3864.36645
2025-09-08,2025-09-09,LightGBM,目标时刻上周同期,3290.634752362838,4013.84,3932.3259,3714.8929,3611.4803261814186,3864.36645
2025-09-09,2025-09-10,LightGBM,XGBoost跨日边界,3508.7145166125347,3743.76,3539.6181640625,3524.9649,3524.1663403375173,3634.36245
2025-09-09,2025-09-10,LightGBM,历史跨日比例,3508.7145166125347,3743.76,3506.282727965328,3524.9649,3507.498622288931,3634.36245
2025-09-09,2025-09-10,LightGBM,目标时刻上周同期,3508.7145166125347,3743.76,3797.799,3524.9649,3653.2567583062673,3634.36245
2025-09-10,2025-09-11,LightGBM,XGBoost跨日边界,3511.8027848497018,3659.13,3616.5908203125,3740.1711,3564.196802581101,3699.6505500000003
2025-09-10,2025-09-11,LightGBM,历史跨日比例,3511.8027848497018,3659.13,3495.527412333074,3740.1711,3503.665098591388,3699.6505500000003
2025-09-10,2025-09-11,LightGBM,目标时刻上周同期,3511.8027848497018,3659.13,3370.3237,3740.1711,3441.0632424248506,3699.6505500000003
2025-09-11,2025-09-12,LightGBM,XGBoost跨日边界,2758.6085405520275,2749.74,2577.552001953125,2479.1911,2668.0802712525765,2614.46555
2025-09-11,2025-09-12,LightGBM,历史跨日比例,2758.6085405520275,2749.74,2740.6444641995326,2479.1911,2749.62650237578,2614.46555
2025-09-11,2025-09-12,LightGBM,目标时刻上周同期,2758.6085405520275,2749.74,2690.1853,2479.1911,2724.3969202760136,2614.46555
2025-09-12,2025-09-13,LightGBM,XGBoost跨日边界,2466.1833580281977,2468.61,2682.70556640625,2742.98,2574.444462217224,2605.795
2025-09-12,2025-09-13,LightGBM,历史跨日比例,2466.1833580281977,2468.61,2453.4312392001734,2742.98,2459.8072986141856,2605.795
2025-09-12,2025-09-13,LightGBM,目标时刻上周同期,2466.1833580281977,2468.61,2474.0124,2742.98,2470.097879014099,2605.795
2025-09-13,2025-09-14,LightGBM,XGBoost跨日边界,3474.3964429355733,3451.6,3601.817138671875,3800.2617,3538.106790803724,3625.9308499999997
2025-09-13,2025-09-14,LightGBM,历史跨日比例,3474.3964429355733,3451.6,3456.4310649146123,3800.2617,3465.413753925093,3625.9308499999997
2025-09-13,2025-09-14,LightGBM,目标时刻上周同期,3474.3964429355733,3451.6,3652.0537,3800.2617,3563.2250714677866,3625.9308499999997
2025-09-14,2025-09-15,LightGBM,XGBoost跨日边界,3410.2434990971547,3623.68,3666.816650390625,3801.302,3538.5300747438896,3712.491
2025-09-14,2025-09-15,LightGBM,历史跨日比例,3410.2434990971547,3623.68,3408.2966198687996,3801.302,3409.270059482977,3712.491
2025-09-14,2025-09-15,LightGBM,目标时刻上周同期,3410.2434990971547,3623.68,3604.1048,3801.302,3507.1741495485776,3712.491
2025-09-15,2025-09-16,LightGBM,XGBoost跨日边界,3466.9858332984454,3606.04,3607.283203125,3937.1458,3537.134518211723,3771.5928999999996
2025-09-15,2025-09-16,LightGBM,历史跨日比例,3466.9858332984454,3606.04,3465.153907112986,3937.1458,3466.0698702057157,3771.5928999999996
2025-09-15,2025-09-16,LightGBM,目标时刻上周同期,3466.9858332984454,3606.04,3714.8929,3937.1458,3590.9393666492224,3771.5928999999996
2025-09-16,2025-09-17,LightGBM,XGBoost跨日边界,3434.935801130315,3923.31,3532.1103515625,3707.9525,3483.523076346408,3815.63125
2025-09-16,2025-09-17,LightGBM,历史跨日比例,3434.935801130315,3923.31,3434.929177033211,3707.9525,3434.9324890817634,3815.63125
2025-09-16,2025-09-17,LightGBM,目标时刻上周同期,3434.935801130315,3923.31,3524.9649,3707.9525,3479.9503505651574,3815.63125
2025-09-17,2025-09-18,LightGBM,XGBoost跨日边界,3501.452509676818,3771.92,3677.860107421875,3671.7874,3589.6563085493462,3721.8537
2025-09-17,2025-09-18,LightGBM,历史跨日比例,3501.452509676818,3771.92,3501.445757305661,3671.7874,3501.4491334912395,3721.8537
2025-09-17,2025-09-18,LightGBM,目标时刻上周同期,3501.452509676818,3771.92,3740.1711,3671.7874,3620.811804838409,3721.8537
2025-09-18,2025-09-19,LightGBM,XGBoost跨日边界,2775.617564355363,2563.14,2711.01953125,2350.1762,2743.3185478026817,2456.6580999999996
2025-09-18,2025-09-19,LightGBM,历史跨日比例,2775.617564355363,2563.14,2775.6122117195832,2350.1762,2775.614888037473,2456.6580999999996
2025-09-18,2025-09-19,LightGBM,目标时刻上周同期,2775.617564355363,2563.14,2479.1911,2350.1762,2627.4043321776817,2456.6580999999996
2025-09-19,2025-09-20,LightGBM,XGBoost跨日边界,2648.0150585995852,2596.53,2710.84375,2811.8104,2679.4294042997926,2704.1702
2025-09-19,2025-09-20,LightGBM,历史跨日比例,2648.0150585995852,2596.53,2643.038228502945,2811.8104,2645.526643551265,2704.1702
2025-09-19,2025-09-20,LightGBM,目标时刻上周同期,2648.0150585995852,2596.53,2742.98,2811.8104,2695.4975292997924,2704.1702
2025-09-20,2025-09-21,LightGBM,XGBoost跨日边界,3307.846345273753,3589.43,3666.358642578125,3447.8751,3487.1024939259387,3518.65255
2025-09-20,2025-09-21,LightGBM,历史跨日比例,3307.846345273753,3589.43,3301.6293907316112,3447.8751,3304.7378680026823,3518.65255
2025-09-20,2025-09-21,LightGBM,目标时刻上周同期,3307.846345273753,3589.43,3800.2617,3447.8751,3554.0540226368767,3518.65255
2025-09-21,2025-09-22,LightGBM,XGBoost跨日边界,3589.2372526690933,3477.72,3756.42431640625,3850.0398,3672.8307845376717,3663.8799
2025-09-21,2025-09-22,LightGBM,历史跨日比例,3589.2372526690933,3477.72,3582.491436052585,3850.0398,3585.864344360839,3663.8799
2025-09-21,2025-09-22,LightGBM,目标时刻上周同期,3589.2372526690933,3477.72,3801.302,3850.0398,3695.269626334547,3663.8799
2025-09-22,2025-09-23,LightGBM,XGBoost跨日边界,3656.904429587448,3425.14,3651.425048828125,3421.106,3654.1647392077866,3423.123
2025-09-22,2025-09-23,LightGBM,历史跨日比例,3656.904429587448,3425.14,3630.366340639677,3421.106,3643.6353851135627,3423.123
2025-09-22,2025-09-23,LightGBM,目标时刻上周同期,3656.904429587448,3425.14,3937.1458,3421.106,3797.025114793724,3423.123
2025-09-23,2025-09-24,LightGBM,XGBoost跨日边界,3668.080328122169,3147.61,3592.162353515625,3465.0342,3630.121340818897,3306.3221000000003
2025-09-23,2025-09-24,LightGBM,历史跨日比例,3668.080328122169,3147.61,3661.1863293457623,3465.0342,3664.6333287339658,3306.3221000000003
2025-09-23,2025-09-24,LightGBM,目标时刻上周同期,3668.080328122169,3147.61,3707.9525,3465.0342,3688.016414061084,3306.3221000000003
2025-09-24,2025-09-25,LightGBM,XGBoost跨日边界,3570.4409996452873,3644.49,3502.253662109375,3391.3943,3536.347330877331,3517.94215
2025-09-24,2025-09-25,LightGBM,历史跨日比例,3570.4409996452873,3644.49,3574.2107491784236,3391.3943,3572.3258744118557,3517.94215
2025-09-24,2025-09-25,LightGBM,目标时刻上周同期,3570.4409996452873,3644.49,3671.7874,3391.3943,3621.114199822644,3517.94215
2025-09-25,2025-09-26,LightGBM,XGBoost跨日边界,2645.7934844052093,2744.5,2968.234619140625,2417.315,2807.014051772917,2580.9075000000003
2025-09-25,2025-09-26,LightGBM,历史跨日比例,2645.7934844052093,2744.5,2648.5869709111066,2417.315,2647.1902276581577,2580.9075000000003
2025-09-25,2025-09-26,LightGBM,目标时刻上周同期,2645.7934844052093,2744.5,2350.1762,2417.315,2497.9848422026043,2580.9075000000003
2025-09-26,2025-09-27,LightGBM,XGBoost跨日边界,2581.1976031539225,2539.44,3025.14501953125,2487.2597,2803.1713113425863,2513.34985
2025-09-26,2025-09-27,LightGBM,历史跨日比例,2581.1976031539225,2539.44,2583.9228879185744,2487.2597,2582.5602455362487,2513.34985
2025-09-26,2025-09-27,LightGBM,目标时刻上周同期,2581.1976031539225,2539.44,2811.8104,2487.2597,2696.504001576961,2513.34985
2025-09-27,2025-09-28,LightGBM,XGBoost跨日边界,3331.766183217547,3562.79,3491.252685546875,3592.91,3411.509434382211,3577.85
2025-09-27,2025-09-28,LightGBM,历史跨日比例,3331.766183217547,3562.79,3318.062493059189,3592.91,3324.9143381383683,3577.85
2025-09-27,2025-09-28,LightGBM,目标时刻上周同期,3331.766183217547,3562.79,3447.8751,3592.91,3389.8206416087737,3577.85
2025-09-28,2025-09-29,LightGBM,XGBoost跨日边界,3550.7892156899034,3776.89,3582.75048828125,3623.5154,3566.7698519855767,3700.2027
2025-09-28,2025-09-29,LightGBM,历史跨日比例,3550.7892156899034,3776.89,3501.794937992736,3623.5154,3526.2920768413196,3700.2027
2025-09-28,2025-09-29,LightGBM,目标时刻上周同期,3550.7892156899034,3776.89,3850.0398,3623.5154,3700.414507844952,3700.2027
2025-09-29,2025-09-30,LightGBM,XGBoost跨日边界,3559.1704996022654,3948.16,3538.240478515625,3819.9704,3548.705489058945,3884.0652
2025-09-29,2025-09-30,LightGBM,历史跨日比例,3559.1704996022654,3948.16,3544.531486218614,3819.9704,3551.85099291044,3884.0652
2025-09-29,2025-09-30,LightGBM,目标时刻上周同期,3559.1704996022654,3948.16,3421.106,3819.9704,3490.1382498011326,3884.0652
2025-09-30,2025-10-01,LightGBM,XGBoost跨日边界,3561.1969441950146,3400.52,3412.530029296875,3336.4792,3486.863486745945,3368.4996
2025-09-30,2025-10-01,LightGBM,历史跨日比例,3561.1969441950146,3400.52,3522.5121647529822,3336.4792,3541.854554473998,3368.4996
2025-09-30,2025-10-01,LightGBM,目标时刻上周同期,3561.1969441950146,3400.52,3465.0342,3336.4792,3513.1155720975075,3368.4996
2025-10-01,2025-10-02,LightGBM,XGBoost跨日边界,3594.58720809277,3522.98,3454.4306640625,3548.8619,3524.508936077635,3535.9209499999997
2025-10-01,2025-10-02,LightGBM,历史跨日比例,3594.58720809277,3522.98,3509.9440128215633,3548.8619,3552.265610457167,3535.9209499999997
2025-10-01,2025-10-02,LightGBM,目标时刻上周同期,3594.58720809277,3522.98,3391.3943,3548.8619,3492.990754046385,3535.9209499999997
2025-10-02,2025-10-03,LightGBM,XGBoost跨日边界,2683.307227413907,2377.67,2551.367431640625,2249.1115,2617.337329527266,2313.39075
2025-10-02,2025-10-03,LightGBM,历史跨日比例,2683.307227413907,2377.67,2620.122309515325,2249.1115,2651.714768464616,2313.39075
2025-10-02,2025-10-03,LightGBM,目标时刻上周同期,2683.307227413907,2377.67,2417.315,2249.1115,2550.3111137069536,2313.39075
2025-10-03,2025-10-04,LightGBM,XGBoost跨日边界,2533.2180356345684,2441.46,2639.842041015625,2458.7692,2586.530038325097,2450.1146
2025-10-03,2025-10-04,LightGBM,历史跨日比例,2533.2180356345684,2441.46,2473.567328490221,2458.7692,2503.3926820623947,2450.1146
2025-10-03,2025-10-04,LightGBM,目标时刻上周同期,2533.2180356345684,2441.46,2487.2597,2458.7692,2510.2388678172842,2450.1146
2025-10-04,2025-10-05,LightGBM,XGBoost跨日边界,3353.660677002653,3420.64,3508.743408203125,3534.528,3431.202042602889,3477.584
2025-10-04,2025-10-05,LightGBM,历史跨日比例,3353.660677002653,3420.64,3274.6906759639196,3534.528,3314.175676483286,3477.584
2025-10-04,2025-10-05,LightGBM,目标时刻上周同期,3353.660677002653,3420.64,3592.91,3534.528,3473.2853385013264,3477.584
2025-10-05,2025-10-06,LightGBM,XGBoost跨日边界,3579.34077638787,3379.91,3594.62109375,3517.5086,3586.9809350689347,3448.7093
2025-10-05,2025-10-06,LightGBM,历史跨日比例,3579.34077638787,3379.91,3508.8624745036636,3517.5086,3544.101625445767,3448.7093
2025-10-05,2025-10-06,LightGBM,目标时刻上周同期,3579.34077638787,3379.91,3623.5154,3517.5086,3601.428088193935,3448.7093
2025-10-06,2025-10-07,LightGBM,XGBoost跨日边界,3570.2741649020995,3298.57,3535.468017578125,3446.8842,3552.871091240112,3372.7271
2025-10-06,2025-10-07,LightGBM,历史跨日比例,3570.2741649020995,3298.57,3499.9743873387893,3446.8842,3535.1242761204444,3372.7271
2025-10-06,2025-10-07,LightGBM,目标时刻上周同期,3570.2741649020995,3298.57,3819.9704,3446.8842,3695.1222824510496,3372.7271
2025-10-07,2025-10-08,LightGBM,XGBoost跨日边界,3261.751166093214,3466.0,3415.1103515625,3417.7315,3338.430758827857,3441.86575
2025-10-07,2025-10-08,LightGBM,历史跨日比例,3261.751166093214,3466.0,3229.1166750585685,3417.7315,3245.4339205758915,3441.86575
2025-10-07,2025-10-08,LightGBM,目标时刻上周同期,3261.751166093214,3466.0,3336.4792,3417.7315,3299.115183046607,3441.86575
2025-10-08,2025-10-09,LightGBM,XGBoost跨日边界,3455.4641632572793,3439.76,3438.3447265625,3356.4957,3446.9044449098897,3398.12785
2025-10-08,2025-10-09,LightGBM,历史跨日比例,3455.4641632572793,3439.76,3465.6783946529386,3356.4957,3460.571278955109,3398.12785
2025-10-08,2025-10-09,LightGBM,目标时刻上周同期,3455.4641632572793,3439.76,3548.8619,3356.4957,3502.1630316286396,3398.12785
2025-10-09,2025-10-10,LightGBM,XGBoost跨日边界,2523.8991801601305,2488.22,2496.52734375,2591.2176,2510.2132619550653,2539.7187999999996
2025-10-09,2025-10-10,LightGBM,历史跨日比例,2523.8991801601305,2488.22,2531.359737997654,2591.2176,2527.629459078892,2539.7187999999996
2025-10-09,2025-10-10,LightGBM,目标时刻上周同期,2523.8991801601305,2488.22,2249.1115,2591.2176,2386.5053400800653,2539.7187999999996
2025-10-10,2025-10-11,LightGBM,XGBoost跨日边界,2455.2790980401996,2694.69,2541.762939453125,2607.4686,2498.5210187466623,2651.0793000000003
2025-10-10,2025-10-11,LightGBM,历史跨日比例,2455.2790980401996,2694.69,2436.7367738478447,2607.4686,2446.0079359440224,2651.0793000000003
2025-10-10,2025-10-11,LightGBM,目标时刻上周同期,2455.2790980401996,2694.69,2458.7692,2607.4686,2457.0241490200997,2651.0793000000003
2025-10-11,2025-10-12,LightGBM,XGBoost跨日边界,3303.496955023552,3432.27,3405.674072265625,3357.8854,3354.5855136445884,3395.0777
2025-10-11,2025-10-12,LightGBM,历史跨日比例,3303.496955023552,3432.27,3313.2619766586363,3357.8854,3308.3794658410943,3395.0777
2025-10-11,2025-10-12,LightGBM,目标时刻上周同期,3303.496955023552,3432.27,3534.528,3357.8854,3419.0124775117756,3395.0777
2025-10-12,2025-10-13,LightGBM,XGBoost跨日边界,3481.7583899427364,3467.55,3599.109619140625,3500.703,3540.4340045416807,3484.1265000000003
2025-10-12,2025-10-13,LightGBM,历史跨日比例,3481.7583899427364,3467.55,3455.4640705403913,3500.703,3468.611230241564,3484.1265000000003
2025-10-12,2025-10-13,LightGBM,目标时刻上周同期,3481.7583899427364,3467.55,3517.5086,3500.703,3499.6334949713682,3484.1265000000003
2025-10-13,2025-10-14,LightGBM,XGBoost跨日边界,3484.1966906301286,3281.5,3509.85546875,3272.6499,3497.0260796900643,3277.07495
2025-10-13,2025-10-14,LightGBM,历史跨日比例,3484.1966906301286,3281.5,3427.127407612986,3272.6499,3455.662049121557,3277.07495
2025-10-13,2025-10-14,LightGBM,目标时刻上周同期,3484.1966906301286,3281.5,3446.8842,3272.6499,3465.540445315064,3277.07495
2025-10-14,2025-10-15,LightGBM,XGBoost跨日边界,3415.064555275942,3388.75,3397.003662109375,3501.7051,3406.0341086926583,3445.22755
2025-10-14,2025-10-15,LightGBM,历史跨日比例,3415.064555275942,3388.75,3359.127619754771,3501.7051,3387.0960875153564,3445.22755
2025-10-14,2025-10-15,LightGBM,目标时刻上周同期,3415.064555275942,3388.75,3417.7315,3501.7051,3416.3980276379707,3445.22755
2025-10-15,2025-10-16,LightGBM,XGBoost跨日边界,3443.184259734498,3421.24,3382.078857421875,3396.8534,3412.6315585781867,3409.0467
2025-10-15,2025-10-16,LightGBM,历史跨日比例,3443.184259734498,3421.24,3386.7867384558067,3396.8534,3414.9854990951526,3409.0467
2025-10-15,2025-10-16,LightGBM,目标时刻上周同期,3443.184259734498,3421.24,3356.4957,3396.8534,3399.839979867249,3409.0467
2025-10-16,2025-10-17,LightGBM,XGBoost跨日边界,2529.4904459018976,2657.91,2479.95166015625,2486.445,2504.721053029074,2572.1775
2025-10-16,2025-10-17,LightGBM,历史跨日比例,2529.4904459018976,2657.91,2508.4662676601383,2486.445,2518.978356781018,2572.1775
2025-10-16,2025-10-17,LightGBM,目标时刻上周同期,2529.4904459018976,2657.91,2591.2176,2486.445,2560.354022950949,2572.1775
2025-10-17,2025-10-18,LightGBM,XGBoost跨日边界,2455.2072227522926,2370.93,2541.1357421875,2292.4324,2498.1714824698965,2331.6812
2025-10-17,2025-10-18,LightGBM,历史跨日比例,2455.2072227522926,2370.93,2443.1460562786065,2292.4324,2449.1766395154496,2331.6812
2025-10-17,2025-10-18,LightGBM,目标时刻上周同期,2455.2072227522926,2370.93,2607.4686,2292.4324,2531.3379113761466,2331.6812
2025-10-18,2025-10-19,LightGBM,XGBoost跨日边界,3260.2744473695575,3374.98,3423.318115234375,3327.9158,3341.7962813019662,3351.4479
2025-10-18,2025-10-19,LightGBM,历史跨日比例,3260.2744473695575,3374.98,3244.258400945766,3327.9158,3252.2664241576617,3351.4479
2025-10-18,2025-10-19,LightGBM,目标时刻上周同期,3260.2744473695575,3374.98,3357.8854,3327.9158,3309.079923684779,3351.4479
2025-10-19,2025-10-20,LightGBM,XGBoost跨日边界,3411.4834361912212,3516.27,3562.70947265625,3545.1427,3487.096454423736,3530.70635
2025-10-19,2025-10-20,LightGBM,历史跨日比例,3411.4834361912212,3516.27,3375.570265158908,3545.1427,3393.5268506750645,3530.70635
2025-10-19,2025-10-20,LightGBM,目标时刻上周同期,3411.4834361912212,3516.27,3500.703,3545.1427,3456.0932180956106,3530.70635
2025-10-20,2025-10-21,LightGBM,XGBoost跨日边界,3319.8437648030717,3565.34,3500.012451171875,3352.4291,3409.9281079874736,3458.8845499999998
2025-10-20,2025-10-21,LightGBM,历史跨日比例,3319.8437648030717,3565.34,3284.89529761689,3352.4291,3302.369531209981,3458.8845499999998
2025-10-20,2025-10-21,LightGBM,目标时刻上周同期,3319.8437648030717,3565.34,3272.6499,3352.4291,3296.246832401536,3458.8845499999998
2025-10-21,2025-10-22,LightGBM,XGBoost跨日边界,3426.562122957397,3411.74,3387.027099609375,3452.2534,3406.794611283386,3431.9966999999997
2025-10-21,2025-10-22,LightGBM,历史跨日比例,3426.562122957397,3411.74,3390.4902164462505,3452.2534,3408.526169701824,3431.9966999999997
2025-10-21,2025-10-22,LightGBM,目标时刻上周同期,3426.562122957397,3411.74,3501.7051,3452.2534,3464.1336114786986,3431.9966999999997
2025-10-22,2025-10-23,LightGBM,XGBoost跨日边界,3406.165297350418,3485.37,3377.47998046875,3433.9039,3391.822638909584,3459.63695
2025-10-22,2025-10-23,LightGBM,历史跨日比例,3406.165297350418,3485.37,3358.6981449127243,3433.9039,3382.431721131571,3459.63695
2025-10-22,2025-10-23,LightGBM,目标时刻上周同期,3406.165297350418,3485.37,3396.8534,3433.9039,3401.509348675209,3459.63695
2025-10-23,2025-10-24,LightGBM,XGBoost跨日边界,2560.016755523289,2689.4,2474.9931640625,2390.2326,2517.5049597928946,2539.8163
2025-10-23,2025-10-24,LightGBM,历史跨日比例,2560.016755523289,2689.4,2524.341239225827,2390.2326,2542.178997374558,2539.8163
2025-10-23,2025-10-24,LightGBM,目标时刻上周同期,2560.016755523289,2689.4,2486.445,2390.2326,2523.2308777616445,2539.8163
2025-10-24,2025-10-25,LightGBM,XGBoost跨日边界,2471.635749473329,2482.68,2531.15869140625,2275.2439,2501.3972204397896,2378.96195
2025-10-24,2025-10-25,LightGBM,历史跨日比例,2471.635749473329,2482.68,2437.191880591814,2275.2439,2454.4138150325716,2378.96195
2025-10-24,2025-10-25,LightGBM,目标时刻上周同期,2471.635749473329,2482.68,2292.4324,2275.2439,2382.0340747366645,2378.96195
2025-10-25,2025-10-26,LightGBM,XGBoost跨日边界,3237.4318724849463,3333.24,3485.77734375,3550.0563,3361.604608117473,3441.64815
2025-10-25,2025-10-26,LightGBM,历史跨日比例,3237.4318724849463,3333.24,3192.3161312384987,3550.0563,3214.8740018617227,3441.64815
2025-10-25,2025-10-26,LightGBM,目标时刻上周同期,3237.4318724849463,3333.24,3327.9158,3550.0563,3282.673836242473,3441.64815
2025-10-26,2025-10-27,LightGBM,XGBoost跨日边界,3468.702176895197,3410.61,3552.10888671875,3430.3327,3510.4055318069736,3420.47135
2025-10-26,2025-10-27,LightGBM,历史跨日比例,3468.702176895197,3410.61,3420.363531932863,3430.3327,3444.53285441403,3420.47135
2025-10-26,2025-10-27,LightGBM,目标时刻上周同期,3468.702176895197,3410.61,3545.1427,3430.3327,3506.9224384475983,3420.47135
2025-10-27,2025-10-28,LightGBM,XGBoost跨日边界,3428.020372983388,3398.73,3491.964599609375,3482.3471,3459.9924862963817,3440.53855
2025-10-27,2025-10-28,LightGBM,历史跨日比例,3428.020372983388,3398.73,3380.2486557004663,3482.3471,3404.134514341927,3440.53855
2025-10-27,2025-10-28,LightGBM,目标时刻上周同期,3428.020372983388,3398.73,3352.4291,3482.3471,3390.224736491694,3440.53855
2025-10-28,2025-10-29,LightGBM,XGBoost跨日边界,3397.8852986688407,3486.63,3395.347900390625,3363.3565,3396.616599529733,3424.99325
2025-10-28,2025-10-29,LightGBM,历史跨日比例,3397.8852986688407,3486.63,3362.11527716303,3363.3565,3380.0002879159356,3424.99325
2025-10-28,2025-10-29,LightGBM,目标时刻上周同期,3397.8852986688407,3486.63,3452.2534,3363.3565,3425.0693493344206,3424.99325
2025-10-29,2025-10-30,LightGBM,XGBoost跨日边界,3435.7664354332987,3494.38,3390.607421875,3472.5305,3413.1869286541496,3483.45525
2025-10-29,2025-10-30,LightGBM,历史跨日比例,3435.7664354332987,3494.38,3418.8882874063434,3472.5305,3427.327361419821,3483.45525
2025-10-29,2025-10-30,LightGBM,目标时刻上周同期,3435.7664354332987,3494.38,3433.9039,3472.5305,3434.8351677166493,3483.45525
2025-10-30,2025-10-31,LightGBM,XGBoost跨日边界,2591.3201215615545,2600.29,2475.532470703125,2433.8663,2533.4262961323398,2517.0781500000003
2025-10-30,2025-10-31,LightGBM,历史跨日比例,2591.3201215615545,2600.29,2578.590302635016,2433.8663,2584.9552120982853,2517.0781500000003
2025-10-30,2025-10-31,LightGBM,目标时刻上周同期,2591.3201215615545,2600.29,2390.2326,2433.8663,2490.7763607807774,2517.0781500000003
2025-10-31,2025-11-01,LightGBM,XGBoost跨日边界,2486.9762625210615,2471.51,2575.18798828125,2342.2452,2531.0821254011557,2406.8776
2025-10-31,2025-11-01,LightGBM,历史跨日比例,2486.9762625210615,2471.51,2470.3374527437472,2342.2452,2478.6568576324044,2406.8776
2025-10-31,2025-11-01,LightGBM,目标时刻上周同期,2486.9762625210615,2471.51,2275.2439,2342.2452,2381.110081260531,2406.8776
2025-11-01,2025-11-02,LightGBM,XGBoost跨日边界,3232.541935907483,3406.47,3474.50146484375,3476.668,3353.5217003756165,3441.569
2025-11-01,2025-11-02,LightGBM,历史跨日比例,3232.541935907483,3406.47,3210.915010399866,3476.668,3221.7284731536747,3441.569
2025-11-01,2025-11-02,LightGBM,目标时刻上周同期,3232.541935907483,3406.47,3550.0563,3476.668,3391.2991179537416,3441.569
2025-11-02,2025-11-03,LightGBM,XGBoost跨日边界,3465.6871158656154,3256.76,3522.777587890625,3402.7052,3494.2323518781204,3329.7326000000003
2025-11-02,2025-11-03,LightGBM,历史跨日比例,3465.6871158656154,3256.76,3429.2033349929975,3402.7052,3447.4452254293064,3329.7326000000003
2025-11-02,2025-11-03,LightGBM,目标时刻上周同期,3465.6871158656154,3256.76,3430.3327,3402.7052,3448.0099079328074,3329.7326000000003
2025-11-03,2025-11-04,LightGBM,XGBoost跨日边界,3437.590405379794,3477.43,3491.261474609375,3563.3362,3464.4259399945845,3520.3831
2025-11-03,2025-11-04,LightGBM,历史跨日比例,3437.590405379794,3477.43,3401.402402572055,3563.3362,3419.4964039759243,3520.3831
2025-11-03,2025-11-04,LightGBM,目标时刻上周同期,3437.590405379794,3477.43,3482.3471,3563.3362,3459.968752689897,3520.3831
2025-11-04,2025-11-05,LightGBM,XGBoost跨日边界,3439.433336886697,3457.44,3382.980224609375,3388.5113,3411.206780748036,3422.9756500000003
2025-11-04,2025-11-05,LightGBM,历史跨日比例,3439.433336886697,3457.44,3403.225933277035,3388.5113,3421.329635081866,3422.9756500000003
2025-11-04,2025-11-05,LightGBM,目标时刻上周同期,3439.433336886697,3457.44,3363.3565,3388.5113,3401.3949184433486,3422.9756500000003
2025-11-05,2025-11-06,LightGBM,XGBoost跨日边界,3436.2278730472785,3203.62,3387.752685546875,3315.0687,3411.990279297077,3259.34435
2025-11-05,2025-11-06,LightGBM,历史跨日比例,3436.2278730472785,3203.62,3400.0542138110704,3315.0687,3418.1410434291747,3259.34435
2025-11-05,2025-11-06,LightGBM,目标时刻上周同期,3436.2278730472785,3203.62,3472.5305,3315.0687,3454.379186523639,3259.34435
2025-11-06,2025-11-07,LightGBM,XGBoost跨日边界,2530.207837466478,2374.25,2483.745849609375,2332.5113,2506.9768435379265,2353.38065
2025-11-06,2025-11-07,LightGBM,历史跨日比例,2530.207837466478,2374.25,2503.5482631670056,2332.5113,2516.878050316742,2353.38065
2025-11-06,2025-11-07,LightGBM,目标时刻上周同期,2530.207837466478,2374.25,2433.8663,2332.5113,2482.037068733239,2353.38065
2025-11-07,2025-11-08,LightGBM,XGBoost跨日边界,2436.577395921972,2630.28,2510.424072265625,2716.9924,2473.500734093798,2673.6362
2025-11-07,2025-11-08,LightGBM,历史跨日比例,2436.577395921972,2630.28,2420.275773582661,2716.9924,2428.4265847523166,2673.6362
2025-11-07,2025-11-08,LightGBM,目标时刻上周同期,2436.577395921972,2630.28,2342.2452,2716.9924,2389.411297960986,2673.6362
2025-11-08,2025-11-09,LightGBM,XGBoost跨日边界,3259.1595040192465,3381.19,3378.251953125,3167.857,3318.705728572123,3274.5235000000002
2025-11-08,2025-11-09,LightGBM,历史跨日比例,3259.1595040192465,3381.19,3224.8193191282558,3167.857,3241.989411573751,3274.5235000000002
2025-11-08,2025-11-09,LightGBM,目标时刻上周同期,3259.1595040192465,3381.19,3476.668,3167.857,3367.9137520096233,3274.5235000000002
2025-11-09,2025-11-10,LightGBM,XGBoost跨日边界,3393.4489478637784,3501.71,3502.76220703125,3397.8294,3448.1055774475144,3449.7697
2025-11-09,2025-11-10,LightGBM,历史跨日比例,3393.4489478637784,3501.71,3370.7454937201123,3397.8294,3382.0972207919453,3449.7697
2025-11-09,2025-11-10,LightGBM,目标时刻上周同期,3393.4489478637784,3501.71,3402.7052,3397.8294,3398.077073931889,3449.7697
2025-11-10,2025-11-11,LightGBM,XGBoost跨日边界,3422.5940810752295,3299.55,3503.47998046875,3457.6302,3463.0370307719895,3378.5901000000003
2025-11-10,2025-11-11,LightGBM,历史跨日比例,3422.5940810752295,3299.55,3399.69563499105,3457.6302,3411.14485803314,3378.5901000000003
2025-11-10,2025-11-11,LightGBM,目标时刻上周同期,3422.5940810752295,3299.55,3563.3362,3457.6302,3492.965140537615,3378.5901000000003
2025-11-11,2025-11-12,LightGBM,XGBoost跨日边界,3422.6690515923915,3580.04,3369.16650390625,3381.7557,3395.9177777493205,3480.8978500000003
2025-11-11,2025-11-12,LightGBM,历史跨日比例,3422.6690515923915,3580.04,3386.6060458059587,3381.7557,3404.637548699175,3480.8978500000003
2025-11-11,2025-11-12,LightGBM,目标时刻上周同期,3422.6690515923915,3580.04,3388.5113,3381.7557,3405.5901757961956,3480.8978500000003
2025-11-12,2025-11-13,LightGBM,XGBoost跨日边界,3384.734905301514,3458.31,3365.060546875,3397.4385,3374.897726088257,3427.87425
2025-11-12,2025-11-13,LightGBM,历史跨日比例,3384.734905301514,3458.31,3349.0715932384796,3397.4385,3366.903249269997,3427.87425
2025-11-12,2025-11-13,LightGBM,目标时刻上周同期,3384.734905301514,3458.31,3315.0687,3397.4385,3349.901802650757,3427.87425
2025-11-13,2025-11-14,LightGBM,XGBoost跨日边界,2558.8936184034214,2427.59,2513.395263671875,2387.825,2536.144441037648,2407.7075
2025-11-13,2025-11-14,LightGBM,历史跨日比例,2558.8936184034214,2427.59,2522.1589681191836,2387.825,2540.5262932613023,2407.7075
2025-11-13,2025-11-14,LightGBM,目标时刻上周同期,2558.8936184034214,2427.59,2332.5113,2387.825,2445.7024592017106,2407.7075
2025-11-14,2025-11-15,LightGBM,XGBoost跨日边界,2482.518091779847,2534.07,2544.814453125,2422.0646,2513.6662724524235,2478.0673
2025-11-14,2025-11-15,LightGBM,历史跨日比例,2482.518091779847,2534.07,2442.368246990254,2422.0646,2462.4431693850506,2478.0673
2025-11-14,2025-11-15,LightGBM,目标时刻上周同期,2482.518091779847,2534.07,2716.9924,2422.0646,2599.7552458899236,2478.0673
2025-11-15,2025-11-16,LightGBM,XGBoost跨日边界,3304.5331232881913,3263.2,3384.135986328125,3463.6701,3344.334554808158,3363.43505
2025-11-15,2025-11-16,LightGBM,历史跨日比例,3304.5331232881913,3263.2,3253.0703626841664,3463.6701,3278.801742986179,3363.43505
2025-11-15,2025-11-16,LightGBM,目标时刻上周同期,3304.5331232881913,3263.2,3167.857,3463.6701,3236.1950616440954,3363.43505
2025-11-16,2025-11-17,LightGBM,XGBoost跨日边界,3428.10511156779,3665.39,3518.50830078125,3292.4654,3473.30670617452,3478.9277
2025-11-16,2025-11-17,LightGBM,历史跨日比例,3428.10511156779,3665.39,3374.717917038325,3292.4654,3401.4115143030576,3478.9277
2025-11-16,2025-11-17,LightGBM,目标时刻上周同期,3428.10511156779,3665.39,3397.8294,3292.4654,3412.967255783895,3478.9277
2025-11-17,2025-11-18,LightGBM,XGBoost跨日边界,3412.1661670418307,3102.96,3494.195556640625,3495.3361,3453.180861841228,3299.14805
2025-11-17,2025-11-18,LightGBM,历史跨日比例,3412.1661670418307,3102.96,3359.027195803166,3495.3361,3385.5966814224985,3299.14805
2025-11-17,2025-11-18,LightGBM,目标时刻上周同期,3412.1661670418307,3102.96,3457.6302,3495.3361,3434.898183520915,3299.14805
2025-11-18,2025-11-19,LightGBM,XGBoost跨日边界,3428.303329253929,3278.45,3374.57958984375,3398.5794,3401.4414595488397,3338.5146999999997
2025-11-18,2025-11-19,LightGBM,历史跨日比例,3428.303329253929,3278.45,3370.0904231026384,3398.5794,3399.1968761782837,3338.5146999999997
2025-11-18,2025-11-19,LightGBM,目标时刻上周同期,3428.303329253929,3278.45,3381.7557,3398.5794,3405.0295146269646,3338.5146999999997
2025-11-19,2025-11-20,LightGBM,XGBoost跨日边界,3357.7883532221013,3573.7,3375.187744140625,3451.4104,3366.488048681363,3512.5552
2025-11-19,2025-11-20,LightGBM,历史跨日比例,3357.7883532221013,3573.7,3305.4962285152665,3451.4104,3331.6422908686836,3512.5552
2025-11-19,2025-11-20,LightGBM,目标时刻上周同期,3357.7883532221013,3573.7,3397.4385,3451.4104,3377.6134266110507,3512.5552
2025-11-20,2025-11-21,LightGBM,XGBoost跨日边界,2512.8532718798006,2375.58,2473.092529296875,2367.6198,2492.972900588338,2371.5999
2025-11-20,2025-11-21,LightGBM,历史跨日比例,2512.8532718798006,2375.58,2473.7196449681987,2367.6198,2493.2864584239996,2371.5999
2025-11-20,2025-11-21,LightGBM,目标时刻上周同期,2512.8532718798006,2375.58,2387.825,2367.6198,2450.3391359399,2371.5999
2025-11-21,2025-11-22,LightGBM,XGBoost跨日边界,2464.229946517098,2207.79,2499.98193359375,2513.7416,2482.105940055424,2360.7658
2025-11-21,2025-11-22,LightGBM,历史跨日比例,2464.229946517098,2207.79,2422.387095160355,2513.7416,2443.3085208387265,2360.7658
2025-11-21,2025-11-22,LightGBM,目标时刻上周同期,2464.229946517098,2207.79,2422.0646,2513.7416,2443.147273258549,2360.7658
2025-11-22,2025-11-23,LightGBM,XGBoost跨日边界,3175.0770719372013,3314.17,3430.83935546875,3454.443,3302.9582137029756,3384.3065
2025-11-22,2025-11-23,LightGBM,历史跨日比例,3175.0770719372013,3314.17,3139.145998589341,3454.443,3157.1115352632714,3384.3065
2025-11-22,2025-11-23,LightGBM,目标时刻上周同期,3175.0770719372013,3314.17,3463.6701,3454.443,3319.3735859686003,3384.3065
2025-11-23,2025-11-24,LightGBM,XGBoost跨日边界,3474.3074379707828,3501.22,3534.442626953125,3579.4616,3504.375032461954,3540.3408
2025-11-23,2025-11-24,LightGBM,历史跨日比例,3474.3074379707828,3501.22,3457.6245097847727,3579.4616,3465.9659738777777,3540.3408
2025-11-23,2025-11-24,LightGBM,目标时刻上周同期,3474.3074379707828,3501.22,3292.4654,3579.4616,3383.386418985391,3540.3408
2025-11-24,2025-11-25,LightGBM,XGBoost跨日边界,3251.7909212205827,3408.88,3500.88037109375,3335.9676,3376.3356461571666,3372.4238
2025-11-24,2025-11-25,LightGBM,历史跨日比例,3251.7909212205827,3408.88,3236.176472763388,3335.9676,3243.983696991985,3372.4238
2025-11-24,2025-11-25,LightGBM,目标时刻上周同期,3251.7909212205827,3408.88,3495.3361,3335.9676,3373.5635106102914,3372.4238
2025-11-25,2025-11-26,LightGBM,XGBoost跨日边界,3385.0083533632396,3354.59,3373.329833984375,3232.8252,3379.1690936738073,3293.7076
2025-11-25,2025-11-26,LightGBM,历史跨日比例,3385.0083533632396,3354.59,3368.754221489065,3232.8252,3376.881287426152,3293.7076
2025-11-25,2025-11-26,LightGBM,目标时刻上周同期,3385.0083533632396,3354.59,3398.5794,3232.8252,3391.7938766816196,3293.7076
2025-11-26,2025-11-27,LightGBM,XGBoost跨日边界,3432.845297419976,3513.5,3380.458984375,3300.0173,3406.6521408974877,3406.7586499999998
2025-11-26,2025-11-27,LightGBM,历史跨日比例,3432.845297419976,3513.5,3393.9971644837265,3300.0173,3413.421230951851,3406.7586499999998
2025-11-26,2025-11-27,LightGBM,目标时刻上周同期,3432.845297419976,3513.5,3451.4104,3300.0173,3442.127848709988,3406.7586499999998
2025-11-27,2025-11-28,LightGBM,XGBoost跨日边界,2479.2581176029976,2286.92,2486.39111328125,2358.9521,2482.824615442124,2322.9360500000003
2025-11-27,2025-11-28,LightGBM,历史跨日比例,2479.2581176029976,2286.92,2451.2013481912495,2358.9521,2465.2297328971235,2322.9360500000003
2025-11-27,2025-11-28,LightGBM,目标时刻上周同期,2479.2581176029976,2286.92,2367.6198,2358.9521,2423.4389588014988,2322.9360500000003
2025-11-28,2025-11-29,LightGBM,XGBoost跨日边界,2441.170209646472,2575.09,2506.883544921875,2495.8762,2474.0268772841737,2535.4831000000004
2025-11-28,2025-11-29,LightGBM,历史跨日比例,2441.170209646472,2575.09,2399.7189147447452,2495.8762,2420.4445621956083,2535.4831000000004
2025-11-28,2025-11-29,LightGBM,目标时刻上周同期,2441.170209646472,2575.09,2513.7416,2495.8762,2477.455904823236,2535.4831000000004
2025-11-29,2025-11-30,LightGBM,XGBoost跨日边界,3209.17776419901,3455.21,3319.541015625,3451.9161,3264.359389912005,3453.5630499999997
2025-11-29,2025-11-30,LightGBM,历史跨日比例,3209.17776419901,3455.21,3177.517158841708,3451.9161,3193.347461520359,3453.5630499999997
2025-11-29,2025-11-30,LightGBM,目标时刻上周同期,3209.17776419901,3455.21,3454.443,3451.9161,3331.810382099505,3453.5630499999997
2025-11-30,2025-12-01,LightGBM,XGBoost跨日边界,3503.9666778840124,3542.73,3507.235107421875,3853.1437,3505.600892652944,3697.93685
2025-11-30,2025-12-01,LightGBM,历史跨日比例,3503.9666778840124,3542.73,3469.3977900488717,3853.1437,3486.6822339664423,3697.93685
2025-11-30,2025-12-01,LightGBM,目标时刻上周同期,3503.9666778840124,3542.73,3579.4616,3853.1437,3541.7141389420062,3697.93685
2025-12-01,2025-12-02,LightGBM,XGBoost跨日边界,3317.974730596611,3762.77,3485.508056640625,3647.0472,3401.741393618618,3704.9085999999998
2025-12-01,2025-12-02,LightGBM,历史跨日比例,3317.974730596611,3762.77,3285.2407731004487,3647.0472,3301.60775184853,3704.9085999999998
2025-12-01,2025-12-02,LightGBM,目标时刻上周同期,3317.974730596611,3762.77,3335.9676,3647.0472,3326.9711652983056,3704.9085999999998
2025-12-02,2025-12-03,LightGBM,XGBoost跨日边界,3483.2514174231073,3371.95,3370.873046875,3520.0258,3427.0622321490537,3445.9879
2025-12-02,2025-12-03,LightGBM,历史跨日比例,3483.2514174231073,3371.95,3448.8868989730604,3520.0258,3466.0691581980836,3445.9879
2025-12-02,2025-12-03,LightGBM,目标时刻上周同期,3483.2514174231073,3371.95,3232.8252,3520.0258,3358.038308711554,3445.9879
2025-12-03,2025-12-04,LightGBM,XGBoost跨日边界,3575.170547801369,3611.5,3370.74755859375,3677.5108,3472.9590531975596,3644.5054
2025-12-03,2025-12-04,LightGBM,历史跨日比例,3575.170547801369,3611.5,3514.4638227580776,3677.5108,3544.817185279723,3644.5054
2025-12-03,2025-12-04,LightGBM,目标时刻上周同期,3575.170547801369,3611.5,3300.0173,3677.5108,3437.593923900685,3644.5054
2025-12-04,2025-12-05,LightGBM,XGBoost跨日边界,2647.2452571801764,2450.92,2462.136962890625,2446.3843,2554.691110035401,2448.65215
2025-12-04,2025-12-05,LightGBM,历史跨日比例,2647.2452571801764,2450.92,2621.1284778896747,2446.3843,2634.1868675349256,2448.65215
2025-12-04,2025-12-05,LightGBM,目标时刻上周同期,2647.2452571801764,2450.92,2358.9521,2446.3843,2503.098678590088,2448.65215
2025-12-05,2025-12-06,LightGBM,XGBoost跨日边界,2570.8992484106802,2772.61,2520.576416015625,2772.0127,2545.7378322131526,2772.31135
2025-12-05,2025-12-06,LightGBM,历史跨日比例,2570.8992484106802,2772.61,2545.5356716635906,2772.0127,2558.2174600371354,2772.31135
2025-12-05,2025-12-06,LightGBM,目标时刻上周同期,2570.8992484106802,2772.61,2495.8762,2772.0127,2533.3877242053404,2772.31135
2025-12-06,2025-12-07,LightGBM,XGBoost跨日边界,3414.8607325239755,3490.74,3494.337890625,3534.9738,3454.5993115744877,3512.8568999999998
2025-12-06,2025-12-07,LightGBM,历史跨日比例,3414.8607325239755,3490.74,3405.9796085233315,3534.9738,3410.4201705236537,3512.8568999999998
2025-12-06,2025-12-07,LightGBM,目标时刻上周同期,3414.8607325239755,3490.74,3451.9161,3534.9738,3433.388416261988,3512.8568999999998
2025-12-07,2025-12-08,LightGBM,XGBoost跨日边界,3610.3123281226203,3502.98,3629.1259765625,3411.0941,3619.71915234256,3457.03705
2025-12-07,2025-12-08,LightGBM,历史跨日比例,3610.3123281226203,3502.98,3600.9228876802244,3411.0941,3605.617607901422,3457.03705
2025-12-07,2025-12-08,LightGBM,目标时刻上周同期,3610.3123281226203,3502.98,3853.1437,3411.0941,3731.72801406131,3457.03705
2025-12-08,2025-12-09,LightGBM,XGBoost跨日边界,3694.8663822964622,3470.38,3614.874267578125,3493.1053,3654.870324937294,3481.74265
2025-12-08,2025-12-09,LightGBM,历史跨日比例,3694.8663822964622,3470.38,3689.6863178534786,3493.1053,3692.2763500749707,3481.74265
2025-12-08,2025-12-09,LightGBM,目标时刻上周同期,3694.8663822964622,3470.38,3647.0472,3493.1053,3670.956791148231,3481.74265
2025-12-09,2025-12-10,LightGBM,XGBoost跨日边界,3430.7851308323707,3389.92,3399.625,3482.16,3415.2050654161853,3436.04
2025-12-09,2025-12-10,LightGBM,历史跨日比例,3430.7851308323707,3389.92,3425.975298424657,3482.16,3428.380214628514,3436.04
2025-12-09,2025-12-10,LightGBM,目标时刻上周同期,3430.7851308323707,3389.92,3520.0258,3482.16,3475.4054654161855,3436.04
2025-12-10,2025-12-11,LightGBM,XGBoost跨日边界,3562.021787096672,3714.23,3369.474609375,3848.8115,3465.748198235836,3781.5207499999997
2025-12-10,2025-12-11,LightGBM,历史跨日比例,3562.021787096672,3714.23,3557.0279658064405,3848.8115,3559.5248764515563,3781.5207499999997
2025-12-10,2025-12-11,LightGBM,目标时刻上周同期,3562.021787096672,3714.23,3677.5108,3848.8115,3619.766293548336,3781.5207499999997
2025-12-11,2025-12-12,LightGBM,XGBoost跨日边界,2617.789296095981,2433.78,2464.79248046875,2287.6078,2541.290888282366,2360.6939
2025-12-11,2025-12-12,LightGBM,历史跨日比例,2617.789296095981,2433.78,2616.2595349464186,2287.6078,2617.0244155212,2360.6939
2025-12-11,2025-12-12,LightGBM,目标时刻上周同期,2617.789296095981,2433.78,2446.3843,2287.6078,2532.0867980479907,2360.6939
2025-12-12,2025-12-13,LightGBM,XGBoost跨日边界,2603.396874529566,2687.78,2526.604736328125,2699.8904,2565.0008054288455,2693.8352000000004
2025-12-12,2025-12-13,LightGBM,历史跨日比例,2603.396874529566,2687.78,2611.6404421060306,2699.8904,2607.5186583177983,2693.8352000000004
2025-12-12,2025-12-13,LightGBM,目标时刻上周同期,2603.396874529566,2687.78,2772.0127,2699.8904,2687.704787264783,2693.8352000000004
2025-12-13,2025-12-14,LightGBM,XGBoost跨日边界,3379.3470970421054,3530.51,3402.846435546875,3556.1474,3391.0967662944904,3543.3287
2025-12-13,2025-12-14,LightGBM,历史跨日比例,3379.3470970421054,3530.51,3390.0476845826934,3556.1474,3384.697390812399,3543.3287
2025-12-13,2025-12-14,LightGBM,目标时刻上周同期,3379.3470970421054,3530.51,3534.9738,3556.1474,3457.160448521053,3543.3287
2025-12-14,2025-12-15,LightGBM,XGBoost跨日边界,3552.395071319741,3657.78,3505.465576171875,3435.7699,3528.930323745808,3546.77495
2025-12-14,2025-12-15,LightGBM,历史跨日比例,3552.395071319741,3657.78,3572.0293127212904,3435.7699,3562.2121920205154,3546.77495
2025-12-14,2025-12-15,LightGBM,目标时刻上周同期,3552.395071319741,3657.78,3411.0941,3435.7699,3481.7445856598706,3546.77495
2025-12-15,2025-12-16,LightGBM,XGBoost跨日边界,3609.7431370667414,3375.46,3515.13671875,3434.511,3562.439927908371,3404.9855
2025-12-15,2025-12-16,LightGBM,历史跨日比例,3609.7431370667414,3375.46,3629.6943437112277,3434.511,3619.7187403889848,3404.9855
2025-12-15,2025-12-16,LightGBM,目标时刻上周同期,3609.7431370667414,3375.46,3493.1053,3434.511,3551.4242185333705,3404.9855
2025-12-16,2025-12-17,LightGBM,XGBoost跨日边界,3435.8369241877976,3615.65,3415.01806640625,3625.6262,3425.4274952970236,3620.6381
2025-12-16,2025-12-17,LightGBM,历史跨日比例,3435.8369241877976,3615.65,3454.8269436624046,3625.6262,3445.331933925101,3620.6381
2025-12-16,2025-12-17,LightGBM,目标时刻上周同期,3435.8369241877976,3615.65,3482.16,3625.6262,3458.9984620938985,3620.6381
2025-12-17,2025-12-18,LightGBM,XGBoost跨日边界,3610.2249282009807,3385.65,3399.955322265625,3339.3699,3505.090125233303,3362.50995
2025-12-17,2025-12-18,LightGBM,历史跨日比例,3610.2249282009807,3385.65,3630.1787977259305,3339.3699,3620.201862963456,3362.50995
2025-12-17,2025-12-18,LightGBM,目标时刻上周同期,3610.2249282009807,3385.65,3848.8115,3339.3699,3729.5182141004902,3362.50995
2025-12-18,2025-12-19,LightGBM,XGBoost跨日边界,2615.9557277798835,2446.27,2478.52099609375,2469.608,2547.2383619368165,2457.9390000000003
2025-12-18,2025-12-19,LightGBM,历史跨日比例,2615.9557277798835,2446.27,2625.4580533487397,2469.608,2620.706890564312,2457.9390000000003
2025-12-18,2025-12-19,LightGBM,目标时刻上周同期,2615.9557277798835,2446.27,2287.6078,2469.608,2451.781763889942,2457.9390000000003
2025-12-19,2025-12-20,LightGBM,XGBoost跨日边界,2577.5447126429253,2566.67,2532.47607421875,2686.8269,2555.0103934308377,2626.74845
2025-12-19,2025-12-20,LightGBM,历史跨日比例,2577.5447126429253,2566.67,2586.907512161174,2686.8269,2582.2261124020497,2626.74845
2025-12-19,2025-12-20,LightGBM,目标时刻上周同期,2577.5447126429253,2566.67,2699.8904,2686.8269,2638.717556321463,2626.74845
2025-12-20,2025-12-21,LightGBM,XGBoost跨日边界,3384.734615874991,3373.27,3299.39697265625,3576.1063,3342.0657942656208,3474.68815
2025-12-20,2025-12-21,LightGBM,历史跨日比例,3384.734615874991,3373.27,3403.442190678483,3576.1063,3394.088403276737,3474.68815
2025-12-20,2025-12-21,LightGBM,目标时刻上周同期,3384.734615874991,3373.27,3556.1474,3576.1063,3470.4410079374957,3474.68815
2025-12-21,2025-12-22,LightGBM,XGBoost跨日边界,3573.0475742547305,3464.4,3475.63427734375,3745.3962,3524.3409257992403,3604.8981000000003
2025-12-21,2025-12-22,LightGBM,历史跨日比例,3573.0475742547305,3464.4,3592.7959629343923,3745.3962,3582.9217685945614,3604.8981000000003
2025-12-21,2025-12-22,LightGBM,目标时刻上周同期,3573.0475742547305,3464.4,3435.7699,3745.3962,3504.4087371273654,3604.8981000000003
2025-12-22,2025-12-23,LightGBM,XGBoost跨日边界,3443.5521328238165,3548.01,3498.51611328125,3450.6501,3471.0341230525332,3499.33005
2025-12-22,2025-12-23,LightGBM,历史跨日比例,3443.5521328238165,3548.01,3462.584794590675,3450.6501,3453.0684637072454,3499.33005
2025-12-22,2025-12-23,LightGBM,目标时刻上周同期,3443.5521328238165,3548.01,3434.511,3450.6501,3439.031566411908,3499.33005
2025-12-23,2025-12-24,LightGBM,XGBoost跨日边界,3521.4412317197152,3579.47,3431.352294921875,3784.6124,3476.396763320795,3682.0411999999997
2025-12-23,2025-12-24,LightGBM,历史跨日比例,3521.4412317197152,3579.47,3540.9043899092876,3784.6124,3531.1728108145016,3682.0411999999997
2025-12-23,2025-12-24,LightGBM,目标时刻上周同期,3521.4412317197152,3579.47,3625.6262,3784.6124,3573.5337158598577,3682.0411999999997
2025-12-24,2025-12-25,LightGBM,XGBoost跨日边界,3545.003455834521,3573.24,3405.70068359375,3536.5305,3475.3520697141357,3554.88525
2025-12-24,2025-12-25,LightGBM,历史跨日比例,3545.003455834521,3573.24,3564.5968434571773,3536.5305,3554.800149645849,3554.88525
2025-12-24,2025-12-25,LightGBM,目标时刻上周同期,3545.003455834521,3573.24,3339.3699,3536.5305,3442.1866779172606,3554.88525
2025-12-25,2025-12-26,LightGBM,XGBoost跨日边界,2611.1262749776115,2360.89,2511.880859375,2470.813,2561.5035671763058,2415.8514999999998
2025-12-25,2025-12-26,LightGBM,历史跨日比例,2611.1262749776115,2360.89,2629.156142520412,2470.813,2620.1412087490116,2415.8514999999998
2025-12-25,2025-12-26,LightGBM,目标时刻上周同期,2611.1262749776115,2360.89,2469.608,2470.813,2540.367137488806,2415.8514999999998
2025-12-26,2025-12-27,LightGBM,XGBoost跨日边界,2627.025141753532,2530.45,2627.781005859375,2338.1942,2627.4030738064534,2434.3221
2025-12-26,2025-12-27,LightGBM,历史跨日比例,2627.025141753532,2530.45,2645.1647912187145,2338.1942,2636.094966486123,2434.3221
2025-12-26,2025-12-27,LightGBM,目标时刻上周同期,2627.025141753532,2530.45,2686.8269,2338.1942,2656.926020876766,2434.3221
2025-12-27,2025-12-28,LightGBM,XGBoost跨日边界,3381.079467729119,3378.26,3527.248291015625,3784.9516,3454.1638793723723,3581.6058000000003
2025-12-27,2025-12-28,LightGBM,历史跨日比例,3381.079467729119,3378.26,3404.4258740439036,3784.9516,3392.7526708865116,3581.6058000000003
2025-12-27,2025-12-28,LightGBM,目标时刻上周同期,3381.079467729119,3378.26,3576.1063,3784.9516,3478.5928838645596,3581.6058000000003
2025-12-28,2025-12-29,LightGBM,XGBoost跨日边界,3577.4334344656413,3439.02,3551.2197265625,3478.8245,3564.326580514071,3458.92225
2025-12-28,2025-12-29,LightGBM,历史跨日比例,3577.4334344656413,3439.02,3602.135667974878,3478.8245,3589.7845512202593,3458.92225
2025-12-28,2025-12-29,LightGBM,目标时刻上周同期,3577.4334344656413,3439.02,3745.3962,3478.8245,3661.4148172328205,3458.92225
2025-12-29,2025-12-30,LightGBM,XGBoost跨日边界,3473.016322148268,3690.04,3616.94921875,3557.4277,3544.982770449134,3623.73385
2025-12-29,2025-12-30,LightGBM,历史跨日比例,3473.016322148268,3690.04,3502.192974635258,3557.4277,3487.604648391763,3623.73385
2025-12-29,2025-12-30,LightGBM,目标时刻上周同期,3473.016322148268,3690.04,3450.6501,3557.4277,3461.833211074134,3623.73385
2025-12-30,2025-12-31,LightGBM,XGBoost跨日边界,3601.6727088447024,3403.37,3437.7119140625,3657.9857,3519.692311453601,3530.67785
2025-12-30,2025-12-31,LightGBM,历史跨日比例,3601.6727088447024,3403.37,3631.930197796795,3657.9857,3616.801453320749,3530.67785
2025-12-30,2025-12-31,LightGBM,目标时刻上周同期,3601.6727088447024,3403.37,3784.6124,3657.9857,3693.142554422351,3530.67785
2025-02-01,2025-02-02,SARIMA,XGBoost跨日边界,4529.134997766073,3484.94,3363.554443359375,3591.9843,3946.344720562724,3538.4621500000003
2025-02-01,2025-02-02,SARIMA,历史跨日比例,4529.134997766073,3484.94,4521.339348712614,3591.9843,4525.237173239344,3538.4621500000003
2025-02-01,2025-02-02,SARIMA,目标时刻上周同期,4529.134997766073,3484.94,3618.1419,3591.9843,4073.6384488830363,3538.4621500000003
2025-02-02,2025-02-03,SARIMA,XGBoost跨日边界,3427.0844803798946,3548.26,3366.3896484375,3319.2759,3396.7370644086973,3433.7679500000004
2025-02-02,2025-02-03,SARIMA,历史跨日比例,3427.0844803798946,3548.26,3421.1857054706074,3319.2759,3424.1350929252512,3433.7679500000004
2025-02-02,2025-02-03,SARIMA,目标时刻上周同期,3427.0844803798946,3548.26,3516.9328,3319.2759,3472.008640189947,3433.7679500000004
2025-02-03,2025-02-04,SARIMA,XGBoost跨日边界,3346.584173610661,3553.22,3460.989990234375,3336.6152,3403.787081922518,3444.9175999999998
2025-02-03,2025-02-04,SARIMA,历史跨日比例,3346.584173610661,3553.22,3340.82395764046,3336.6152,3343.7040656255604,3444.9175999999998
2025-02-03,2025-02-04,SARIMA,目标时刻上周同期,3346.584173610661,3553.22,3695.8008,3336.6152,3521.19248680533,3444.9175999999998
2025-02-04,2025-02-05,SARIMA,XGBoost跨日边界,3426.699481144562,3318.01,3364.778076171875,3549.4514,3395.7387786582185,3433.7307
2025-02-04,2025-02-05,SARIMA,历史跨日比例,3426.699481144562,3318.01,3415.417739067957,3549.4514,3421.0586101062595,3433.7307
2025-02-04,2025-02-05,SARIMA,目标时刻上周同期,3426.699481144562,3318.01,3458.6049,3549.4514,3442.652190572281,3433.7307
2025-02-05,2025-02-06,SARIMA,XGBoost跨日边界,3371.1791784861684,3329.79,3118.914306640625,3497.9209,3245.046742563397,3413.85545
2025-02-05,2025-02-06,SARIMA,历史跨日比例,3371.1791784861684,3329.79,3355.4982479241835,3497.9209,3363.3387132051757,3413.85545
2025-02-05,2025-02-06,SARIMA,目标时刻上周同期,3371.1791784861684,3329.79,3405.0251,3497.9209,3388.102139243084,3413.85545
2025-02-06,2025-02-07,SARIMA,XGBoost跨日边界,2563.6291653698127,2446.62,3167.5458984375,2317.5067,2865.5875319036563,2382.06335
2025-02-06,2025-02-07,SARIMA,历史跨日比例,2563.6291653698127,2446.62,2551.704527490762,2317.5067,2557.6668464302875,2382.06335
2025-02-06,2025-02-07,SARIMA,目标时刻上周同期,2563.6291653698127,2446.62,2646.1276,2317.5067,2604.8783826849062,2382.06335
2025-02-07,2025-02-08,SARIMA,XGBoost跨日边界,3280.884086898622,2384.59,2995.10302734375,2341.7515,3137.9935571211863,2363.17075
2025-02-07,2025-02-08,SARIMA,历史跨日比例,3280.884086898622,2384.59,3270.0824136689453,2341.7515,3275.4832502837835,2363.17075
2025-02-07,2025-02-08,SARIMA,目标时刻上周同期,3280.884086898622,2384.59,2532.1822,2341.7515,2906.533143449311,2363.17075
2025-02-08,2025-02-09,SARIMA,XGBoost跨日边界,4495.60457021884,3210.87,3336.78173828125,3413.1243,3916.193154250045,3311.99715
2025-02-08,2025-02-09,SARIMA,历史跨日比例,4495.60457021884,3210.87,4480.803665873801,3413.1243,4488.20411804632,3311.99715
2025-02-08,2025-02-09,SARIMA,目标时刻上周同期,4495.60457021884,3210.87,3591.9843,3413.1243,4043.79443510942,3311.99715
2025-02-09,2025-02-10,SARIMA,XGBoost跨日边界,3388.197769841529,3455.92,3398.780517578125,3379.5939,3393.4891437098267,3417.75695
2025-02-09,2025-02-10,SARIMA,历史跨日比例,3388.197769841529,3455.92,3372.4376778540673,3379.5939,3380.3177238477983,3417.75695
2025-02-09,2025-02-10,SARIMA,目标时刻上周同期,3388.197769841529,3455.92,3319.2759,3379.5939,3353.7368349207645,3417.75695
2025-02-10,2025-02-11,SARIMA,XGBoost跨日边界,3374.971085120057,3569.7,3311.6279296875,3413.1735,3343.2995074037785,3491.43675
2025-02-10,2025-02-11,SARIMA,历史跨日比例,3374.971085120057,3569.7,3359.272516627403,3413.1735,3367.12180087373,3491.43675
2025-02-10,2025-02-11,SARIMA,目标时刻上周同期,3374.971085120057,3569.7,3336.6152,3413.1735,3355.7931425600286,3491.43675
2025-02-11,2025-02-12,SARIMA,XGBoost跨日边界,3329.976282180807,3222.62,3310.85791015625,3272.9536,3320.4170961685286,3247.7868
2025-02-11,2025-02-12,SARIMA,历史跨日比例,3329.976282180807,3222.62,3298.3786038924904,3272.9536,3314.1774430366486,3247.7868
2025-02-11,2025-02-12,SARIMA,目标时刻上周同期,3329.976282180807,3222.62,3549.4514,3272.9536,3439.7138410904035,3247.7868
2025-02-12,2025-02-13,SARIMA,XGBoost跨日边界,3283.783463972924,3246.86,3240.05419921875,3551.1175,3261.918831595837,3398.98875
2025-02-12,2025-02-13,SARIMA,历史跨日比例,3283.783463972924,3246.86,3230.929393706734,3551.1175,3257.3564288398293,3398.98875
2025-02-12,2025-02-13,SARIMA,目标时刻上周同期,3283.783463972924,3246.86,3497.9209,3551.1175,3390.852181986462,3398.98875
2025-02-13,2025-02-14,SARIMA,XGBoost跨日边界,2491.61135512215,2421.19,2679.233642578125,2507.4053,2585.4224988501373,2464.29765
2025-02-13,2025-02-14,SARIMA,历史跨日比例,2491.61135512215,2421.19,2463.311375212989,2507.4053,2477.4613651675695,2464.29765
2025-02-13,2025-02-14,SARIMA,目标时刻上周同期,2491.61135512215,2421.19,2317.5067,2507.4053,2404.559027561075,2464.29765
2025-02-14,2025-02-15,SARIMA,XGBoost跨日边界,3227.1459752268197,2509.56,2752.3681640625,2470.6272,2989.75706964466,2490.0936
2025-02-14,2025-02-15,SARIMA,历史跨日比例,3227.1459752268197,2509.56,3190.491716899131,2470.6272,3208.8188460629754,2490.0936
2025-02-14,2025-02-15,SARIMA,目标时刻上周同期,3227.1459752268197,2509.56,2341.7515,2470.6272,2784.44873761341,2490.0936
2025-02-15,2025-02-16,SARIMA,XGBoost跨日边界,4418.719035546235,3285.85,3304.662841796875,3581.8623,3861.690938671555,3433.8561499999996
2025-02-15,2025-02-16,SARIMA,历史跨日比例,4418.719035546235,3285.85,4398.165507329311,3581.8623,4408.442271437773,3433.8561499999996
2025-02-15,2025-02-16,SARIMA,目标时刻上周同期,4418.719035546235,3285.85,3413.1243,3581.8623,3915.9216677731174,3433.8561499999996
2025-02-16,2025-02-17,SARIMA,XGBoost跨日边界,3425.7777980124297,3314.64,3319.40771484375,3431.708,3372.59275642809,3373.174
2025-02-16,2025-02-17,SARIMA,历史跨日比例,3425.7777980124297,3314.64,3391.0656266518085,3431.708,3408.421712332119,3373.174
2025-02-16,2025-02-17,SARIMA,目标时刻上周同期,3425.7777980124297,3314.64,3379.5939,3431.708,3402.685849006215,3373.174
2025-02-17,2025-02-18,SARIMA,XGBoost跨日边界,3400.996825918506,3399.92,3331.3564453125,3450.3468,3366.176635615503,3425.1333999999997
2025-02-17,2025-02-18,SARIMA,历史跨日比例,3400.996825918506,3399.92,3366.535751214039,3450.3468,3383.7662885662726,3425.1333999999997
2025-02-17,2025-02-18,SARIMA,目标时刻上周同期,3400.996825918506,3399.92,3413.1735,3450.3468,3407.085162959253,3425.1333999999997
2025-02-18,2025-02-19,SARIMA,XGBoost跨日边界,3258.8292254882517,3266.88,3309.5703125,3303.9013,3284.199768994126,3285.3906500000003
2025-02-18,2025-02-19,SARIMA,历史跨日比例,3258.8292254882517,3266.88,3226.134619401851,3303.9013,3242.481922445051,3285.3906500000003
2025-02-18,2025-02-19,SARIMA,目标时刻上周同期,3258.8292254882517,3266.88,3272.9536,3303.9013,3265.891412744126,3285.3906500000003
2025-02-19,2025-02-20,SARIMA,XGBoost跨日边界,3268.932814687557,3432.95,3383.090087890625,3438.0854,3326.011451289091,3435.5177
2025-02-19,2025-02-20,SARIMA,历史跨日比例,3268.932814687557,3432.95,3258.1704886989537,3438.0854,3263.5516516932553,3435.5177
2025-02-19,2025-02-20,SARIMA,目标时刻上周同期,3268.932814687557,3432.95,3551.1175,3438.0854,3410.025157343778,3435.5177
2025-02-20,2025-02-21,SARIMA,XGBoost跨日边界,2452.0380306339603,2498.4,2638.730224609375,2404.3697,2545.3841276216676,2451.3848500000004
2025-02-20,2025-02-21,SARIMA,历史跨日比例,2452.0380306339603,2498.4,2453.802456204098,2404.3697,2452.9202434190292,2451.3848500000004
2025-02-20,2025-02-21,SARIMA,目标时刻上周同期,2452.0380306339603,2498.4,2507.4053,2404.3697,2479.72166531698,2451.3848500000004
2025-02-21,2025-02-22,SARIMA,XGBoost跨日边界,3229.758954379021,2618.28,2723.534423828125,2306.8268,2976.646689103573,2462.5534
2025-02-21,2025-02-22,SARIMA,历史跨日比例,3229.758954379021,2618.28,3237.7820385722175,2306.8268,3233.7704964756194,2462.5534
2025-02-21,2025-02-22,SARIMA,目标时刻上周同期,3229.758954379021,2618.28,2470.6272,2306.8268,2850.1930771895104,2462.5534
2025-02-22,2025-02-23,SARIMA,XGBoost跨日边界,4327.697627602007,3501.77,3401.1943359375,3653.2341,3864.4459817697534,3577.50205
2025-02-22,2025-02-23,SARIMA,历史跨日比例,4327.697627602007,3501.77,4338.448114842508,3653.2341,4333.072871222257,3577.50205
2025-02-22,2025-02-23,SARIMA,目标时刻上周同期,4327.697627602007,3501.77,3581.8623,3653.2341,3954.7799638010033,3577.50205
2025-02-23,2025-02-24,SARIMA,XGBoost跨日边界,3374.6123898769033,3389.9,3365.6259765625,3298.8996,3370.119183219702,3344.3998
2025-02-23,2025-02-24,SARIMA,历史跨日比例,3374.6123898769033,3389.9,3369.4567637013856,3298.8996,3372.0345767891445,3344.3998
2025-02-23,2025-02-24,SARIMA,目标时刻上周同期,3374.6123898769033,3389.9,3431.708,3298.8996,3403.1601949384517,3344.3998
2025-02-24,2025-02-25,SARIMA,XGBoost跨日边界,3359.4654924035835,3348.42,3417.4794921875,3552.7178,3388.472492295542,3450.5689
2025-02-24,2025-02-25,SARIMA,历史跨日比例,3359.4654924035835,3348.42,3354.3330071794016,3552.7178,3356.8992497914924,3450.5689
2025-02-24,2025-02-25,SARIMA,目标时刻上周同期,3359.4654924035835,3348.42,3450.3468,3552.7178,3404.9061462017917,3450.5689
2025-02-25,2025-02-26,SARIMA,XGBoost跨日边界,3224.532442904367,3204.43,3331.66552734375,3373.4506,3278.0989851240583,3288.9403
2025-02-25,2025-02-26,SARIMA,历史跨日比例,3224.532442904367,3204.43,3219.6061041294865,3373.4506,3222.069273516927,3288.9403
2025-02-25,2025-02-26,SARIMA,目标时刻上周同期,3224.532442904367,3204.43,3303.9013,3373.4506,3264.2168714521836,3288.9403
2025-02-26,2025-02-27,SARIMA,XGBoost跨日边界,3274.4419263998834,3375.21,3396.505859375,3349.53,3335.4738928874417,3362.37
2025-02-26,2025-02-27,SARIMA,历史跨日比例,3274.4419263998834,3375.21,3269.4393374931983,3349.53,3271.9406319465406,3362.37
2025-02-26,2025-02-27,SARIMA,目标时刻上周同期,3274.4419263998834,3375.21,3438.0854,3349.53,3356.2636631999417,3362.37
2025-02-27,2025-02-28,SARIMA,XGBoost跨日边界,2433.947254626501,2323.87,2565.460205078125,2298.0528,2499.703729852313,2310.9614
2025-02-27,2025-02-28,SARIMA,历史跨日比例,2433.947254626501,2323.87,2449.5588667982006,2298.0528,2441.753060712351,2310.9614
2025-02-27,2025-02-28,SARIMA,目标时刻上周同期,2433.947254626501,2323.87,2404.3697,2298.0528,2419.158477313251,2310.9614
2025-02-28,2025-03-01,SARIMA,XGBoost跨日边界,3246.868481791676,2558.33,2721.958740234375,2600.0321,2984.4136110130257,2579.18105
2025-02-28,2025-03-01,SARIMA,历史跨日比例,3246.868481791676,2558.33,3267.6942623889736,2600.0321,3257.281372090325,2579.18105
2025-02-28,2025-03-01,SARIMA,目标时刻上周同期,3246.868481791676,2558.33,2306.8268,2600.0321,2776.8476408958377,2579.18105
2025-03-01,2025-03-02,SARIMA,XGBoost跨日边界,4410.617266565171,3225.63,3413.552490234375,3361.4819,3912.084878399773,3293.55595
2025-03-01,2025-03-02,SARIMA,历史跨日比例,4410.617266565171,3225.63,4438.907463106009,3361.4819,4424.76236483559,3293.55595
2025-03-01,2025-03-02,SARIMA,目标时刻上周同期,4410.617266565171,3225.63,3653.2341,3361.4819,4031.925683282586,3293.55595
2025-03-02,2025-03-03,SARIMA,XGBoost跨日边界,3329.8969471044484,3405.41,3445.263916015625,3424.6787,3387.5804315600367,3415.04435
2025-03-02,2025-03-03,SARIMA,历史跨日比例,3329.8969471044484,3405.41,3373.4587783406655,3424.6787,3351.6778627225567,3415.04435
2025-03-02,2025-03-03,SARIMA,目标时刻上周同期,3329.8969471044484,3405.41,3298.8996,3424.6787,3314.398273552224,3415.04435
2025-03-03,2025-03-04,SARIMA,XGBoost跨日边界,3335.8764642396773,3420.11,3432.333740234375,3407.0972,3384.105102237026,3413.6036000000004
2025-03-03,2025-03-04,SARIMA,历史跨日比例,3335.8764642396773,3420.11,3379.5165197334186,3407.0972,3357.6964919865477,3413.6036000000004
2025-03-03,2025-03-04,SARIMA,目标时刻上周同期,3335.8764642396773,3420.11,3552.7178,3407.0972,3444.2971321198384,3413.6036000000004
2025-03-04,2025-03-05,SARIMA,XGBoost跨日边界,3105.144420722469,3403.02,3344.973388671875,3411.259,3225.058904697172,3407.1395
2025-03-04,2025-03-05,SARIMA,历史跨日比例,3105.144420722469,3403.02,3145.766031351355,3411.259,3125.455226036912,3407.1395
2025-03-04,2025-03-05,SARIMA,目标时刻上周同期,3105.144420722469,3403.02,3373.4506,3411.259,3239.2975103612343,3407.1395
2025-03-05,2025-03-06,SARIMA,XGBoost跨日边界,3214.9904498580054,3529.41,3323.33544921875,3401.6642,3269.1629495383777,3465.5371
2025-03-05,2025-03-06,SARIMA,历史跨日比例,3214.9904498580054,3529.41,3257.0490701779368,3401.6642,3236.019760017971,3465.5371
2025-03-05,2025-03-06,SARIMA,目标时刻上周同期,3214.9904498580054,3529.41,3349.53,3401.6642,3282.260224929003,3465.5371
2025-03-06,2025-03-07,SARIMA,XGBoost跨日边界,2312.1543302084892,2606.24,2510.420654296875,2572.0153,2411.287492252682,2589.12765
2025-03-06,2025-03-07,SARIMA,历史跨日比例,2312.1543302084892,2606.24,2331.7967429412292,2572.0153,2321.9755365748592,2589.12765
2025-03-06,2025-03-07,SARIMA,目标时刻上周同期,2312.1543302084892,2606.24,2298.0528,2572.0153,2305.103565104245,2589.12765
2025-03-07,2025-03-08,SARIMA,XGBoost跨日边界,3294.7978696438463,2480.27,2537.597412109375,2516.5725,2916.1976408766104,2498.4212500000003
2025-03-07,2025-03-08,SARIMA,历史跨日比例,3294.7978696438463,2480.27,3308.1077759918426,2516.5725,3301.452822817844,2498.4212500000003
2025-03-07,2025-03-08,SARIMA,目标时刻上周同期,3294.7978696438463,2480.27,2600.0321,2516.5725,2947.414984821923,2498.4212500000003
2025-03-08,2025-03-09,SARIMA,XGBoost跨日边界,4080.6835172385026,3225.68,3248.09130859375,3292.478,3664.3874129161263,3259.0789999999997
2025-03-08,2025-03-09,SARIMA,历史跨日比例,4080.6835172385026,3225.68,4097.168144702502,3292.478,4088.9258309705024,3259.0789999999997
2025-03-08,2025-03-09,SARIMA,目标时刻上周同期,4080.6835172385026,3225.68,3361.4819,3292.478,3721.082708619251,3259.0789999999997
2025-03-09,2025-03-10,SARIMA,XGBoost跨日边界,3235.9077744728716,3396.17,3338.970458984375,3488.6651,3287.439116728623,3442.41755
2025-03-09,2025-03-10,SARIMA,历史跨日比例,3235.9077744728716,3396.17,3263.397737076513,3488.6651,3249.652755774692,3442.41755
2025-03-09,2025-03-10,SARIMA,目标时刻上周同期,3235.9077744728716,3396.17,3424.6787,3488.6651,3330.2932372364357,3442.41755
2025-03-10,2025-03-11,SARIMA,XGBoost跨日边界,3298.87282664849,3449.29,3438.1357421875,3510.7186,3368.504284417995,3480.0043
2025-03-10,2025-03-11,SARIMA,历史跨日比例,3298.87282664849,3449.29,3326.897695389846,3510.7186,3312.885261019168,3480.0043
2025-03-10,2025-03-11,SARIMA,目标时刻上周同期,3298.87282664849,3449.29,3407.0972,3510.7186,3352.9850133242453,3480.0043
2025-03-11,2025-03-12,SARIMA,XGBoost跨日边界,3129.701891502999,3201.35,3370.158447265625,3321.6259,3249.9301693843117,3261.4879499999997
2025-03-11,2025-03-12,SARIMA,历史跨日比例,3129.701891502999,3201.35,3170.3392276371355,3321.6259,3150.0205595700672,3261.4879499999997
2025-03-11,2025-03-12,SARIMA,目标时刻上周同期,3129.701891502999,3201.35,3411.259,3321.6259,3270.4804457514992,3261.4879499999997
2025-03-12,2025-03-13,SARIMA,XGBoost跨日边界,3251.010190718439,3486.26,3442.7587890625,3617.1514,3346.8844898904695,3551.7057000000004
2025-03-12,2025-03-13,SARIMA,历史跨日比例,3251.010190718439,3486.26,3298.9110171600764,3617.1514,3274.9606039392575,3551.7057000000004
2025-03-12,2025-03-13,SARIMA,目标时刻上周同期,3251.010190718439,3486.26,3401.6642,3617.1514,3326.3371953592195,3551.7057000000004
2025-03-13,2025-03-14,SARIMA,XGBoost跨日边界,2359.9559919630324,2440.31,2526.61962890625,2355.0261,2443.287810434641,2397.66805
2025-03-13,2025-03-14,SARIMA,历史跨日比例,2359.9559919630324,2440.31,2394.7279046145713,2355.0261,2377.341948288802,2397.66805
2025-03-13,2025-03-14,SARIMA,目标时刻上周同期,2359.9559919630324,2440.31,2572.0153,2355.0261,2465.9856459815164,2397.66805
2025-03-14,2025-03-15,SARIMA,XGBoost跨日边界,3325.652233733599,2350.93,2501.084716796875,2545.3728,2913.368475265237,2448.1513999999997
2025-03-14,2025-03-15,SARIMA,历史跨日比例,3325.652233733599,2350.93,3374.6528461918806,2545.3728,3350.15253996274,2448.1513999999997
2025-03-14,2025-03-15,SARIMA,目标时刻上周同期,3325.652233733599,2350.93,2516.5725,2545.3728,2921.1123668667997,2448.1513999999997
2025-03-15,2025-03-16,SARIMA,XGBoost跨日边界,4150.425720634162,3459.73,3443.651611328125,3473.5801,3797.0386659811434,3466.6550500000003
2025-03-15,2025-03-16,SARIMA,历史跨日比例,4150.425720634162,3459.73,4204.316554635664,3473.5801,4177.371137634913,3466.6550500000003
2025-03-15,2025-03-16,SARIMA,目标时刻上周同期,4150.425720634162,3459.73,3292.478,3473.5801,3721.451860317081,3466.6550500000003
2025-03-16,2025-03-17,SARIMA,XGBoost跨日边界,3238.6811866074754,3564.41,3476.040283203125,3395.9681,3357.3607349053,3480.18905
2025-03-16,2025-03-17,SARIMA,历史跨日比例,3238.6811866074754,3564.41,3286.400355825213,3395.9681,3262.540771216344,3480.18905
2025-03-16,2025-03-17,SARIMA,目标时刻上周同期,3238.6811866074754,3564.41,3488.6651,3395.9681,3363.6731433037376,3480.18905
2025-03-17,2025-03-18,SARIMA,XGBoost跨日边界,3302.9025101813368,3365.04,3445.76123046875,3306.312,3374.3318703250434,3335.676
2025-03-17,2025-03-18,SARIMA,历史跨日比例,3302.9025101813368,3365.04,3345.7887543597126,3306.312,3324.3456322705247,3335.676
2025-03-17,2025-03-18,SARIMA,目标时刻上周同期,3302.9025101813368,3365.04,3510.7186,3306.312,3406.8105550906685,3335.676
2025-03-18,2025-03-19,SARIMA,XGBoost跨日边界,3135.55793264251,3412.87,3371.780029296875,3431.2079,3253.6689809696927,3422.03895
2025-03-18,2025-03-19,SARIMA,历史跨日比例,3135.55793264251,3412.87,3162.195394621455,3431.2079,3148.8766636319824,3422.03895
2025-03-18,2025-03-19,SARIMA,目标时刻上周同期,3135.55793264251,3412.87,3321.6259,3431.2079,3228.5919163212548,3422.03895
2025-03-19,2025-03-20,SARIMA,XGBoost跨日边界,3338.2088282088216,3410.51,3363.46044921875,3299.0689,3350.834638713786,3354.78945
2025-03-19,2025-03-20,SARIMA,历史跨日比例,3338.2088282088216,3410.51,3354.3348686208265,3299.0689,3346.271848414824,3354.78945
2025-03-19,2025-03-20,SARIMA,目标时刻上周同期,3338.2088282088216,3410.51,3617.1514,3299.0689,3477.6801141044107,3354.78945
2025-03-20,2025-03-21,SARIMA,XGBoost跨日边界,2376.6810256961685,2401.0,2597.93115234375,2359.4277,2487.3060890199595,2380.21385
2025-03-20,2025-03-21,SARIMA,历史跨日比例,2376.6810256961685,2401.0,2387.8233727341694,2359.4277,2382.2521992151687,2380.21385
2025-03-20,2025-03-21,SARIMA,目标时刻上周同期,2376.6810256961685,2401.0,2355.0261,2359.4277,2365.853562848084,2380.21385
2025-03-21,2025-03-22,SARIMA,XGBoost跨日边界,3325.127440344675,2450.59,2644.4072265625,2430.3122,2984.7673334535875,2440.4511
2025-03-21,2025-03-22,SARIMA,历史跨日比例,3325.127440344675,2450.59,3340.716290293544,2430.3122,3332.921865319109,2440.4511
2025-03-21,2025-03-22,SARIMA,目标时刻上周同期,3325.127440344675,2450.59,2545.3728,2430.3122,2935.2501201723376,2440.4511
2025-03-22,2025-03-23,SARIMA,XGBoost跨日边界,4254.7779983152095,3487.42,3348.5263671875,3450.6115,3801.6521827513548,3469.01575
2025-03-22,2025-03-23,SARIMA,历史跨日比例,4254.7779983152095,3487.42,4274.725232510422,3450.6115,4264.751615412815,3469.01575
2025-03-22,2025-03-23,SARIMA,目标时刻上周同期,4254.7779983152095,3487.42,3473.5801,3450.6115,3864.179049157605,3469.01575
2025-03-23,2025-03-24,SARIMA,XGBoost跨日边界,3321.7511832795403,3392.55,3377.198974609375,3547.3049,3349.475078944458,3469.92745
2025-03-23,2025-03-24,SARIMA,历史跨日比例,3321.7511832795403,3392.55,3337.3242046727455,3547.3049,3329.5376939761427,3469.92745
2025-03-23,2025-03-24,SARIMA,目标时刻上周同期,3321.7511832795403,3392.55,3395.9681,3547.3049,3358.8596416397704,3469.92745
2025-03-24,2025-03-25,SARIMA,XGBoost跨日边界,3314.6463713879925,3501.11,3389.04248046875,3443.9236,3351.8444259283715,3472.5168000000003
2025-03-24,2025-03-25,SARIMA,历史跨日比例,3314.6463713879925,3501.11,3325.293539689832,3443.9236,3319.9699555389125,3472.5168000000003
2025-03-24,2025-03-25,SARIMA,目标时刻上周同期,3314.6463713879925,3501.11,3306.312,3443.9236,3310.4791856939964,3472.5168000000003
2025-03-25,2025-03-26,SARIMA,XGBoost跨日边界,3194.215869007927,3349.46,3322.95703125,3288.8805,3258.5864501289634,3319.17025
2025-03-25,2025-03-26,SARIMA,历史跨日比例,3194.215869007927,3349.46,3209.1909798208517,3288.8805,3201.7034244143892,3319.17025
2025-03-25,2025-03-26,SARIMA,目标时刻上周同期,3194.215869007927,3349.46,3431.2079,3288.8805,3312.711884503963,3319.17025
2025-03-26,2025-03-27,SARIMA,XGBoost跨日边界,3360.8547683868746,3468.14,3339.572021484375,3344.1586,3350.213394935625,3406.1493
2025-03-26,2025-03-27,SARIMA,历史跨日比例,3360.8547683868746,3468.14,3371.6503653669743,3344.1586,3366.2525668769244,3406.1493
2025-03-26,2025-03-27,SARIMA,目标时刻上周同期,3360.8547683868746,3468.14,3299.0689,3344.1586,3329.9618341934374,3406.1493
2025-03-27,2025-03-28,SARIMA,XGBoost跨日边界,2364.950476210969,2463.43,2486.98876953125,2320.9786,2425.9696228711096,2392.2043
2025-03-27,2025-03-28,SARIMA,历史跨日比例,2364.950476210969,2463.43,2363.314279189511,2320.9786,2364.13237770024,2392.2043
2025-03-27,2025-03-28,SARIMA,目标时刻上周同期,2364.950476210969,2463.43,2359.4277,2320.9786,2362.1890881054846,2392.2043
2025-03-28,2025-03-29,SARIMA,XGBoost跨日边界,3316.251826181754,2623.15,2509.140869140625,2589.6557,2912.6963476611895,2606.40285
2025-03-28,2025-03-29,SARIMA,历史跨日比例,3316.251826181754,2623.15,3313.957468893944,2589.6557,3315.104647537849,2606.40285
2025-03-28,2025-03-29,SARIMA,目标时刻上周同期,3316.251826181754,2623.15,2430.3122,2589.6557,2873.2820130908767,2606.40285
2025-03-29,2025-03-30,SARIMA,XGBoost跨日边界,4280.338823920708,3416.19,3468.968505859375,3585.3895,3874.6536648900415,3500.78975
2025-03-29,2025-03-30,SARIMA,历史跨日比例,4280.338823920708,3416.19,4277.377460583514,3585.3895,4278.858142252111,3500.78975
2025-03-29,2025-03-30,SARIMA,目标时刻上周同期,4280.338823920708,3416.19,3450.6115,3585.3895,3865.475161960354,3500.78975
2025-03-30,2025-03-31,SARIMA,XGBoost跨日边界,3351.623047577129,3520.7,3410.352294921875,3575.6323,3380.987671249502,3548.16615
2025-03-30,2025-03-31,SARIMA,历史跨日比例,3351.623047577129,3520.7,3331.38016557622,3575.6323,3341.5016065766745,3548.16615
2025-03-30,2025-03-31,SARIMA,目标时刻上周同期,3351.623047577129,3520.7,3547.3049,3575.6323,3449.4639737885645,3548.16615
2025-03-31,2025-04-01,SARIMA,XGBoost跨日边界,3365.4758594044756,3355.05,3447.3984375,3533.6798,3406.437148452238,3444.3649
2025-03-31,2025-04-01,SARIMA,历史跨日比例,3365.4758594044756,3355.05,3345.1493102276277,3533.6798,3355.3125848160516,3444.3649
2025-03-31,2025-04-01,SARIMA,目标时刻上周同期,3365.4758594044756,3355.05,3443.9236,3533.6798,3404.699729702238,3444.3649
2025-04-01,2025-04-02,SARIMA,XGBoost跨日边界,3261.0510850610676,3423.61,3384.672607421875,3564.2691,3322.8618462414715,3493.93955
2025-04-01,2025-04-02,SARIMA,历史跨日比例,3261.0510850610676,3423.61,3241.355232819704,3564.2691,3251.203158940386,3493.93955
2025-04-01,2025-04-02,SARIMA,目标时刻上周同期,3261.0510850610676,3423.61,3288.8805,3564.2691,3274.9657925305337,3493.93955
2025-04-02,2025-04-03,SARIMA,XGBoost跨日边界,3383.997252382089,3279.03,3337.998779296875,3404.4367,3360.998015839482,3341.7333500000004
2025-04-02,2025-04-03,SARIMA,历史跨日比例,3383.997252382089,3279.03,3374.0930105309862,3404.4367,3379.0451314565375,3341.7333500000004
2025-04-02,2025-04-03,SARIMA,目标时刻上周同期,3383.997252382089,3279.03,3344.1586,3404.4367,3364.0779261910448,3341.7333500000004
2025-04-03,2025-04-04,SARIMA,XGBoost跨日边界,2403.5965817193187,2234.15,2522.146484375,2288.9737,2462.8715330471596,2261.56185
2025-04-03,2025-04-04,SARIMA,历史跨日比例,2403.5965817193187,2234.15,2398.4631857414897,2288.9737,2401.0298837304044,2261.56185
2025-04-03,2025-04-04,SARIMA,目标时刻上周同期,2403.5965817193187,2234.15,2320.9786,2288.9737,2362.2875908596593,2261.56185
2025-04-04,2025-04-05,SARIMA,XGBoost跨日边界,3291.7127241106814,2489.47,2487.30712890625,2313.0806,2889.5099265084655,2401.2753
2025-04-04,2025-04-05,SARIMA,历史跨日比例,3291.7127241106814,2489.47,3307.1449193126864,2313.0806,3299.4288217116837,2401.2753
2025-04-04,2025-04-05,SARIMA,目标时刻上周同期,3291.7127241106814,2489.47,2589.6557,2313.0806,2940.6842120553406,2401.2753
2025-04-05,2025-04-06,SARIMA,XGBoost跨日边界,4290.1061034448085,3305.13,3413.25341796875,3398.2558,3851.6797607067792,3351.6929
2025-04-05,2025-04-06,SARIMA,历史跨日比例,4290.1061034448085,3305.13,4333.027912189166,3398.2558,4311.567007816988,3351.6929
2025-04-05,2025-04-06,SARIMA,目标时刻上周同期,4290.1061034448085,3305.13,3585.3895,3398.2558,3937.7478017224043,3351.6929
2025-04-06,2025-04-07,SARIMA,XGBoost跨日边界,3361.19941929075,3237.23,3365.74755859375,3358.3526,3363.47348894225,3297.7913
2025-04-06,2025-04-07,SARIMA,历史跨日比例,3361.19941929075,3237.23,3376.957381755526,3358.3526,3369.078400523138,3297.7913
2025-04-06,2025-04-07,SARIMA,目标时刻上周同期,3361.19941929075,3237.23,3575.6323,3358.3526,3468.4158596453753,3297.7913
2025-04-07,2025-04-08,SARIMA,XGBoost跨日边界,3326.8479192717473,3465.82,3395.513427734375,3587.5611,3361.1806735030614,3526.6905500000003
2025-04-07,2025-04-08,SARIMA,历史跨日比例,3326.8479192717473,3465.82,3342.444835163445,3587.5611,3334.646377217596,3526.6905500000003
2025-04-07,2025-04-08,SARIMA,目标时刻上周同期,3326.8479192717473,3465.82,3533.6798,3587.5611,3430.263859635874,3526.6905500000003
2025-04-08,2025-04-09,SARIMA,XGBoost跨日边界,3250.727877874666,3528.49,3340.611572265625,3448.2221,3295.6697250701454,3488.35605
2025-04-08,2025-04-09,SARIMA,历史跨日比例,3250.727877874666,3528.49,3265.9679280748287,3448.2221,3258.3479029747473,3488.35605
2025-04-08,2025-04-09,SARIMA,目标时刻上周同期,3250.727877874666,3528.49,3564.2691,3448.2221,3407.4984889373327,3488.35605
2025-04-09,2025-04-10,SARIMA,XGBoost跨日边界,3324.147078061879,3385.28,3400.2578125,3293.9067,3362.202445280939,3339.59335
2025-04-09,2025-04-10,SARIMA,历史跨日比例,3324.147078061879,3385.28,3339.7313318799834,3293.9067,3331.9392049709313,3339.59335
2025-04-09,2025-04-10,SARIMA,目标时刻上周同期,3324.147078061879,3385.28,3404.4367,3293.9067,3364.2918890309393,3339.59335
2025-04-10,2025-04-11,SARIMA,XGBoost跨日边界,2312.078278778461,2353.89,2489.02880859375,2343.2886,2400.5535436861055,2348.5892999999996
2025-04-10,2025-04-11,SARIMA,历史跨日比例,2312.078278778461,2353.89,2307.140339763663,2343.2886,2309.609309271062,2348.5892999999996
2025-04-10,2025-04-11,SARIMA,目标时刻上周同期,2312.078278778461,2353.89,2288.9737,2343.2886,2300.5259893892307,2348.5892999999996
2025-04-11,2025-04-12,SARIMA,XGBoost跨日边界,3290.324266070064,2521.9,2508.439453125,2403.9977,2899.3818595975317,2462.9488499999998
2025-04-11,2025-04-12,SARIMA,历史跨日比例,3290.324266070064,2521.9,3259.346996450777,2403.9977,3274.8356312604205,2462.9488499999998
2025-04-11,2025-04-12,SARIMA,目标时刻上周同期,3290.324266070064,2521.9,2313.0806,2403.9977,2801.702433035032,2462.9488499999998
2025-04-12,2025-04-13,SARIMA,XGBoost跨日边界,4325.884544601397,3430.32,3446.497802734375,3500.9734,3886.191173667886,3465.6467000000002
2025-04-12,2025-04-13,SARIMA,历史跨日比例,4325.884544601397,3430.32,4298.245518197154,3500.9734,4312.0650313992755,3465.6467000000002
2025-04-12,2025-04-13,SARIMA,目标时刻上周同期,4325.884544601397,3430.32,3398.2558,3500.9734,3862.0701723006982,3465.6467000000002
2025-04-13,2025-04-14,SARIMA,XGBoost跨日边界,3309.9544976836823,3207.28,3399.756103515625,3253.7645,3354.8553005996537,3230.52225
2025-04-13,2025-04-14,SARIMA,历史跨日比例,3309.9544976836823,3207.28,3278.7924161953483,3253.7645,3294.3734569395156,3230.52225
2025-04-13,2025-04-14,SARIMA,目标时刻上周同期,3309.9544976836823,3207.28,3358.3526,3253.7645,3334.1535488418413,3230.52225
2025-04-14,2025-04-15,SARIMA,XGBoost跨日边界,3344.182638563368,3317.75,3414.805419921875,3393.4435,3379.4940292426218,3355.5967499999997
2025-04-14,2025-04-15,SARIMA,历史跨日比例,3344.182638563368,3317.75,3312.698310918468,3393.4435,3328.440474740918,3355.5967499999997
2025-04-14,2025-04-15,SARIMA,目标时刻上周同期,3344.182638563368,3317.75,3587.5611,3393.4435,3465.8718692816838,3355.5967499999997
2025-04-15,2025-04-16,SARIMA,XGBoost跨日边界,3323.572752969777,3253.27,3394.8203125,3410.4015,3359.1965327348885,3331.83575
2025-04-15,2025-04-16,SARIMA,历史跨日比例,3323.572752969777,3253.27,3302.3377167295253,3410.4015,3312.955234849651,3331.83575
2025-04-15,2025-04-16,SARIMA,目标时刻上周同期,3323.572752969777,3253.27,3448.2221,3410.4015,3385.8974264848885,3331.83575
2025-04-16,2025-04-17,SARIMA,XGBoost跨日边界,3298.2886061826016,3440.02,3386.03125,3350.8639,3342.1599280913006,3395.44195
2025-04-16,2025-04-17,SARIMA,历史跨日比例,3298.2886061826016,3440.02,3299.7223428092043,3350.8639,3299.005474495903,3395.44195
2025-04-16,2025-04-17,SARIMA,目标时刻上周同期,3298.2886061826016,3440.02,3293.9067,3350.8639,3296.097653091301,3395.44195
2025-04-17,2025-04-18,SARIMA,XGBoost跨日边界,2293.751804421569,2337.22,2452.0810546875,2427.4102,2372.9164295545343,2382.3151
2025-04-17,2025-04-18,SARIMA,历史跨日比例,2293.751804421569,2337.22,2305.208698825735,2427.4102,2299.4802516236523,2382.3151
2025-04-17,2025-04-18,SARIMA,目标时刻上周同期,2293.751804421569,2337.22,2343.2886,2427.4102,2318.520202210784,2382.3151
2025-04-18,2025-04-19,SARIMA,XGBoost跨日边界,3349.479853566978,2401.15,2486.72021484375,2602.7429,2918.100034205364,2501.9464500000004
2025-04-18,2025-04-19,SARIMA,历史跨日比例,3349.479853566978,2401.15,3366.2099273775907,2602.7429,3357.8448904722845,2501.9464500000004
2025-04-18,2025-04-19,SARIMA,目标时刻上周同期,3349.479853566978,2401.15,2403.9977,2602.7429,2876.738776783489,2501.9464500000004
2025-04-19,2025-04-20,SARIMA,XGBoost跨日边界,4313.363017693936,3429.12,3405.25537109375,3406.0222,3859.309194393843,3417.5711
2025-04-19,2025-04-20,SARIMA,历史跨日比例,4313.363017693936,3429.12,4378.270715590743,3406.0222,4345.816866642339,3417.5711
2025-04-19,2025-04-20,SARIMA,目标时刻上周同期,4313.363017693936,3429.12,3500.9734,3406.0222,3907.168208846968,3417.5711
2025-04-20,2025-04-21,SARIMA,XGBoost跨日边界,3231.555752270693,3556.38,3408.880859375,3462.3791,3320.2183058228466,3509.37955
2025-04-20,2025-04-21,SARIMA,历史跨日比例,3231.555752270693,3556.38,3290.045944462549,3462.3791,3260.800848366621,3509.37955
2025-04-20,2025-04-21,SARIMA,目标时刻上周同期,3231.555752270693,3556.38,3253.7645,3462.3791,3242.6601261353467,3509.37955
2025-04-21,2025-04-22,SARIMA,XGBoost跨日边界,3339.4802282694104,3275.05,3397.53515625,3359.0032,3368.5076922597054,3317.0266
2025-04-21,2025-04-22,SARIMA,历史跨日比例,3339.4802282694104,3275.05,3399.9238211844117,3359.0032,3369.702024726911,3317.0266
2025-04-21,2025-04-22,SARIMA,目标时刻上周同期,3339.4802282694104,3275.05,3393.4435,3359.0032,3366.461864134705,3317.0266
2025-04-22,2025-04-23,SARIMA,XGBoost跨日边界,3281.253211633155,3663.48,3356.464111328125,3636.2405,3318.85866148064,3649.8602499999997
2025-04-22,2025-04-23,SARIMA,历史跨日比例,3281.253211633155,3663.48,3330.6296706304497,3636.2405,3305.941441131802,3649.8602499999997
2025-04-22,2025-04-23,SARIMA,目标时刻上周同期,3281.253211633155,3663.48,3410.4015,3636.2405,3345.8273558165774,3649.8602499999997
2025-04-23,2025-04-24,SARIMA,XGBoost跨日边界,3305.9432958375987,3475.26,3398.691162109375,3503.3495,3352.3172289734866,3489.3047500000002
2025-04-23,2025-04-24,SARIMA,历史跨日比例,3305.9432958375987,3475.26,3365.7798803102783,3503.3495,3335.8615880739385,3489.3047500000002
2025-04-23,2025-04-24,SARIMA,目标时刻上周同期,3305.9432958375987,3475.26,3350.8639,3503.3495,3328.4035979187993,3489.3047500000002
2025-04-24,2025-04-25,SARIMA,XGBoost跨日边界,2276.3198441740456,2493.69,2447.12646484375,2415.768,2361.723154508898,2454.7290000000003
2025-04-24,2025-04-25,SARIMA,历史跨日比例,2276.3198441740456,2493.69,2317.520552248576,2415.768,2296.920198211311,2454.7290000000003
2025-04-24,2025-04-25,SARIMA,目标时刻上周同期,2276.3198441740456,2493.69,2427.4102,2415.768,2351.8650220870227,2454.7290000000003
2025-04-25,2025-04-26,SARIMA,XGBoost跨日边界,3339.0433170981314,2264.26,2488.742919921875,2361.9963,2913.893118510003,2313.12815
2025-04-25,2025-04-26,SARIMA,历史跨日比例,3339.0433170981314,2264.26,3399.479002051662,2361.9963,3369.2611595748967,2313.12815
2025-04-25,2025-04-26,SARIMA,目标时刻上周同期,3339.0433170981314,2264.26,2602.7429,2361.9963,2970.893108549066,2313.12815
2025-04-26,2025-04-27,SARIMA,XGBoost跨日边界,4295.550840251378,3346.82,3433.640625,3333.9964,3864.595732625689,3340.4082
2025-04-26,2025-04-27,SARIMA,历史跨日比例,4295.550840251378,3346.82,4373.299025174274,3333.9964,4334.4249327128255,3340.4082
2025-04-26,2025-04-27,SARIMA,目标时刻上周同期,4295.550840251378,3346.82,3406.0222,3333.9964,3850.786520125689,3340.4082
2025-04-27,2025-04-28,SARIMA,XGBoost跨日边界,3274.447156360579,3635.53,3347.96142578125,3529.6765,3311.204291070914,3582.60325
2025-04-27,2025-04-28,SARIMA,历史跨日比例,3274.447156360579,3635.53,3345.5213994687374,3529.6765,3309.9842779146584,3582.60325
2025-04-27,2025-04-28,SARIMA,目标时刻上周同期,3274.447156360579,3635.53,3462.3791,3529.6765,3368.4131281802893,3582.60325
2025-04-28,2025-04-29,SARIMA,XGBoost跨日边界,3282.9540751051695,3447.14,3470.8984375,3409.9503,3376.926256302585,3428.54515
2025-04-28,2025-04-29,SARIMA,历史跨日比例,3282.9540751051695,3447.14,3342.374561561271,3409.9503,3312.6643183332203,3428.54515
2025-04-28,2025-04-29,SARIMA,目标时刻上周同期,3282.9540751051695,3447.14,3359.0032,3409.9503,3320.9786375525846,3428.54515
2025-04-29,2025-04-30,SARIMA,XGBoost跨日边界,3363.309774637809,3256.37,3329.6416015625,3499.9191,3346.4756881001545,3378.14455
2025-04-29,2025-04-30,SARIMA,历史跨日比例,3363.309774637809,3256.37,3422.3193322287443,3499.9191,3392.8145534332766,3378.14455
2025-04-29,2025-04-30,SARIMA,目标时刻上周同期,3363.309774637809,3256.37,3636.2405,3499.9191,3499.7751373189044,3378.14455
2025-04-30,2025-05-01,SARIMA,XGBoost跨日边界,3306.5793163256258,3791.19,3391.55224609375,3587.1893,3349.065781209688,3689.1896500000003
2025-04-30,2025-05-01,SARIMA,历史跨日比例,3306.5793163256258,3791.19,3343.904212284639,3587.1893,3325.241764305132,3689.1896500000003
2025-04-30,2025-05-01,SARIMA,目标时刻上周同期,3306.5793163256258,3791.19,3503.3495,3587.1893,3404.964408162813,3689.1896500000003
2025-05-01,2025-05-02,SARIMA,XGBoost跨日边界,2284.84703029407,2577.89,2472.614013671875,2519.1235,2378.7305219829723,2548.50675
2025-05-01,2025-05-02,SARIMA,历史跨日比例,2284.84703029407,2577.89,2310.6385415597833,2519.1235,2297.7427859269264,2548.50675
2025-05-01,2025-05-02,SARIMA,目标时刻上周同期,2284.84703029407,2577.89,2415.768,2519.1235,2350.307515147035,2548.50675
2025-05-02,2025-05-03,SARIMA,XGBoost跨日边界,3215.455083021267,2676.09,2505.298583984375,2474.8848,2860.376833502821,2575.4874
2025-05-02,2025-05-03,SARIMA,历史跨日比例,3215.455083021267,2676.09,3222.2897372480415,2474.8848,3218.8724101346543,2575.4874
2025-05-02,2025-05-03,SARIMA,目标时刻上周同期,3215.455083021267,2676.09,2361.9963,2474.8848,2788.7256915106336,2575.4874
2025-05-03,2025-05-04,SARIMA,XGBoost跨日边界,4256.085499835153,3576.17,3384.220947265625,3600.878,3820.153223550389,3588.5240000000003
2025-05-03,2025-05-04,SARIMA,历史跨日比例,4256.085499835153,3576.17,4238.347505316654,3600.878,4247.216502575904,3588.5240000000003
2025-05-03,2025-05-04,SARIMA,目标时刻上周同期,4256.085499835153,3576.17,3333.9964,3600.878,3795.0409499175767,3588.5240000000003
2025-05-04,2025-05-05,SARIMA,XGBoost跨日边界,3312.0826634831305,3478.5,3379.697998046875,3724.6146,3345.8903307650025,3601.5573
2025-05-04,2025-05-05,SARIMA,历史跨日比例,3312.0826634831305,3478.5,3298.2789689539777,3724.6146,3305.1808162185544,3601.5573
2025-05-04,2025-05-05,SARIMA,目标时刻上周同期,3312.0826634831305,3478.5,3529.6765,3724.6146,3420.8795817415653,3601.5573
2025-05-05,2025-05-06,SARIMA,XGBoost跨日边界,3288.722394629484,3471.86,3392.1884765625,3434.9695,3340.4554355959917,3453.41475
2025-05-05,2025-05-06,SARIMA,历史跨日比例,3288.722394629484,3471.86,3275.0160581822806,3434.9695,3281.8692264058823,3453.41475
2025-05-05,2025-05-06,SARIMA,目标时刻上周同期,3288.722394629484,3471.86,3409.9503,3434.9695,3349.336347314742,3453.41475
2025-05-06,2025-05-07,SARIMA,XGBoost跨日边界,3323.525110844506,3646.95,3423.934814453125,3479.9819,3373.7299626488157,3563.46595
2025-05-06,2025-05-07,SARIMA,历史跨日比例,3323.525110844506,3646.95,3309.6737278775663,3479.9819,3316.599419361036,3563.46595
2025-05-06,2025-05-07,SARIMA,目标时刻上周同期,3323.525110844506,3646.95,3499.9191,3479.9819,3411.7221054222528,3563.46595
2025-05-07,2025-05-08,SARIMA,XGBoost跨日边界,3430.1066000595724,3732.12,3405.01318359375,3561.6798,3417.5598918266614,3646.8999
2025-05-07,2025-05-08,SARIMA,历史跨日比例,3430.1066000595724,3732.12,3410.83015651748,3561.6798,3420.4683782885263,3646.8999
2025-05-07,2025-05-08,SARIMA,目标时刻上周同期,3430.1066000595724,3732.12,3587.1893,3561.6798,3508.6479500297864,3646.8999
2025-05-08,2025-05-09,SARIMA,XGBoost跨日边界,2380.5484033923913,2707.67,2518.877197265625,2599.3019,2449.712800329008,2653.4859500000002
2025-05-08,2025-05-09,SARIMA,历史跨日比例,2380.5484033923913,2707.67,2367.170245729182,2599.3019,2373.8593245607867,2653.4859500000002
2025-05-08,2025-05-09,SARIMA,目标时刻上周同期,2380.5484033923913,2707.67,2519.1235,2599.3019,2449.8359516961955,2653.4859500000002
2025-05-09,2025-05-10,SARIMA,XGBoost跨日边界,3270.79814029836,2309.07,2490.880859375,2346.7852,2880.8394998366803,2327.9276
2025-05-09,2025-05-10,SARIMA,历史跨日比例,3270.79814029836,2309.07,3252.4169752092207,2346.7852,3261.6075577537904,2327.9276
2025-05-09,2025-05-10,SARIMA,目标时刻上周同期,3270.79814029836,2309.07,2474.8848,2346.7852,2872.84147014918,2327.9276
2025-05-10,2025-05-11,SARIMA,XGBoost跨日边界,4366.297503244133,3508.15,3261.17724609375,3481.4968,3813.7373746689414,3494.8234
2025-05-10,2025-05-11,SARIMA,历史跨日比例,4366.297503244133,3508.15,4335.359671752983,3481.4968,4350.828587498558,3494.8234
2025-05-10,2025-05-11,SARIMA,目标时刻上周同期,4366.297503244133,3508.15,3600.878,3481.4968,3983.587751622066,3494.8234
2025-05-11,2025-05-12,SARIMA,XGBoost跨日边界,3383.250274402868,3718.16,3438.532470703125,3550.165,3410.8913725529965,3634.1625
2025-05-11,2025-05-12,SARIMA,历史跨日比例,3383.250274402868,3718.16,3365.3742658982387,3550.165,3374.3122701505536,3634.1625
2025-05-11,2025-05-12,SARIMA,目标时刻上周同期,3383.250274402868,3718.16,3724.6146,3550.165,3553.932437201434,3634.1625
2025-05-12,2025-05-13,SARIMA,XGBoost跨日边界,3302.4317210048716,3340.5,3498.96875,3341.0226,3400.700235502436,3340.7613
2025-05-12,2025-05-13,SARIMA,历史跨日比例,3302.4317210048716,3340.5,3279.032015414594,3341.0226,3290.731868209733,3340.7613
2025-05-12,2025-05-13,SARIMA,目标时刻上周同期,3302.4317210048716,3340.5,3434.9695,3341.0226,3368.7006105024357,3340.7613
2025-05-13,2025-05-14,SARIMA,XGBoost跨日边界,3367.5198545258318,3317.83,3440.669189453125,3304.7077,3404.0945219894784,3311.26885
2025-05-13,2025-05-14,SARIMA,历史跨日比例,3367.5198545258318,3317.83,3342.208017388834,3304.7077,3354.8639359573326,3311.26885
2025-05-13,2025-05-14,SARIMA,目标时刻上周同期,3367.5198545258318,3317.83,3479.9819,3304.7077,3423.750877262916,3311.26885
2025-05-14,2025-05-15,SARIMA,XGBoost跨日边界,3528.6812404440648,3615.61,3429.38134765625,3426.4425,3479.031294050157,3521.02625
2025-05-14,2025-05-15,SARIMA,历史跨日比例,3528.6812404440648,3615.61,3502.1580397726684,3426.4425,3515.4196401083664,3521.02625
2025-05-14,2025-05-15,SARIMA,目标时刻上周同期,3528.6812404440648,3615.61,3561.6798,3426.4425,3545.180520222032,3521.02625
2025-05-15,2025-05-16,SARIMA,XGBoost跨日边界,2448.8537324469744,2648.72,2508.853759765625,2485.8649,2478.8537461062997,2567.29245
2025-05-15,2025-05-16,SARIMA,历史跨日比例,2448.8537324469744,2648.72,2430.4470148845758,2485.8649,2439.650373665775,2567.29245
2025-05-15,2025-05-16,SARIMA,目标时刻上周同期,2448.8537324469744,2648.72,2599.3019,2485.8649,2524.0778162234874,2567.29245
2025-05-16,2025-05-17,SARIMA,XGBoost跨日边界,3170.987694697839,2594.84,2476.39208984375,2566.1507,2823.689892270794,2580.49535
2025-05-16,2025-05-17,SARIMA,历史跨日比例,3170.987694697839,2594.84,3147.1530841954705,2566.1507,3159.0703894466546,2580.49535
2025-05-16,2025-05-17,SARIMA,目标时刻上周同期,3170.987694697839,2594.84,2346.7852,2566.1507,2758.8864473489193,2580.49535
2025-05-17,2025-05-18,SARIMA,XGBoost跨日边界,4349.449313419787,3636.98,3340.1298828125,3537.2003,3844.7895981161437,3587.09015
2025-05-17,2025-05-18,SARIMA,历史跨日比例,4349.449313419787,3636.98,4309.819129590968,3537.2003,4329.634221505377,3587.09015
2025-05-17,2025-05-18,SARIMA,目标时刻上周同期,4349.449313419787,3636.98,3481.4968,3537.2003,3915.4730567098936,3587.09015
2025-05-18,2025-05-19,SARIMA,XGBoost跨日边界,3484.6977065888263,3618.11,3482.84912109375,3568.1539,3483.773413841288,3593.13195
2025-05-18,2025-05-19,SARIMA,历史跨日比例,3484.6977065888263,3618.11,3447.38680568571,3568.1539,3466.042256137268,3593.13195
2025-05-18,2025-05-19,SARIMA,目标时刻上周同期,3484.6977065888263,3618.11,3550.165,3568.1539,3517.4313532944134,3593.13195
2025-05-19,2025-05-20,SARIMA,XGBoost跨日边界,3287.2636455999077,3637.99,3445.17626953125,3538.0878,3366.2199575655786,3588.0388999999996
2025-05-19,2025-05-20,SARIMA,历史跨日比例,3287.2636455999077,3637.99,3251.358746119308,3538.0878,3269.311195859608,3588.0388999999996
2025-05-19,2025-05-20,SARIMA,目标时刻上周同期,3287.2636455999077,3637.99,3341.0226,3538.0878,3314.1431227999537,3588.0388999999996
2025-05-20,2025-05-21,SARIMA,XGBoost跨日边界,3352.3116973746064,3492.2,3396.07470703125,3478.055,3374.193202202928,3485.1274999999996
2025-05-20,2025-05-21,SARIMA,历史跨日比例,3352.3116973746064,3492.2,3315.6963152518533,3478.055,3334.00400631323,3485.1274999999996
2025-05-20,2025-05-21,SARIMA,目标时刻上周同期,3352.3116973746064,3492.2,3304.7077,3478.055,3328.509698687303,3485.1274999999996
2025-05-21,2025-05-22,SARIMA,XGBoost跨日边界,3547.1616928737653,3647.14,3378.3623046875,3448.5525,3462.761998780633,3547.8462499999996
2025-05-21,2025-05-22,SARIMA,历史跨日比例,3547.1616928737653,3647.14,3503.064221142616,3448.5525,3525.1129570081907,3547.8462499999996
2025-05-21,2025-05-22,SARIMA,目标时刻上周同期,3547.1616928737653,3647.14,3426.4425,3448.5525,3486.8020964368825,3547.8462499999996
2025-05-22,2025-05-23,SARIMA,XGBoost跨日边界,2504.3310655920036,2555.47,2538.59619140625,2414.4389,2521.4636284991266,2484.95445
2025-05-22,2025-05-23,SARIMA,历史跨日比例,2504.3310655920036,2555.47,2473.197816551723,2414.4389,2488.764441071863,2484.95445
2025-05-22,2025-05-23,SARIMA,目标时刻上周同期,2504.3310655920036,2555.47,2485.8649,2414.4389,2495.097982796002,2484.95445
2025-05-23,2025-05-24,SARIMA,XGBoost跨日边界,3209.3947218348403,2564.43,2476.101806640625,2594.4578,2842.7482642377327,2579.4439
2025-05-23,2025-05-24,SARIMA,历史跨日比例,3209.3947218348403,2564.43,3150.657032611045,2594.4578,3180.0258772229427,2579.4439
2025-05-23,2025-05-24,SARIMA,目标时刻上周同期,3209.3947218348403,2564.43,2566.1507,2594.4578,2887.77271091742,2579.4439
2025-05-24,2025-05-25,SARIMA,XGBoost跨日边界,4371.691403936346,3367.67,3476.30615234375,3533.452,3923.998778140048,3450.561
2025-05-24,2025-05-25,SARIMA,历史跨日比例,4371.691403936346,3367.67,4291.681597314634,3533.452,4331.68650062549,3450.561
2025-05-24,2025-05-25,SARIMA,目标时刻上周同期,4371.691403936346,3367.67,3537.2003,3533.452,3954.445851968173,3450.561
2025-05-25,2025-05-26,SARIMA,XGBoost跨日边界,3472.202778997118,3267.09,3529.1337890625,3265.0194,3500.668284029809,3266.0547
2025-05-25,2025-05-26,SARIMA,历史跨日比例,3472.202778997118,3267.09,3408.655230181392,3265.0194,3440.429004589255,3266.0547
2025-05-25,2025-05-26,SARIMA,目标时刻上周同期,3472.202778997118,3267.09,3568.1539,3265.0194,3520.1783394985587,3266.0547
2025-05-26,2025-05-27,SARIMA,XGBoost跨日边界,3359.1322100641223,3464.52,3503.46484375,3640.4009,3431.2985269070614,3552.46045
2025-05-26,2025-05-27,SARIMA,历史跨日比例,3359.1322100641223,3464.52,3297.65405579596,3640.4009,3328.3931329300412,3552.46045
2025-05-26,2025-05-27,SARIMA,目标时刻上周同期,3359.1322100641223,3464.52,3538.0878,3640.4009,3448.610005032061,3552.46045
2025-05-27,2025-05-28,SARIMA,XGBoost跨日边界,3292.172583309301,3505.28,3384.646484375,3425.7937,3338.4095338421503,3465.5368500000004
2025-05-27,2025-05-28,SARIMA,历史跨日比例,3292.172583309301,3505.28,3251.2450756295116,3425.7937,3271.7088294694063,3465.5368500000004
2025-05-27,2025-05-28,SARIMA,目标时刻上周同期,3292.172583309301,3505.28,3478.055,3425.7937,3385.1137916546504,3465.5368500000004
2025-05-28,2025-05-29,SARIMA,XGBoost跨日边界,3568.070359894104,3667.5,3419.078125,3636.8164,3493.574242447052,3652.1582
2025-05-28,2025-05-29,SARIMA,历史跨日比例,3568.070359894104,3667.5,3523.7129565802707,3636.8164,3545.8916582371876,3652.1582
2025-05-28,2025-05-29,SARIMA,目标时刻上周同期,3568.070359894104,3667.5,3448.5525,3636.8164,3508.3114299470517,3652.1582
2025-05-29,2025-05-30,SARIMA,XGBoost跨日边界,2508.5398284822604,2455.95,2522.684326171875,2314.4079,2515.6120773270677,2385.17895
2025-05-29,2025-05-30,SARIMA,历史跨日比例,2508.5398284822604,2455.95,2462.7797985064503,2314.4079,2485.659813494355,2385.17895
2025-05-29,2025-05-30,SARIMA,目标时刻上周同期,2508.5398284822604,2455.95,2414.4389,2314.4079,2461.4893642411303,2385.17895
2025-05-30,2025-05-31,SARIMA,XGBoost跨日边界,3281.4804915793775,2476.42,2528.07177734375,2596.8568,2904.7761344615637,2536.6384
2025-05-30,2025-05-31,SARIMA,历史跨日比例,3281.4804915793775,2476.42,3240.685905444652,2596.8568,3261.083198512015,2536.6384
2025-05-30,2025-05-31,SARIMA,目标时刻上周同期,3281.4804915793775,2476.42,2594.4578,2596.8568,2937.969145789689,2536.6384
2025-05-31,2025-06-01,SARIMA,XGBoost跨日边界,4321.218717052711,4191.11,3489.53076171875,4313.5613,3905.3747393857307,4252.33565
2025-05-31,2025-06-01,SARIMA,历史跨日比例,4321.218717052711,4191.11,4267.498352231968,4313.5613,4294.35853464234,4252.33565
2025-05-31,2025-06-01,SARIMA,目标时刻上周同期,4321.218717052711,4191.11,3533.452,4313.5613,3927.335358526356,4252.33565
2025-06-01,2025-06-02,SARIMA,XGBoost跨日边界,3356.9252188753685,4074.69,3501.944091796875,4174.7567,3429.434655336122,4124.72335
2025-06-01,2025-06-02,SARIMA,历史跨日比例,3356.9252188753685,4074.69,3320.5330257259243,4174.7567,3338.7291223006464,4124.72335
2025-06-01,2025-06-02,SARIMA,目标时刻上周同期,3356.9252188753685,4074.69,3265.0194,4174.7567,3310.972309437684,4124.72335
2025-06-02,2025-06-03,SARIMA,XGBoost跨日边界,3362.162635050702,4001.61,3497.937255859375,4120.339,3430.0499454550386,4060.9745000000003
2025-06-02,2025-06-03,SARIMA,历史跨日比例,3362.162635050702,4001.61,3325.713663436255,4120.339,3343.9381492434786,4060.9745000000003
2025-06-02,2025-06-03,SARIMA,目标时刻上周同期,3362.162635050702,4001.61,3640.4009,4120.339,3501.281767525351,4060.9745000000003
2025-06-03,2025-06-04,SARIMA,XGBoost跨日边界,3336.2617205476645,4200.62,3553.964111328125,4059.6256,3445.1129159378947,4130.1228
2025-06-03,2025-06-04,SARIMA,历史跨日比例,3336.2617205476645,4200.62,3300.09353894845,4059.6256,3318.1776297480574,4130.1228
2025-06-03,2025-06-04,SARIMA,目标时刻上周同期,3336.2617205476645,4200.62,3425.7937,4059.6256,3381.0277102738323,4130.1228
2025-06-04,2025-06-05,SARIMA,XGBoost跨日边界,3532.4595438764586,4210.89,3712.94384765625,4149.5418,3622.7016957663545,4180.2159
2025-06-04,2025-06-05,SARIMA,历史跨日比例,3532.4595438764586,4210.89,3498.1546957927612,4149.5418,3515.3071198346097,4180.2159
2025-06-04,2025-06-05,SARIMA,目标时刻上周同期,3532.4595438764586,4210.89,3636.8164,4149.5418,3584.6379719382294,4180.2159
2025-06-05,2025-06-06,SARIMA,XGBoost跨日边界,2493.760158630354,3310.03,2948.39013671875,3019.7242,2721.0751476745518,3164.8771
2025-06-05,2025-06-06,SARIMA,历史跨日比例,2493.760158630354,3310.03,2469.542453562142,3019.7242,2481.651306096248,3164.8771
2025-06-05,2025-06-06,SARIMA,目标时刻上周同期,2493.760158630354,3310.03,2314.4079,3019.7242,2404.084029315177,3164.8771
2025-06-06,2025-06-07,SARIMA,XGBoost跨日边界,3227.893656657018,2903.8,3001.391357421875,3023.5774,3114.642507039446,2963.6887
2025-06-06,2025-06-07,SARIMA,历史跨日比例,3227.893656657018,2903.8,3196.5465456295456,3023.5774,3212.2201011432817,2963.6887
2025-06-06,2025-06-07,SARIMA,目标时刻上周同期,3227.893656657018,2903.8,2596.8568,3023.5774,2912.375228328509,2963.6887
2025-06-07,2025-06-08,SARIMA,XGBoost跨日边界,4558.644093878249,4175.29,3380.484130859375,4173.8346,3969.564112368812,4174.5623
2025-06-07,2025-06-08,SARIMA,历史跨日比例,4558.644093878249,4175.29,4514.373638359733,4173.8346,4536.508866118991,4174.5623
2025-06-07,2025-06-08,SARIMA,目标时刻上周同期,4558.644093878249,4175.29,4313.5613,4173.8346,4436.102696939124,4174.5623
2025-06-08,2025-06-09,SARIMA,XGBoost跨日边界,3559.2509110847573,4127.52,3873.5576171875,4028.4969,3716.4042641361284,4078.0084500000003
2025-06-08,2025-06-09,SARIMA,历史跨日比例,3559.2509110847573,4127.52,3524.6858834376085,4028.4969,3541.968397261183,4078.0084500000003
2025-06-08,2025-06-09,SARIMA,目标时刻上周同期,3559.2509110847573,4127.52,4174.7567,4028.4969,3867.0038055423784,4078.0084500000003
2025-06-09,2025-06-10,SARIMA,XGBoost跨日边界,3512.8175834371223,4215.96,3778.31689453125,4293.8723,3645.567238984186,4254.91615
2025-06-09,2025-06-10,SARIMA,历史跨日比例,3512.8175834371223,4215.96,3478.7034847337272,4293.8723,3495.7605340854248,4254.91615
2025-06-09,2025-06-10,SARIMA,目标时刻上周同期,3512.8175834371223,4215.96,4120.339,4293.8723,3816.578291718561,4254.91615
2025-06-10,2025-06-11,SARIMA,XGBoost跨日边界,3523.3953991987,4222.03,3833.763671875,4152.2007,3678.57953553685,4187.11535
2025-06-10,2025-06-11,SARIMA,历史跨日比例,3523.3953991987,4222.03,3489.178575932362,4152.2007,3506.286987565531,4187.11535
2025-06-10,2025-06-11,SARIMA,目标时刻上周同期,3523.3953991987,4222.03,4059.6256,4152.2007,3791.5104995993497,4187.11535
2025-06-11,2025-06-12,SARIMA,XGBoost跨日边界,3674.985796551208,4112.1,3987.1337890625,4027.3318,3831.0597928068537,4069.7159
2025-06-11,2025-06-12,SARIMA,历史跨日比例,3674.985796551208,4112.1,3639.296830295677,4027.3318,3657.1413134234426,4069.7159
2025-06-11,2025-06-12,SARIMA,目标时刻上周同期,3674.985796551208,4112.1,4149.5418,4027.3318,3912.263798275604,4069.7159
2025-06-12,2025-06-13,SARIMA,XGBoost跨日边界,2668.7839415515996,2926.78,2988.970703125,2867.2945,2828.8773223382996,2897.0372500000003
2025-06-12,2025-06-13,SARIMA,历史跨日比例,2668.7839415515996,2926.78,2635.6062534141943,2867.2945,2652.195097482897,2897.0372500000003
2025-06-12,2025-06-13,SARIMA,目标时刻上周同期,2668.7839415515996,2926.78,3019.7242,2867.2945,2844.2540707758,2897.0372500000003
2025-06-13,2025-06-14,SARIMA,XGBoost跨日边界,3416.983983065807,3140.81,2810.05419921875,3292.2207,3113.5190911422787,3216.5153499999997
2025-06-13,2025-06-14,SARIMA,历史跨日比例,3416.983983065807,3140.81,3374.504849706381,3292.2207,3395.7444163860937,3216.5153499999997
2025-06-13,2025-06-14,SARIMA,目标时刻上周同期,3416.983983065807,3140.81,3023.5774,3292.2207,3220.280691532904,3216.5153499999997
2025-06-14,2025-06-15,SARIMA,XGBoost跨日边界,4811.686449138148,3929.38,3733.79296875,4104.4483,4272.739708944075,4016.91415
2025-06-14,2025-06-15,SARIMA,历史跨日比例,4811.686449138148,3929.38,4751.868705955959,4104.4483,4781.777577547054,4016.91415
2025-06-14,2025-06-15,SARIMA,目标时刻上周同期,4811.686449138148,3929.38,4173.8346,4104.4483,4492.760524569074,4016.91415
2025-06-15,2025-06-16,SARIMA,XGBoost跨日边界,3581.1916026906497,4015.98,3999.553466796875,4053.173,3790.372534743762,4034.5765
2025-06-15,2025-06-16,SARIMA,历史跨日比例,3581.1916026906497,4015.98,3541.4876664735243,4053.173,3561.339634582087,4034.5765
2025-06-15,2025-06-16,SARIMA,目标时刻上周同期,3581.1916026906497,4015.98,4028.4969,4053.173,3804.8442513453247,4034.5765
2025-06-16,2025-06-17,SARIMA,XGBoost跨日边界,3680.5769014685357,3899.93,4012.940673828125,3965.4077,3846.7587876483303,3932.66885
2025-06-16,2025-06-17,SARIMA,历史跨日比例,3680.5769014685357,3899.93,3657.726392371444,3965.4077,3669.1516469199896,3932.66885
2025-06-16,2025-06-17,SARIMA,目标时刻上周同期,3680.5769014685357,3899.93,4293.8723,3965.4077,3987.224600734268,3932.66885
2025-06-17,2025-06-18,SARIMA,XGBoost跨日边界,3665.568327177372,4002.65,3965.914794921875,3917.2691,3815.7415610496237,3959.95955
2025-06-17,2025-06-18,SARIMA,历史跨日比例,3665.568327177372,4002.65,3656.983144044452,3917.2691,3661.275735610912,3959.95955
2025-06-17,2025-06-18,SARIMA,目标时刻上周同期,3665.568327177372,4002.65,4152.2007,3917.2691,3908.884513588686,3959.95955
2025-06-18,2025-06-19,SARIMA,XGBoost跨日边界,3745.9949141094953,4120.61,3977.876220703125,4194.048,3861.93556740631,4157.329
2025-06-18,2025-06-19,SARIMA,历史跨日比例,3745.9949141094953,4120.61,3744.1549758052247,4194.048,3745.07494495736,4157.329
2025-06-18,2025-06-19,SARIMA,目标时刻上周同期,3745.9949141094953,4120.61,4027.3318,4194.048,3886.6633570547474,4157.329
2025-06-19,2025-06-20,SARIMA,XGBoost跨日边界,2672.901945136592,3469.38,3172.36328125,3148.7339,2922.632613193296,3309.05695
2025-06-19,2025-06-20,SARIMA,历史跨日比例,2672.901945136592,3469.38,2671.589083057177,3148.7339,2672.2455140968846,3309.05695
2025-06-19,2025-06-20,SARIMA,目标时刻上周同期,2672.901945136592,3469.38,2867.2945,3148.7339,2770.098222568296,3309.05695
2025-06-20,2025-06-21,SARIMA,XGBoost跨日边界,3509.6861332258654,3230.95,3073.486572265625,3087.9838,3291.586352745745,3159.4669
2025-06-20,2025-06-21,SARIMA,历史跨日比例,3509.6861332258654,3230.95,3525.326482157168,3087.9838,3517.5063076915167,3159.4669
2025-06-20,2025-06-21,SARIMA,目标时刻上周同期,3509.6861332258654,3230.95,3292.2207,3087.9838,3400.9534166129324,3159.4669
2025-06-21,2025-06-22,SARIMA,XGBoost跨日边界,4758.037154059928,3636.14,3590.037109375,4241.9529,4174.037131717464,3939.04645
2025-06-21,2025-06-22,SARIMA,历史跨日比例,4758.037154059928,3636.14,4779.240577526516,4241.9529,4768.638865793222,3939.04645
2025-06-21,2025-06-22,SARIMA,目标时刻上周同期,4758.037154059928,3636.14,4104.4483,4241.9529,4431.242727029964,3939.04645
2025-06-22,2025-06-23,SARIMA,XGBoost跨日边界,3625.0601217710455,3930.49,3867.87939453125,3863.9277,3746.4697581511477,3897.20885
2025-06-22,2025-06-23,SARIMA,历史跨日比例,3625.0601217710455,3930.49,3623.2795835892643,3863.9277,3624.1698526801547,3897.20885
2025-06-22,2025-06-23,SARIMA,目标时刻上周同期,3625.0601217710455,3930.49,4053.173,3863.9277,3839.1165608855226,3897.20885
2025-06-23,2025-06-24,SARIMA,XGBoost跨日边界,3670.9700115883384,3964.0,4071.482666015625,3968.5445,3871.226338801982,3966.27225
2025-06-23,2025-06-24,SARIMA,历史跨日比例,3670.9700115883384,3964.0,3669.1669236255893,3968.5445,3670.068467606964,3966.27225
2025-06-23,2025-06-24,SARIMA,目标时刻上周同期,3670.9700115883384,3964.0,3965.4077,3968.5445,3818.1888557941693,3966.27225
2025-06-24,2025-06-25,SARIMA,XGBoost跨日边界,3742.428507222762,4215.0,3931.221435546875,4049.8387,3836.8249713848186,4132.41935
2025-06-24,2025-06-25,SARIMA,历史跨日比例,3742.428507222762,4215.0,3726.121010307055,4049.8387,3734.2747587649083,4132.41935
2025-06-24,2025-06-25,SARIMA,目标时刻上周同期,3742.428507222762,4215.0,3917.2691,4049.8387,3829.8488036113813,4132.41935
2025-06-25,2025-06-26,SARIMA,XGBoost跨日边界,3786.176994182226,3994.04,3971.9755859375,4198.2019,3879.076290059863,4096.12095
2025-06-25,2025-06-26,SARIMA,历史跨日比例,3786.176994182226,3994.04,3769.678864816284,4198.2019,3777.927929499255,4096.12095
2025-06-25,2025-06-26,SARIMA,目标时刻上周同期,3786.176994182226,3994.04,4194.048,4198.2019,3990.112497091113,4096.12095
2025-06-26,2025-06-27,SARIMA,XGBoost跨日边界,2847.2695451268587,3163.47,3149.1484375,3270.9974,2998.2089913134296,3217.2336999999998
2025-06-26,2025-06-27,SARIMA,历史跨日比例,2847.2695451268587,3163.47,2834.8626710247263,3270.9974,2841.0661080757927,3217.2336999999998
2025-06-26,2025-06-27,SARIMA,目标时刻上周同期,2847.2695451268587,3163.47,3148.7339,3270.9974,2998.001722563429,3217.2336999999998
2025-06-27,2025-06-28,SARIMA,XGBoost跨日边界,3630.807005277586,2963.58,3229.428955078125,2818.117,3430.1179801778553,2890.8485
2025-06-27,2025-06-28,SARIMA,历史跨日比例,3630.807005277586,2963.58,3632.2554583598785,2818.117,3631.5312318187325,2890.8485
2025-06-27,2025-06-28,SARIMA,目标时刻上周同期,3630.807005277586,2963.58,3087.9838,2818.117,3359.395402638793,2890.8485
2025-06-28,2025-06-29,SARIMA,XGBoost跨日边界,4730.525946022454,4151.9,3677.13623046875,4230.7194,4203.831088245603,4191.3097
2025-06-28,2025-06-29,SARIMA,历史跨日比例,4730.525946022454,4151.9,4755.142879956125,4230.7194,4742.83441298929,4191.3097
2025-06-28,2025-06-29,SARIMA,目标时刻上周同期,4730.525946022454,4151.9,4241.9529,4230.7194,4486.239423011228,4191.3097
2025-06-29,2025-06-30,SARIMA,XGBoost跨日边界,3727.769434271683,3960.92,4021.578125,4056.9881,3874.6737796358416,4008.9540500000003
2025-06-29,2025-06-30,SARIMA,历史跨日比例,3727.769434271683,3960.92,3729.256568982864,4056.9881,3728.5130016272733,4008.9540500000003
2025-06-29,2025-06-30,SARIMA,目标时刻上周同期,3727.769434271683,3960.92,3863.9277,4056.9881,3795.8485671358417,4008.9540500000003
2025-06-30,2025-07-01,SARIMA,XGBoost跨日边界,3728.536075447691,4854.75,4019.07568359375,4919.4637,3873.8058795207207,4887.10685
2025-06-30,2025-07-01,SARIMA,历史跨日比例,3728.536075447691,4854.75,3730.023515998255,4919.4637,3729.279795722973,4887.10685
2025-06-30,2025-07-01,SARIMA,目标时刻上周同期,3728.536075447691,4854.75,3968.5445,4919.4637,3848.5402877238457,4887.10685
2025-07-01,2025-07-02,SARIMA,XGBoost跨日边界,3885.509020528369,4884.99,4014.7197265625,4768.584,3950.1143735454343,4826.787
2025-07-01,2025-07-02,SARIMA,历史跨日比例,3885.509020528369,4884.99,3887.0590829549533,4768.584,3886.284051741661,4826.787
2025-07-01,2025-07-02,SARIMA,目标时刻上周同期,3885.509020528369,4884.99,4049.8387,4768.584,3967.6738602641844,4826.787
2025-07-02,2025-07-03,SARIMA,XGBoost跨日边界,3915.2937602383904,4679.87,3974.47265625,4951.8268,3944.883208244195,4815.8484
2025-07-02,2025-07-03,SARIMA,历史跨日比例,3915.2937602383904,4679.87,3916.8557048162365,4951.8268,3916.0747325273132,4815.8484
2025-07-02,2025-07-03,SARIMA,目标时刻上周同期,3915.2937602383904,4679.87,4198.2019,4951.8268,4056.747830119195,4815.8484
2025-07-03,2025-07-04,SARIMA,XGBoost跨日边界,3007.725573835014,3699.83,3423.67431640625,3704.5218,3215.699945120632,3702.1759
2025-07-03,2025-07-04,SARIMA,历史跨日比例,3007.725573835014,3699.83,3008.9254584258997,3704.5218,3008.325516130457,3702.1759
2025-07-03,2025-07-04,SARIMA,目标时刻上周同期,3007.725573835014,3699.83,3270.9974,3704.5218,3139.361486917507,3702.1759
2025-07-04,2025-07-05,SARIMA,XGBoost跨日边界,3814.560598594239,3770.68,3288.511474609375,3762.87,3551.5360366018067,3766.7749999999996
2025-07-04,2025-07-05,SARIMA,历史跨日比例,3814.560598594239,3770.68,3834.4109888707226,3762.87,3824.4857937324805,3766.7749999999996
2025-07-04,2025-07-05,SARIMA,目标时刻上周同期,3814.560598594239,3770.68,2818.117,3762.87,3316.3387992971193,3766.7749999999996
2025-07-05,2025-07-06,SARIMA,XGBoost跨日边界,4664.028990340389,4642.88,3881.197998046875,4669.9004,4272.6134941936325,4656.3902
2025-07-05,2025-07-06,SARIMA,历史跨日比例,4664.028990340389,4642.88,4688.583618926508,4669.9004,4676.306304633448,4656.3902
2025-07-05,2025-07-06,SARIMA,目标时刻上周同期,4664.028990340389,4642.88,4230.7194,4669.9004,4447.374195170194,4656.3902
2025-07-06,2025-07-07,SARIMA,XGBoost跨日边界,3797.339320334435,4792.23,4171.8330078125,4476.9606,3984.5861640734674,4634.5953
2025-07-06,2025-07-07,SARIMA,历史跨日比例,3797.339320334435,4792.23,3801.92376323589,4476.9606,3799.6315417851624,4634.5953
2025-07-06,2025-07-07,SARIMA,目标时刻上周同期,3797.339320334435,4792.23,4056.9881,4476.9606,3927.1637101672177,4634.5953
2025-07-07,2025-07-08,SARIMA,XGBoost跨日边界,3993.950868380122,4733.08,4319.25634765625,4520.4376,4156.603608018186,4626.7588
2025-07-07,2025-07-08,SARIMA,历史跨日比例,3993.950868380122,4733.08,4008.105154932934,4520.4376,4001.028011656528,4626.7588
2025-07-07,2025-07-08,SARIMA,目标时刻上周同期,3993.950868380122,4733.08,4919.4637,4520.4376,4456.707284190061,4626.7588
2025-07-08,2025-07-09,SARIMA,XGBoost跨日边界,4195.251195836118,4685.77,4334.61181640625,4380.512,4264.931506121184,4533.141
2025-07-08,2025-07-09,SARIMA,历史跨日比例,4195.251195836118,4685.77,4210.11887687271,4380.512,4202.6850363544145,4533.141
2025-07-08,2025-07-09,SARIMA,目标时刻上周同期,4195.251195836118,4685.77,4768.584,4380.512,4481.917597918059,4533.141
2025-07-09,2025-07-10,SARIMA,XGBoost跨日边界,4052.1302112102894,4491.3,4358.12060546875,4402.6303,4205.12540833952,4446.96515
2025-07-09,2025-07-10,SARIMA,历史跨日比例,4052.1302112102894,4491.3,4057.0222574604304,4402.6303,4054.57623433536,4446.96515
2025-07-09,2025-07-10,SARIMA,目标时刻上周同期,4052.1302112102894,4491.3,4951.8268,4402.6303,4501.978505605144,4446.96515
2025-07-10,2025-07-11,SARIMA,XGBoost跨日边界,3205.940233611184,3449.51,3820.99951171875,3525.5937,3513.4698726649667,3487.55185
2025-07-10,2025-07-11,SARIMA,历史跨日比例,3205.940233611184,3449.51,3209.810693611365,3525.5937,3207.8754636112744,3487.55185
2025-07-10,2025-07-11,SARIMA,目标时刻上周同期,3205.940233611184,3449.51,3704.5218,3525.5937,3455.231016805592,3487.55185
2025-07-11,2025-07-12,SARIMA,XGBoost跨日边界,4109.351805353647,3986.55,3786.730224609375,3729.7402,3948.041014981511,3858.1451
2025-07-11,2025-07-12,SARIMA,历史跨日比例,4109.351805353647,3986.55,4114.3129339556535,3729.7402,4111.83236965465,3858.1451
2025-07-11,2025-07-12,SARIMA,目标时刻上周同期,4109.351805353647,3986.55,3762.87,3729.7402,3936.1109026768236,3858.1451
2025-07-12,2025-07-13,SARIMA,XGBoost跨日边界,4960.624682255922,4570.87,4222.5341796875,4758.2793,4591.579430971711,4664.5746500000005
2025-07-12,2025-07-13,SARIMA,历史跨日比例,4960.624682255922,4570.87,4978.2047941670335,4758.2793,4969.414738211478,4664.5746500000005
2025-07-12,2025-07-13,SARIMA,目标时刻上周同期,4960.624682255922,4570.87,4669.9004,4758.2793,4815.262541127961,4664.5746500000005
2025-07-13,2025-07-14,SARIMA,XGBoost跨日边界,4000.961951376763,4597.46,4170.98095703125,4604.889,4085.9714542040065,4601.1745
2025-07-13,2025-07-14,SARIMA,历史跨日比例,4000.961951376763,4597.46,4005.7922233302756,4604.889,4003.3770873535195,4601.1745
2025-07-13,2025-07-14,SARIMA,目标时刻上周同期,4000.961951376763,4597.46,4476.9606,4604.889,4238.961275688382,4601.1745
2025-07-14,2025-07-15,SARIMA,XGBoost跨日边界,4238.968854828684,4709.36,4280.81884765625,4817.9952,4259.893851242467,4763.6776
2025-07-14,2025-07-15,SARIMA,历史跨日比例,4238.968854828684,4709.36,4244.086467197941,4817.9952,4241.527661013312,4763.6776
2025-07-14,2025-07-15,SARIMA,目标时刻上周同期,4238.968854828684,4709.36,4520.4376,4817.9952,4379.703227414342,4763.6776
2025-07-15,2025-07-16,SARIMA,XGBoost跨日边界,4150.969635698535,4568.4,4398.97900390625,4580.642,4274.9743198023925,4574.521
2025-07-15,2025-07-16,SARIMA,历史跨日比例,4150.969635698535,4568.4,4155.981008577074,4580.642,4153.475322137805,4574.521
2025-07-15,2025-07-16,SARIMA,目标时刻上周同期,4150.969635698535,4568.4,4380.512,4580.642,4265.740817849268,4574.521
2025-07-16,2025-07-17,SARIMA,XGBoost跨日边界,4067.471136903575,4497.77,4386.00439453125,4707.5422,4226.737765717413,4602.6561
2025-07-16,2025-07-17,SARIMA,历史跨日比例,4067.471136903575,4497.77,4072.3817039104783,4707.5422,4069.926420407027,4602.6561
2025-07-16,2025-07-17,SARIMA,目标时刻上周同期,4067.471136903575,4497.77,4402.6303,4707.5422,4235.050718451787,4602.6561
2025-07-17,2025-07-18,SARIMA,XGBoost跨日边界,3226.984423056769,3434.74,3392.123779296875,3382.1392,3309.554101176822,3408.4395999999997
2025-07-17,2025-07-18,SARIMA,历史跨日比例,3226.984423056769,3434.74,3231.637741972063,3382.1392,3229.311082514416,3408.4395999999997
2025-07-17,2025-07-18,SARIMA,目标时刻上周同期,3226.984423056769,3434.74,3525.5937,3382.1392,3376.2890615283845,3408.4395999999997
2025-07-18,2025-07-19,SARIMA,XGBoost跨日边界,4213.391629645536,3459.93,3934.437255859375,3593.6991,4073.9144427524557,3526.81455
2025-07-18,2025-07-19,SARIMA,历史跨日比例,4213.391629645536,3459.93,4219.467350007768,3593.6991,4216.429489826653,3526.81455
2025-07-18,2025-07-19,SARIMA,目标时刻上周同期,4213.391629645536,3459.93,3729.7402,3593.6991,3971.5659148227683,3526.81455
2025-07-19,2025-07-20,SARIMA,XGBoost跨日边界,4925.444272638887,4868.06,4391.54443359375,4634.6083,4658.494353116319,4751.334150000001
2025-07-19,2025-07-20,SARIMA,历史跨日比例,4925.444272638887,4868.06,4932.5467745401465,4634.6083,4928.995523589517,4751.334150000001
2025-07-19,2025-07-20,SARIMA,目标时刻上周同期,4925.444272638887,4868.06,4758.2793,4634.6083,4841.861786319443,4751.334150000001
2025-07-20,2025-07-21,SARIMA,XGBoost跨日边界,4038.364914987431,4557.42,4400.0546875,4539.4336,4219.209801243715,4548.4268
2025-07-20,2025-07-21,SARIMA,历史跨日比例,4038.364914987431,4557.42,4047.0385253755376,4539.4336,4042.7017201814842,4548.4268
2025-07-20,2025-07-21,SARIMA,目标时刻上周同期,4038.364914987431,4557.42,4604.889,4539.4336,4321.626957493716,4548.4268
2025-07-21,2025-07-22,SARIMA,XGBoost跨日边界,4306.174815717996,4710.71,4499.2724609375,4689.6304,4402.723638327749,4700.1702000000005
2025-07-21,2025-07-22,SARIMA,历史跨日比例,4306.174815717996,4710.71,4312.3843296466575,4689.6304,4309.279572682327,4700.1702000000005
2025-07-21,2025-07-22,SARIMA,目标时刻上周同期,4306.174815717996,4710.71,4817.9952,4689.6304,4562.085007858998,4700.1702000000005
2025-07-22,2025-07-23,SARIMA,XGBoost跨日边界,4168.454383116281,4562.35,4525.48828125,4496.2937,4346.9713321831405,4529.32185
2025-07-22,2025-07-23,SARIMA,历史跨日比例,4168.454383116281,4562.35,4174.465303866286,4496.2937,4171.459843491284,4529.32185
2025-07-22,2025-07-23,SARIMA,目标时刻上周同期,4168.454383116281,4562.35,4580.642,4496.2937,4374.54819155814,4529.32185
2025-07-23,2025-07-24,SARIMA,XGBoost跨日边界,4053.238891434954,4702.25,4459.84326171875,4670.0358,4256.541076576852,4686.1429
2025-07-23,2025-07-24,SARIMA,历史跨日比例,4053.238891434954,4702.25,4059.083671182559,4670.0358,4056.1612813087568,4686.1429
2025-07-23,2025-07-24,SARIMA,目标时刻上周同期,4053.238891434954,4702.25,4707.5422,4670.0358,4380.390545717477,4686.1429
2025-07-24,2025-07-25,SARIMA,XGBoost跨日边界,3130.2709908530514,3546.94,3960.83740234375,3514.0294,3545.5541965984007,3530.4847
2025-07-24,2025-07-25,SARIMA,历史跨日比例,3130.2709908530514,3546.94,3134.7848487780097,3514.0294,3132.5279198155304,3530.4847
2025-07-24,2025-07-25,SARIMA,目标时刻上周同期,3130.2709908530514,3546.94,3382.1392,3514.0294,3256.205095426526,3530.4847
2025-07-25,2025-07-26,SARIMA,XGBoost跨日边界,4123.802733739496,3726.98,3880.64208984375,3483.731,4002.222411791623,3605.3555
2025-07-25,2025-07-26,SARIMA,历史跨日比例,4123.802733739496,3726.98,4122.146754512565,3483.731,4122.974744126031,3605.3555
2025-07-25,2025-07-26,SARIMA,目标时刻上周同期,4123.802733739496,3726.98,3593.6991,3483.731,3858.750916869748,3605.3555
2025-07-26,2025-07-27,SARIMA,XGBoost跨日边界,5071.960871907637,4651.52,4345.876953125,4637.2981,4708.918912516318,4644.40905
2025-07-26,2025-07-27,SARIMA,历史跨日比例,5071.960871907637,4651.52,5056.69968814946,4637.2981,5064.330280028548,4644.40905
2025-07-26,2025-07-27,SARIMA,目标时刻上周同期,5071.960871907637,4651.52,4634.6083,4637.2981,4853.284585953818,4644.40905
2025-07-27,2025-07-28,SARIMA,XGBoost跨日边界,4079.8596324723026,4709.99,4464.6533203125,4756.7387,4272.256476392401,4733.36435
2025-07-27,2025-07-28,SARIMA,历史跨日比例,4079.8596324723026,4709.99,4067.5836135653767,4756.7387,4073.7216230188396,4733.36435
2025-07-27,2025-07-28,SARIMA,目标时刻上周同期,4079.8596324723026,4709.99,4539.4336,4756.7387,4309.646616236151,4733.36435
2025-07-28,2025-07-29,SARIMA,XGBoost跨日边界,4351.414075012847,4539.14,4617.63232421875,4401.1163,4484.523199615798,4470.1281500000005
2025-07-28,2025-07-29,SARIMA,历史跨日比例,4351.414075012847,4539.14,4336.17522143781,4401.1163,4343.794648225328,4470.1281500000005
2025-07-28,2025-07-29,SARIMA,目标时刻上周同期,4351.414075012847,4539.14,4689.6304,4401.1163,4520.522237506424,4470.1281500000005
2025-07-29,2025-07-30,SARIMA,XGBoost跨日边界,4160.129910333229,4608.11,4491.58935546875,4522.7091,4325.85963290099,4565.40955
2025-07-29,2025-07-30,SARIMA,历史跨日比例,4160.129910333229,4608.11,4145.5609427599675,4522.7091,4152.845426546599,4565.40955
2025-07-29,2025-07-30,SARIMA,目标时刻上周同期,4160.129910333229,4608.11,4496.2937,4522.7091,4328.211805166615,4565.40955
2025-07-30,2025-07-31,SARIMA,XGBoost跨日边界,4095.293638905894,4488.13,4420.70654296875,4224.8986,4258.000090937322,4356.514300000001
2025-07-30,2025-07-31,SARIMA,历史跨日比例,4095.293638905894,4488.13,4078.0494972972083,4224.8986,4086.671568101551,4356.514300000001
2025-07-30,2025-07-31,SARIMA,目标时刻上周同期,4095.293638905894,4488.13,4670.0358,4224.8986,4382.664719452947,4356.514300000001
2025-07-31,2025-08-01,SARIMA,XGBoost跨日边界,3234.363780162054,3594.79,3278.56103515625,3530.3421,3256.4624076591517,3562.56605
2025-07-31,2025-08-01,SARIMA,历史跨日比例,3234.363780162054,3594.79,3220.7447745529666,3530.3421,3227.5542773575103,3562.56605
2025-07-31,2025-08-01,SARIMA,目标时刻上周同期,3234.363780162054,3594.79,3514.0294,3530.3421,3374.196590081027,3562.56605
2025-08-01,2025-08-02,SARIMA,XGBoost跨日边界,4198.716717582978,3442.75,2813.405029296875,3486.4692,3506.0608734399266,3464.6096
2025-08-01,2025-08-02,SARIMA,历史跨日比例,4198.716717582978,3442.75,4174.9401618783095,3486.4692,4186.828439730643,3464.6096
2025-08-01,2025-08-02,SARIMA,目标时刻上周同期,4198.716717582978,3442.75,3483.731,3486.4692,3841.223858791489,3464.6096
2025-08-02,2025-08-03,SARIMA,XGBoost跨日边界,5015.856733975239,4897.42,4019.92822265625,4594.9993,4517.8924783157445,4746.209650000001
2025-08-02,2025-08-03,SARIMA,历史跨日比例,5015.856733975239,4897.42,4975.405366969489,4594.9993,4995.631050472364,4746.209650000001
2025-08-02,2025-08-03,SARIMA,目标时刻上周同期,5015.856733975239,4897.42,4637.2981,4594.9993,4826.5774169876195,4746.209650000001
2025-08-03,2025-08-04,SARIMA,XGBoost跨日边界,4244.6897335212525,4543.75,4252.775390625,4609.4219,4248.732562073126,4576.585950000001
2025-08-03,2025-08-04,SARIMA,历史跨日比例,4244.6897335212525,4543.75,4210.457595056618,4609.4219,4227.573664288935,4576.585950000001
2025-08-03,2025-08-04,SARIMA,目标时刻上周同期,4244.6897335212525,4543.75,4756.7387,4609.4219,4500.714216760626,4576.585950000001
2025-08-04,2025-08-05,SARIMA,XGBoost跨日边界,4311.837741712912,4826.46,4415.1953125,4596.5473,4363.516527106456,4711.503650000001
2025-08-04,2025-08-05,SARIMA,历史跨日比例,4311.837741712912,4826.46,4260.619235189819,4596.5473,4286.228488451366,4711.503650000001
2025-08-04,2025-08-05,SARIMA,目标时刻上周同期,4311.837741712912,4826.46,4401.1163,4596.5473,4356.477020856456,4711.503650000001
2025-08-05,2025-08-06,SARIMA,XGBoost跨日边界,4199.619484775796,4470.25,4116.09375,4452.4079,4157.856617387898,4461.32895
2025-08-05,2025-08-06,SARIMA,历史跨日比例,4199.619484775796,4470.25,4165.750824231233,4452.4079,4182.685154503515,4461.32895
2025-08-05,2025-08-06,SARIMA,目标时刻上周同期,4199.619484775796,4470.25,4522.7091,4452.4079,4361.164292387898,4461.32895
2025-08-06,2025-08-07,SARIMA,XGBoost跨日边界,4179.702565754765,4942.6,4389.44580078125,4691.5278,4284.574183268007,4817.0639
2025-08-06,2025-08-07,SARIMA,历史跨日比例,4179.702565754765,4942.6,4145.994529136217,4691.5278,4162.848547445491,4817.0639
2025-08-06,2025-08-07,SARIMA,目标时刻上周同期,4179.702565754765,4942.6,4224.8986,4691.5278,4202.300582877382,4817.0639
2025-08-07,2025-08-08,SARIMA,XGBoost跨日边界,3204.523735981127,3557.18,3932.907470703125,3419.152,3568.715603342126,3488.166
2025-08-07,2025-08-08,SARIMA,历史跨日比例,3204.523735981127,3557.18,3186.377111133488,3419.152,3195.4504235573077,3488.166
2025-08-07,2025-08-08,SARIMA,目标时刻上周同期,3204.523735981127,3557.18,3530.3421,3419.152,3367.4329179905635,3488.166
2025-08-08,2025-08-09,SARIMA,XGBoost跨日边界,4164.91081627765,3396.62,3735.450439453125,3505.5667,3950.1806278653876,3451.09335
2025-08-08,2025-08-09,SARIMA,历史跨日比例,4164.91081627765,3396.62,4141.32569713553,3505.5667,4153.11825670659,3451.09335
2025-08-08,2025-08-09,SARIMA,目标时刻上周同期,4164.91081627765,3396.62,3486.4692,3505.5667,3825.690008138825,3451.09335
2025-08-09,2025-08-10,SARIMA,XGBoost跨日边界,5059.607693819583,4587.96,4289.57763671875,4538.6607,4674.592665269167,4563.31035
2025-08-09,2025-08-10,SARIMA,历史跨日比例,5059.607693819583,4587.96,5018.803488559595,4538.6607,5039.2055911895895,4563.31035
2025-08-09,2025-08-10,SARIMA,目标时刻上周同期,5059.607693819583,4587.96,4594.9993,4538.6607,4827.303496909792,4563.31035
2025-08-10,2025-08-11,SARIMA,XGBoost跨日边界,4233.938059803378,4601.04,4360.41455078125,4481.4443,4297.176305292314,4541.24215
2025-08-10,2025-08-11,SARIMA,历史跨日比例,4233.938059803378,4601.04,4209.9620521562165,4481.4443,4221.950055979797,4541.24215
2025-08-10,2025-08-11,SARIMA,目标时刻上周同期,4233.938059803378,4601.04,4609.4219,4481.4443,4421.679979901689,4541.24215
2025-08-11,2025-08-12,SARIMA,XGBoost跨日边界,4328.907439801496,4606.35,4473.05517578125,4672.9262,4400.981307791373,4639.6381
2025-08-11,2025-08-12,SARIMA,历史跨日比例,4328.907439801496,4606.35,4293.996111015885,4672.9262,4311.45177540869,4639.6381
2025-08-11,2025-08-12,SARIMA,目标时刻上周同期,4328.907439801496,4606.35,4596.5473,4672.9262,4462.727369900748,4639.6381
2025-08-12,2025-08-13,SARIMA,XGBoost跨日边界,4169.906444593487,4334.86,4372.2021484375,4343.1271,4271.054296515494,4338.993549999999
2025-08-12,2025-08-13,SARIMA,历史跨日比例,4169.906444593487,4334.86,4128.157438461096,4343.1271,4149.031941527292,4338.993549999999
2025-08-12,2025-08-13,SARIMA,目标时刻上周同期,4169.906444593487,4334.86,4452.4079,4343.1271,4311.157172296744,4338.993549999999
2025-08-13,2025-08-14,SARIMA,XGBoost跨日边界,4283.602240086964,4542.77,4419.1982421875,4515.6238,4351.400241137232,4529.196900000001
2025-08-13,2025-08-14,SARIMA,历史跨日比例,4283.602240086964,4542.77,4240.714914300079,4515.6238,4262.1585771935215,4529.196900000001
2025-08-13,2025-08-14,SARIMA,目标时刻上周同期,4283.602240086964,4542.77,4691.5278,4515.6238,4487.565020043482,4529.196900000001
2025-08-14,2025-08-15,SARIMA,XGBoost跨日边界,3249.039920020846,3611.73,3339.49853515625,3422.419,3294.269227588548,3517.0744999999997
2025-08-14,2025-08-15,SARIMA,历史跨日比例,3249.039920020846,3611.73,3216.5106080692062,3422.419,3232.7752640450262,3517.0744999999997
2025-08-14,2025-08-15,SARIMA,目标时刻上周同期,3249.039920020846,3611.73,3419.152,3422.419,3334.095960010423,3517.0744999999997
2025-08-15,2025-08-16,SARIMA,XGBoost跨日边界,3991.7375948917597,3734.16,3685.313720703125,3630.9189,3838.5256577974424,3682.53945
2025-08-15,2025-08-16,SARIMA,历史跨日比例,3991.7375948917597,3734.16,3951.772411129878,3630.9189,3971.7550030108187,3682.53945
2025-08-15,2025-08-16,SARIMA,目标时刻上周同期,3991.7375948917597,3734.16,3505.5667,3630.9189,3748.6521474458796,3682.53945
2025-08-16,2025-08-17,SARIMA,XGBoost跨日边界,5117.636344311606,4378.15,4353.95361328125,4387.5695,4735.794978796428,4382.85975
2025-08-16,2025-08-17,SARIMA,历史跨日比例,5117.636344311606,4378.15,5066.39868851263,4387.5695,5092.017516412117,4382.85975
2025-08-16,2025-08-17,SARIMA,目标时刻上周同期,5117.636344311606,4378.15,4538.6607,4387.5695,4828.148522155803,4382.85975
2025-08-17,2025-08-18,SARIMA,XGBoost跨日边界,4229.182541769314,4767.18,4451.828125,4777.8417,4340.505333384657,4772.510850000001
2025-08-17,2025-08-18,SARIMA,历史跨日比例,4229.182541769314,4767.18,4175.844232995321,4777.8417,4202.513387382318,4772.510850000001
2025-08-17,2025-08-18,SARIMA,目标时刻上周同期,4229.182541769314,4767.18,4481.4443,4777.8417,4355.313420884657,4772.510850000001
2025-08-18,2025-08-19,SARIMA,XGBoost跨日边界,4313.112125867584,4537.73,4537.84521484375,4590.2835,4425.478670355667,4564.00675
2025-08-18,2025-08-19,SARIMA,历史跨日比例,4313.112125867584,4537.73,4269.92934779207,4590.2835,4291.520736829827,4564.00675
2025-08-18,2025-08-19,SARIMA,目标时刻上周同期,4313.112125867584,4537.73,4672.9262,4590.2835,4493.019162933791,4564.00675
2025-08-19,2025-08-20,SARIMA,XGBoost跨日边界,4139.579326740871,4353.64,4462.201171875,4275.3889,4300.890249307935,4314.514450000001
2025-08-19,2025-08-20,SARIMA,历史跨日比例,4139.579326740871,4353.64,4098.1339550055645,4275.3889,4118.856640873218,4314.514450000001
2025-08-19,2025-08-20,SARIMA,目标时刻上周同期,4139.579326740871,4353.64,4343.1271,4275.3889,4241.353213370436,4314.514450000001
2025-08-20,2025-08-21,SARIMA,XGBoost跨日边界,4310.928343398708,4657.6,4448.33740234375,4642.2613,4379.632872871229,4649.93065
2025-08-20,2025-08-21,SARIMA,历史跨日比例,4310.928343398708,4657.6,4267.767429302374,4642.2613,4289.347886350541,4649.93065
2025-08-20,2025-08-21,SARIMA,目标时刻上周同期,4310.928343398708,4657.6,4515.6238,4642.2613,4413.276071699354,4649.93065
2025-08-21,2025-08-22,SARIMA,XGBoost跨日边界,3297.87029870669,3671.71,3861.23486328125,3300.8077,3579.55258099397,3486.25885
2025-08-21,2025-08-22,SARIMA,历史跨日比例,3297.87029870669,3671.71,3264.852098141771,3300.8077,3281.3611984242307,3486.25885
2025-08-21,2025-08-22,SARIMA,目标时刻上周同期,3297.87029870669,3671.71,3422.419,3300.8077,3360.144649353345,3486.25885
2025-08-22,2025-08-23,SARIMA,XGBoost跨日边界,4096.34005450693,3335.89,3685.87890625,3471.19,3891.109480378465,3403.54
2025-08-22,2025-08-23,SARIMA,历史跨日比例,4096.34005450693,3335.89,4055.3275933574228,3471.19,4075.8338239321765,3403.54
2025-08-22,2025-08-23,SARIMA,目标时刻上周同期,4096.34005450693,3335.89,3630.9189,3471.19,3863.6294772534648,3403.54
2025-08-23,2025-08-24,SARIMA,XGBoost跨日边界,5053.956524781541,4417.68,4222.529296875,4521.0545,4638.24291082827,4469.36725
2025-08-23,2025-08-24,SARIMA,历史跨日比例,5053.956524781541,4417.68,4981.499202455391,4521.0545,5017.727863618466,4469.36725
2025-08-23,2025-08-24,SARIMA,目标时刻上周同期,5053.956524781541,4417.68,4387.5695,4521.0545,4720.76301239077,4469.36725
2025-08-24,2025-08-25,SARIMA,XGBoost跨日边界,4274.805593624252,4473.7,4303.57666015625,4382.9847,4289.191126890251,4428.34235
2025-08-24,2025-08-25,SARIMA,历史跨日比例,4274.805593624252,4473.7,4239.065959205651,4382.9847,4256.935776414952,4428.34235
2025-08-24,2025-08-25,SARIMA,目标时刻上周同期,4274.805593624252,4473.7,4777.8417,4382.9847,4526.323646812126,4428.34235
2025-08-25,2025-08-26,SARIMA,XGBoost跨日边界,4293.645673240934,4457.03,4459.1015625,4423.7554,4376.373617870468,4440.3927
2025-08-25,2025-08-26,SARIMA,历史跨日比例,4293.645673240934,4457.03,4257.7485257979,4423.7554,4275.697099519417,4440.3927
2025-08-25,2025-08-26,SARIMA,目标时刻上周同期,4293.645673240934,4457.03,4590.2835,4423.7554,4441.964586620466,4440.3927
2025-08-26,2025-08-27,SARIMA,XGBoost跨日边界,4087.348736427562,4290.57,4347.18359375,4399.382,4217.266165088781,4344.976
2025-08-26,2025-08-27,SARIMA,历史跨日比例,4087.348736427562,4290.57,4028.7494304377838,4399.382,4058.049083432673,4344.976
2025-08-26,2025-08-27,SARIMA,目标时刻上周同期,4087.348736427562,4290.57,4275.3889,4399.382,4181.368818213781,4344.976
2025-08-27,2025-08-28,SARIMA,XGBoost跨日边界,4321.8674533816165,4490.53,4069.662109375,4217.8767,4195.764781378308,4354.20335
2025-08-27,2025-08-28,SARIMA,历史跨日比例,4321.8674533816165,4490.53,4282.514671749413,4217.8767,4302.191062565515,4354.20335
2025-08-27,2025-08-28,SARIMA,目标时刻上周同期,4321.8674533816165,4490.53,4642.2613,4217.8767,4482.064376690809,4354.20335
2025-08-28,2025-08-29,SARIMA,XGBoost跨日边界,3327.658709519392,3180.9,3774.587890625,3367.9563,3551.123300072196,3274.4281499999997
2025-08-28,2025-08-29,SARIMA,历史跨日比例,3327.658709519392,3180.9,3305.294617775104,3367.9563,3316.4766636472477,3274.4281499999997
2025-08-28,2025-08-29,SARIMA,目标时刻上周同期,3327.658709519392,3180.9,3300.8077,3367.9563,3314.2332047596956,3274.4281499999997
2025-08-29,2025-08-30,SARIMA,XGBoost跨日边界,4028.6935915265235,3318.2,3096.56640625,3629.6725,3562.629998888262,3473.9362499999997
2025-08-29,2025-08-30,SARIMA,历史跨日比例,4028.6935915265235,3318.2,4001.6180765908184,3629.6725,4015.1558340586707,3473.9362499999997
2025-08-29,2025-08-30,SARIMA,目标时刻上周同期,4028.6935915265235,3318.2,3471.19,3629.6725,3749.941795763262,3473.9362499999997
2025-08-30,2025-08-31,SARIMA,XGBoost跨日边界,4212.571080358565,4431.84,4345.54833984375,4238.8191,4279.059710101157,4335.32955
2025-08-30,2025-08-31,SARIMA,历史跨日比例,4212.571080358565,4431.84,4191.577750766907,4238.8191,4202.074415562736,4335.32955
2025-08-30,2025-08-31,SARIMA,目标时刻上周同期,4212.571080358565,4431.84,4521.0545,4238.8191,4366.812790179283,4335.32955
2025-08-31,2025-09-01,SARIMA,XGBoost跨日边界,4742.096044835601,3703.89,4462.0478515625,3677.7838,4602.071948199051,3690.8369000000002
2025-08-31,2025-09-01,SARIMA,历史跨日比例,4742.096044835601,3703.89,4718.4638298947775,3677.7838,4730.279937365189,3690.8369000000002
2025-08-31,2025-09-01,SARIMA,目标时刻上周同期,4742.096044835601,3703.89,4382.9847,3677.7838,4562.5403724178,3690.8369000000002
2025-09-01,2025-09-02,SARIMA,XGBoost跨日边界,4316.366039606148,3529.51,4509.73974609375,3932.3259,4413.052892849949,3730.91795
2025-09-01,2025-09-02,SARIMA,历史跨日比例,4316.366039606148,3529.51,4294.855448288131,3932.3259,4305.61074394714,3730.91795
2025-09-01,2025-09-02,SARIMA,目标时刻上周同期,4316.366039606148,3529.51,4423.7554,3932.3259,4370.060719803074,3730.91795
2025-09-02,2025-09-03,SARIMA,XGBoost跨日边界,4128.583524313427,3375.82,4243.64794921875,3797.799,4186.115736766089,3586.8095000000003
2025-09-02,2025-09-03,SARIMA,历史跨日比例,4128.583524313427,3375.82,4101.698162157773,3797.799,4115.1408432356,3586.8095000000003
2025-09-02,2025-09-03,SARIMA,目标时刻上周同期,4128.583524313427,3375.82,4399.382,3797.799,4263.982762156713,3586.8095000000003
2025-09-03,2025-09-04,SARIMA,XGBoost跨日边界,4392.009125397839,3330.51,4157.4599609375,3370.3237,4274.7345431676695,3350.41685
2025-09-03,2025-09-04,SARIMA,历史跨日比例,4392.009125397839,3330.51,4370.121567091951,3370.3237,4381.065346244895,3350.41685
2025-09-03,2025-09-04,SARIMA,目标时刻上周同期,4392.009125397839,3330.51,4217.8767,3370.3237,4304.94291269892,3350.41685
2025-09-04,2025-09-05,SARIMA,XGBoost跨日边界,3322.8849118465105,3007.25,3595.77001953125,2690.1853,3459.3274656888802,2848.71765
2025-09-04,2025-09-05,SARIMA,历史跨日比例,3322.8849118465105,3007.25,3307.485075043745,2690.1853,3315.1849934451275,2848.71765
2025-09-04,2025-09-05,SARIMA,目标时刻上周同期,3322.8849118465105,3007.25,3367.9563,2690.1853,3345.420605923255,2848.71765
2025-09-05,2025-09-06,SARIMA,XGBoost跨日边界,4409.91184158053,2808.45,2808.6416015625,2474.0124,3609.276721571515,2641.2312
2025-09-05,2025-09-06,SARIMA,历史跨日比例,4409.91184158053,2808.45,4406.855459107472,2474.0124,4408.383650344001,2641.2312
2025-09-05,2025-09-06,SARIMA,目标时刻上周同期,4409.91184158053,2808.45,3629.6725,2474.0124,4019.792170790265,2641.2312
2025-09-06,2025-09-07,SARIMA,XGBoost跨日边界,4132.48705388666,3640.08,3551.96337890625,3652.0537,3842.225216396455,3646.06685
2025-09-06,2025-09-07,SARIMA,历史跨日比例,4132.48705388666,3640.08,4129.622946517768,3652.0537,4131.055000202214,3646.06685
2025-09-06,2025-09-07,SARIMA,目标时刻上周同期,4132.48705388666,3640.08,4238.8191,3652.0537,4185.65307694333,3646.06685
2025-09-07,2025-09-08,SARIMA,XGBoost跨日边界,4127.096282158887,3703.71,3658.6103515625,3604.1048,3892.8533168606937,3653.9074
2025-09-07,2025-09-08,SARIMA,历史跨日比例,4127.096282158887,3703.71,4107.969345505752,3604.1048,4117.53281383232,3653.9074
2025-09-07,2025-09-08,SARIMA,目标时刻上周同期,4127.096282158887,3703.71,3677.7838,3604.1048,3902.4400410794437,3653.9074
2025-09-08,2025-09-09,SARIMA,XGBoost跨日边界,4042.928903129995,4013.84,3547.9453125,3714.8929,3795.4371078149975,3864.36645
2025-09-08,2025-09-09,SARIMA,历史跨日比例,4042.928903129995,4013.84,4040.12686592761,3714.8929,4041.5278845288026,3864.36645
2025-09-08,2025-09-09,SARIMA,目标时刻上周同期,4042.928903129995,4013.84,3932.3259,3714.8929,3987.6274015649974,3864.36645
2025-09-09,2025-09-10,SARIMA,XGBoost跨日边界,3949.4310512250167,3743.76,3539.6181640625,3524.9649,3744.5246076437584,3634.36245
2025-09-09,2025-09-10,SARIMA,历史跨日比例,3949.4310512250167,3743.76,3946.6938146821685,3524.9649,3948.0624329535926,3634.36245
2025-09-09,2025-09-10,SARIMA,目标时刻上周同期,3949.4310512250167,3743.76,3797.799,3524.9649,3873.6150256125084,3634.36245
2025-09-10,2025-09-11,SARIMA,XGBoost跨日边界,4011.588701207541,3659.13,3616.5908203125,3740.1711,3814.0897607600205,3699.6505500000003
2025-09-10,2025-09-11,SARIMA,历史跨日比例,4011.588701207541,3659.13,3992.9970818895895,3740.1711,4002.2928915485654,3699.6505500000003
2025-09-10,2025-09-11,SARIMA,目标时刻上周同期,4011.588701207541,3659.13,3370.3237,3740.1711,3690.9562006037704,3699.6505500000003
2025-09-11,2025-09-12,SARIMA,XGBoost跨日边界,3268.6623187607925,2749.74,2577.552001953125,2479.1911,2923.107160356959,2614.46555
2025-09-11,2025-09-12,SARIMA,历史跨日比例,3268.6623187607925,2749.74,3247.3767689622,2479.1911,3258.0195438614965,2614.46555
2025-09-11,2025-09-12,SARIMA,目标时刻上周同期,3268.6623187607925,2749.74,2690.1853,2479.1911,2979.423809380396,2614.46555
2025-09-12,2025-09-13,SARIMA,XGBoost跨日边界,4285.338906145906,2468.61,2682.70556640625,2742.98,3484.022236276078,2605.795
2025-09-12,2025-09-13,SARIMA,历史跨日比例,4285.338906145906,2468.61,4263.180314096521,2742.98,4274.259610121213,2605.795
2025-09-12,2025-09-13,SARIMA,目标时刻上周同期,4285.338906145906,2468.61,2474.0124,2742.98,3379.6756530729526,2605.795
2025-09-13,2025-09-14,SARIMA,XGBoost跨日边界,4081.557189013447,3451.6,3601.817138671875,3800.2617,3841.687163842661,3625.9308499999997
2025-09-13,2025-09-14,SARIMA,历史跨日比例,4081.557189013447,3451.6,4060.452309642559,3800.2617,4071.004749328003,3625.9308499999997
2025-09-13,2025-09-14,SARIMA,目标时刻上周同期,4081.557189013447,3451.6,3652.0537,3800.2617,3866.8054445067237,3625.9308499999997
2025-09-14,2025-09-15,SARIMA,XGBoost跨日边界,3894.7200401790656,3623.68,3666.816650390625,3801.302,3780.768345284845,3712.491
2025-09-14,2025-09-15,SARIMA,历史跨日比例,3894.7200401790656,3623.68,3892.4965773827903,3801.302,3893.608308780928,3712.491
2025-09-14,2025-09-15,SARIMA,目标时刻上周同期,3894.7200401790656,3623.68,3604.1048,3801.302,3749.412420089533,3712.491
2025-09-15,2025-09-16,SARIMA,XGBoost跨日边界,4172.4858993088465,3606.04,3607.283203125,3937.1458,3889.8845512169232,3771.5928999999996
2025-09-15,2025-09-16,SARIMA,历史跨日比例,4172.4858993088465,3606.04,4170.2811928159645,3937.1458,4171.383546062405,3771.5928999999996
2025-09-15,2025-09-16,SARIMA,目标时刻上周同期,4172.4858993088465,3606.04,3714.8929,3937.1458,3943.689399654423,3771.5928999999996
2025-09-16,2025-09-17,SARIMA,XGBoost跨日边界,3758.182918826348,3923.31,3532.1103515625,3707.9525,3645.146635194424,3815.63125
2025-09-16,2025-09-17,SARIMA,历史跨日比例,3758.182918826348,3923.31,3758.1756713637956,3707.9525,3758.179295095072,3815.63125
2025-09-16,2025-09-17,SARIMA,目标时刻上周同期,3758.182918826348,3923.31,3524.9649,3707.9525,3641.573909413174,3815.63125
2025-09-17,2025-09-18,SARIMA,XGBoost跨日边界,4104.253899672332,3771.92,3677.860107421875,3671.7874,3891.0570035471037,3721.8537
2025-09-17,2025-09-18,SARIMA,历史跨日比例,4104.253899672332,3771.92,4104.245984829685,3671.7874,4104.249942251008,3721.8537
2025-09-17,2025-09-18,SARIMA,目标时刻上周同期,4104.253899672332,3771.92,3740.1711,3671.7874,3922.212499836166,3721.8537
2025-09-18,2025-09-19,SARIMA,XGBoost跨日边界,2990.6531453410694,2563.14,2711.01953125,2350.1762,2850.836338295535,2456.6580999999996
2025-09-18,2025-09-19,SARIMA,历史跨日比例,2990.6531453410694,2563.14,2990.647378020227,2350.1762,2990.6502616806483,2456.6580999999996
2025-09-18,2025-09-19,SARIMA,目标时刻上周同期,2990.6531453410694,2563.14,2479.1911,2350.1762,2734.922122670535,2456.6580999999996
2025-09-19,2025-09-20,SARIMA,XGBoost跨日边界,4270.781528703846,2596.53,2710.84375,2811.8104,3490.812639351923,2704.1702
2025-09-19,2025-09-20,SARIMA,历史跨日比例,4270.781528703846,2596.53,4262.75477901479,2811.8104,4266.768153859318,2704.1702
2025-09-19,2025-09-20,SARIMA,目标时刻上周同期,4270.781528703846,2596.53,2742.98,2811.8104,3506.880764351923,2704.1702
2025-09-20,2025-09-21,SARIMA,XGBoost跨日边界,3691.1958420618416,3589.43,3666.358642578125,3447.8751,3678.777242319983,3518.65255
2025-09-20,2025-09-21,SARIMA,历史跨日比例,3691.1958420618416,3589.43,3684.2583986739323,3447.8751,3687.727120367887,3518.65255
2025-09-20,2025-09-21,SARIMA,目标时刻上周同期,3691.1958420618416,3589.43,3800.2617,3447.8751,3745.728771030921,3518.65255
2025-09-21,2025-09-22,SARIMA,XGBoost跨日边界,3951.706336762137,3477.72,3756.42431640625,3850.0398,3854.065326584194,3663.8799
2025-09-21,2025-09-22,SARIMA,历史跨日比例,3951.706336762137,3477.72,3944.2792751349716,3850.0398,3947.9928059485546,3663.8799
2025-09-21,2025-09-22,SARIMA,目标时刻上周同期,3951.706336762137,3477.72,3801.302,3850.0398,3876.5041683810687,3663.8799
2025-09-22,2025-09-23,SARIMA,XGBoost跨日边界,3815.523808774952,3425.14,3651.425048828125,3421.106,3733.4744288015386,3423.123
2025-09-22,2025-09-23,SARIMA,历史跨日比例,3815.523808774952,3425.14,3787.8346218767783,3421.106,3801.6792153258652,3423.123
2025-09-22,2025-09-23,SARIMA,目标时刻上周同期,3815.523808774952,3425.14,3937.1458,3421.106,3876.3348043874757,3423.123
2025-09-23,2025-09-24,SARIMA,XGBoost跨日边界,4012.650170056206,3147.61,3592.162353515625,3465.0342,3802.4062617859154,3306.3221000000003
2025-09-23,2025-09-24,SARIMA,历史跨日比例,4012.650170056206,3147.61,4005.1085671228057,3465.0342,4008.879368589506,3306.3221000000003
2025-09-23,2025-09-24,SARIMA,目标时刻上周同期,4012.650170056206,3147.61,3707.9525,3465.0342,3860.301335028103,3306.3221000000003
2025-09-24,2025-09-25,SARIMA,XGBoost跨日边界,3725.098865700546,3644.49,3502.253662109375,3391.3943,3613.6762639049603,3517.94215
2025-09-24,2025-09-25,SARIMA,历史跨日比例,3725.098865700546,3644.49,3729.0319063841075,3391.3943,3727.0653860423267,3517.94215
2025-09-24,2025-09-25,SARIMA,目标时刻上周同期,3725.098865700546,3644.49,3671.7874,3391.3943,3698.4431328502733,3517.94215
2025-09-25,2025-09-26,SARIMA,XGBoost跨日边界,3013.482387393762,2744.5,2968.234619140625,2417.315,2990.8585032671936,2580.9075000000003
2025-09-25,2025-09-26,SARIMA,历史跨日比例,3013.482387393762,2744.5,3016.664087868331,2417.315,3015.0732376310466,2580.9075000000003
2025-09-25,2025-09-26,SARIMA,目标时刻上周同期,3013.482387393762,2744.5,2350.1762,2417.315,2681.829293696881,2580.9075000000003
2025-09-26,2025-09-27,SARIMA,XGBoost跨日边界,3878.3166254935277,2539.44,3025.14501953125,2487.2597,3451.730822512389,2513.34985
2025-09-26,2025-09-27,SARIMA,历史跨日比例,3878.3166254935277,2539.44,3882.411436831892,2487.2597,3880.3640311627096,2513.34985
2025-09-26,2025-09-27,SARIMA,目标时刻上周同期,3878.3166254935277,2539.44,2811.8104,2487.2597,3345.063512746764,2513.34985
2025-09-27,2025-09-28,SARIMA,XGBoost跨日边界,4041.402718148097,3562.79,3491.252685546875,3592.91,3766.327701847486,3577.85
2025-09-27,2025-09-28,SARIMA,历史跨日比例,4041.402718148097,3562.79,4024.780263987414,3592.91,4033.0914910677557,3577.85
2025-09-27,2025-09-28,SARIMA,目标时刻上周同期,4041.402718148097,3562.79,3447.8751,3592.91,3744.6389090740486,3577.85
2025-09-28,2025-09-29,SARIMA,XGBoost跨日边界,3595.3705670062786,3776.89,3582.75048828125,3623.5154,3589.0605276437645,3700.2027
2025-09-28,2025-09-29,SARIMA,历史跨日比例,3595.3705670062786,3776.89,3545.7611496954,3623.5154,3570.5658583508393,3700.2027
2025-09-28,2025-09-29,SARIMA,目标时刻上周同期,3595.3705670062786,3776.89,3850.0398,3623.5154,3722.7051835031393,3700.2027
2025-09-29,2025-09-30,SARIMA,XGBoost跨日边界,3856.254896973089,3948.16,3538.240478515625,3819.9704,3697.247687744357,3884.0652
2025-09-29,2025-09-30,SARIMA,历史跨日比例,3856.254896973089,3948.16,3840.393963349969,3819.9704,3848.324430161529,3884.0652
2025-09-29,2025-09-30,SARIMA,目标时刻上周同期,3856.254896973089,3948.16,3421.106,3819.9704,3638.6804484865447,3884.0652
2025-09-30,2025-10-01,SARIMA,XGBoost跨日边界,3623.939619901623,3400.52,3412.530029296875,3336.4792,3518.234824599249,3368.4996
2025-09-30,2025-10-01,SARIMA,历史跨日比例,3623.939619901623,3400.52,3584.5732756348,3336.4792,3604.2564477682117,3368.4996
2025-09-30,2025-10-01,SARIMA,目标时刻上周同期,3623.939619901623,3400.52,3465.0342,3336.4792,3544.4869099508114,3368.4996
2025-10-01,2025-10-02,SARIMA,XGBoost跨日边界,3803.492878355599,3522.98,3454.4306640625,3548.8619,3628.9617712090494,3535.9209499999997
2025-10-01,2025-10-02,SARIMA,历史跨日比例,3803.492878355599,3522.98,3713.930496981045,3548.8619,3758.711687668322,3535.9209499999997
2025-10-01,2025-10-02,SARIMA,目标时刻上周同期,3803.492878355599,3522.98,3391.3943,3548.8619,3597.4435891777994,3535.9209499999997
2025-10-02,2025-10-03,SARIMA,XGBoost跨日边界,2755.670144937425,2377.67,2551.367431640625,2249.1115,2653.518788289025,2313.39075
2025-10-02,2025-10-03,SARIMA,历史跨日比例,2755.670144937425,2377.67,2690.7812682241706,2249.1115,2723.225706580798,2313.39075
2025-10-02,2025-10-03,SARIMA,目标时刻上周同期,2755.670144937425,2377.67,2417.315,2249.1115,2586.4925724687128,2313.39075
2025-10-03,2025-10-04,SARIMA,XGBoost跨日边界,4020.870960482487,2441.46,2639.842041015625,2458.7692,3330.356500749056,2450.1146
2025-10-03,2025-10-04,SARIMA,历史跨日比例,4020.870960482487,2441.46,3926.18988970412,2458.7692,3973.5304250933036,2450.1146
2025-10-03,2025-10-04,SARIMA,目标时刻上周同期,4020.870960482487,2441.46,2487.2597,2458.7692,3254.065330241244,2450.1146
2025-10-04,2025-10-05,SARIMA,XGBoost跨日边界,3575.013754008642,3420.64,3508.743408203125,3534.528,3541.8785811058833,3477.584
2025-10-04,2025-10-05,SARIMA,历史跨日比例,3575.013754008642,3420.64,3490.8314627579152,3534.528,3532.9226083832787,3477.584
2025-10-04,2025-10-05,SARIMA,目标时刻上周同期,3575.013754008642,3420.64,3592.91,3534.528,3583.9618770043207,3477.584
2025-10-05,2025-10-06,SARIMA,XGBoost跨日边界,3853.8715840376253,3379.91,3594.62109375,3517.5086,3724.2463388938127,3448.7093
2025-10-05,2025-10-06,SARIMA,历史跨日比例,3853.8715840376253,3379.91,3777.9876875630152,3517.5086,3815.9296358003203,3448.7093
2025-10-05,2025-10-06,SARIMA,目标时刻上周同期,3853.8715840376253,3379.91,3623.5154,3517.5086,3738.693492018813,3448.7093
2025-10-06,2025-10-07,SARIMA,XGBoost跨日边界,3747.077289621374,3298.57,3535.468017578125,3446.8842,3641.2726535997494,3372.7271
2025-10-06,2025-10-07,SARIMA,历史跨日比例,3747.077289621374,3298.57,3673.2962050866136,3446.8842,3710.1867473539937,3372.7271
2025-10-06,2025-10-07,SARIMA,目标时刻上周同期,3747.077289621374,3298.57,3819.9704,3446.8842,3783.523844810687,3372.7271
2025-10-07,2025-10-08,SARIMA,XGBoost跨日边界,3747.069515587944,3466.0,3415.1103515625,3417.7315,3581.089933575222,3441.86575
2025-10-07,2025-10-08,SARIMA,历史跨日比例,3747.069515587944,3466.0,3709.579314684877,3417.7315,3728.3244151364106,3441.86575
2025-10-07,2025-10-08,SARIMA,目标时刻上周同期,3747.069515587944,3466.0,3336.4792,3417.7315,3541.774357793972,3441.86575
2025-10-08,2025-10-09,SARIMA,XGBoost跨日边界,3636.870080378865,3439.76,3438.3447265625,3356.4957,3537.6074034706826,3398.12785
2025-10-08,2025-10-09,SARIMA,历史跨日比例,3636.870080378865,3439.76,3647.6205413305197,3356.4957,3642.2453108546924,3398.12785
2025-10-08,2025-10-09,SARIMA,目标时刻上周同期,3636.870080378865,3439.76,3548.8619,3356.4957,3592.8659901894325,3398.12785
2025-10-09,2025-10-10,SARIMA,XGBoost跨日边界,2780.7620610765453,2488.22,2496.52734375,2591.2176,2638.6447024132726,2539.7187999999996
2025-10-09,2025-10-10,SARIMA,历史跨日比例,2780.7620610765453,2488.22,2788.981896619951,2591.2176,2784.871978848248,2539.7187999999996
2025-10-09,2025-10-10,SARIMA,目标时刻上周同期,2780.7620610765453,2488.22,2249.1115,2591.2176,2514.9367805382726,2539.7187999999996
2025-10-10,2025-10-11,SARIMA,XGBoost跨日边界,3660.814415547593,2694.69,2541.762939453125,2607.4686,3101.288677500359,2651.0793000000003
2025-10-10,2025-10-11,SARIMA,历史跨日比例,3660.814415547593,2694.69,3633.167860923594,2607.4686,3646.9911382355936,2651.0793000000003
2025-10-10,2025-10-11,SARIMA,目标时刻上周同期,3660.814415547593,2694.69,2458.7692,2607.4686,3059.791807773797,2651.0793000000003
2025-10-11,2025-10-12,SARIMA,XGBoost跨日边界,3920.826137553062,3432.27,3405.674072265625,3357.8854,3663.2501049093435,3395.0777
2025-10-11,2025-10-12,SARIMA,历史跨日比例,3920.826137553062,3432.27,3932.415962693475,3357.8854,3926.6210501232686,3395.0777
2025-10-11,2025-10-12,SARIMA,目标时刻上周同期,3920.826137553062,3432.27,3534.528,3357.8854,3727.677068776531,3395.0777
2025-10-12,2025-10-13,SARIMA,XGBoost跨日边界,3528.4782104507935,3467.55,3599.109619140625,3500.703,3563.7939147957095,3484.1265000000003
2025-10-12,2025-10-13,SARIMA,历史跨日比例,3528.4782104507935,3467.55,3501.8310618899386,3500.703,3515.154636170366,3484.1265000000003
2025-10-12,2025-10-13,SARIMA,目标时刻上周同期,3528.4782104507935,3467.55,3517.5086,3500.703,3522.9934052253966,3484.1265000000003
2025-10-13,2025-10-14,SARIMA,XGBoost跨日边界,3831.9143732281455,3281.5,3509.85546875,3272.6499,3670.8849209890727,3277.07495
2025-10-13,2025-10-14,SARIMA,历史跨日比例,3831.9143732281455,3281.5,3769.1496600730843,3272.6499,3800.532016650615,3277.07495
2025-10-13,2025-10-14,SARIMA,目标时刻上周同期,3831.9143732281455,3281.5,3446.8842,3272.6499,3639.3992866140725,3277.07495
2025-10-14,2025-10-15,SARIMA,XGBoost跨日边界,3439.9857707691112,3388.75,3397.003662109375,3501.7051,3418.4947164392433,3445.22755
2025-10-14,2025-10-15,SARIMA,历史跨日比例,3439.9857707691112,3388.75,3383.640639033319,3501.7051,3411.813204901215,3445.22755
2025-10-14,2025-10-15,SARIMA,目标时刻上周同期,3439.9857707691112,3388.75,3417.7315,3501.7051,3428.858635384556,3445.22755
2025-10-15,2025-10-16,SARIMA,XGBoost跨日边界,3902.1657694824803,3421.24,3382.078857421875,3396.8534,3642.122313452178,3409.0467
2025-10-15,2025-10-16,SARIMA,历史跨日比例,3902.1657694824803,3421.24,3838.2503759350147,3396.8534,3870.2080727087477,3409.0467
2025-10-15,2025-10-16,SARIMA,目标时刻上周同期,3902.1657694824803,3421.24,3356.4957,3396.8534,3629.33073474124,3409.0467
2025-10-16,2025-10-17,SARIMA,XGBoost跨日边界,2526.6030471799004,2657.91,2479.95166015625,2486.445,2503.277353668075,2572.1775
2025-10-16,2025-10-17,SARIMA,历史跨日比例,2526.6030471799004,2657.91,2505.602867916072,2486.445,2516.102957547986,2572.1775
2025-10-16,2025-10-17,SARIMA,目标时刻上周同期,2526.6030471799004,2657.91,2591.2176,2486.445,2558.91032358995,2572.1775
2025-10-17,2025-10-18,SARIMA,XGBoost跨日边界,4132.908473969621,2370.93,2541.1357421875,2292.4324,3337.0221080785604,2331.6812
2025-10-17,2025-10-18,SARIMA,历史跨日比例,4132.908473969621,2370.93,4112.605626754478,2292.4324,4122.75705036205,2331.6812
2025-10-17,2025-10-18,SARIMA,目标时刻上周同期,4132.908473969621,2370.93,2607.4686,2292.4324,3370.1885369848105,2331.6812
2025-10-18,2025-10-19,SARIMA,XGBoost跨日边界,3467.9653295841385,3374.98,3423.318115234375,3327.9158,3445.6417224092565,3351.4479
2025-10-18,2025-10-19,SARIMA,历史跨日比例,3467.9653295841385,3374.98,3450.9290050012396,3327.9158,3459.4471672926893,3351.4479
2025-10-18,2025-10-19,SARIMA,目标时刻上周同期,3467.9653295841385,3374.98,3357.8854,3327.9158,3412.9253647920696,3351.4479
2025-10-19,2025-10-20,SARIMA,XGBoost跨日边界,3815.0369352540424,3516.27,3562.70947265625,3545.1427,3688.873203955146,3530.70635
2025-10-19,2025-10-20,SARIMA,历史跨日比例,3815.0369352540424,3516.27,3774.875499177033,3545.1427,3794.9562172155374,3530.70635
2025-10-19,2025-10-20,SARIMA,目标时刻上周同期,3815.0369352540424,3516.27,3500.703,3545.1427,3657.869967627021,3530.70635
2025-10-20,2025-10-21,SARIMA,XGBoost跨日边界,3483.1886910006538,3565.34,3500.012451171875,3352.4291,3491.6005710862646,3458.8845499999998
2025-10-20,2025-10-21,SARIMA,历史跨日比例,3483.1886910006538,3565.34,3446.52066855896,3352.4291,3464.854679779807,3458.8845499999998
2025-10-20,2025-10-21,SARIMA,目标时刻上周同期,3483.1886910006538,3565.34,3272.6499,3352.4291,3377.919295500327,3458.8845499999998
2025-10-21,2025-10-22,SARIMA,XGBoost跨日边界,3618.1232557806484,3411.74,3387.027099609375,3452.2534,3502.575177695012,3431.9966999999997
2025-10-21,2025-10-22,SARIMA,历史跨日比例,3618.1232557806484,3411.74,3580.0347579962618,3452.2534,3599.0790068884553,3431.9966999999997
2025-10-21,2025-10-22,SARIMA,目标时刻上周同期,3618.1232557806484,3411.74,3501.7051,3452.2534,3559.914177890324,3431.9966999999997
2025-10-22,2025-10-23,SARIMA,XGBoost跨日边界,3535.625913502049,3485.37,3377.47998046875,3433.9039,3456.5529469853996,3459.63695
2025-10-22,2025-10-23,SARIMA,历史跨日比例,3535.625913502049,3485.37,3486.354642278245,3433.9039,3510.990277890147,3459.63695
2025-10-22,2025-10-23,SARIMA,目标时刻上周同期,3535.625913502049,3485.37,3396.8534,3433.9039,3466.2396567510245,3459.63695
2025-10-23,2025-10-24,SARIMA,XGBoost跨日边界,2792.6291971348414,2689.4,2474.9931640625,2390.2326,2633.811180598671,2539.8163
2025-10-23,2025-10-24,SARIMA,历史跨日比例,2792.6291971348414,2689.4,2753.7120735573485,2390.2326,2773.170635346095,2539.8163
2025-10-23,2025-10-24,SARIMA,目标时刻上周同期,2792.6291971348414,2689.4,2486.445,2390.2326,2639.537098567421,2539.8163
2025-10-24,2025-10-25,SARIMA,XGBoost跨日边界,3710.4609668895264,2482.68,2531.15869140625,2275.2439,3120.809829147888,2378.96195
2025-10-24,2025-10-25,SARIMA,历史跨日比例,3710.4609668895264,2482.68,3658.753254270159,2275.2439,3684.607110579843,2378.96195
2025-10-24,2025-10-25,SARIMA,目标时刻上周同期,3710.4609668895264,2482.68,2292.4324,2275.2439,3001.446683444763,2378.96195
2025-10-25,2025-10-26,SARIMA,XGBoost跨日边界,3973.343506807613,3333.24,3485.77734375,3550.0563,3729.560425278806,3441.64815
2025-10-25,2025-10-26,SARIMA,历史跨日比例,3973.343506807613,3333.24,3917.9723531904738,3550.0563,3945.6579299990435,3441.64815
2025-10-25,2025-10-26,SARIMA,目标时刻上周同期,3973.343506807613,3333.24,3327.9158,3550.0563,3650.6296534038065,3441.64815
2025-10-26,2025-10-27,SARIMA,XGBoost跨日边界,3540.4455844035638,3410.61,3552.10888671875,3430.3327,3546.277235561157,3420.47135
2025-10-26,2025-10-27,SARIMA,历史跨日比例,3540.4455844035638,3410.61,3491.1071478975696,3430.3327,3515.776366150567,3420.47135
2025-10-26,2025-10-27,SARIMA,目标时刻上周同期,3540.4455844035638,3410.61,3545.1427,3430.3327,3542.794142201782,3420.47135
2025-10-27,2025-10-28,SARIMA,XGBoost跨日边界,3829.540820271084,3398.73,3491.964599609375,3482.3471,3660.7527099402296,3440.53855
2025-10-27,2025-10-28,SARIMA,历史跨日比例,3829.540820271084,3398.73,3776.1736516185297,3482.3471,3802.857235944807,3440.53855
2025-10-27,2025-10-28,SARIMA,目标时刻上周同期,3829.540820271084,3398.73,3352.4291,3482.3471,3590.9849601355418,3440.53855
2025-10-28,2025-10-29,SARIMA,XGBoost跨日边界,3434.141697880069,3486.63,3395.347900390625,3363.3565,3414.744799135347,3424.99325
2025-10-28,2025-10-29,SARIMA,历史跨日比例,3434.141697880069,3486.63,3397.9900001063697,3363.3565,3416.0658489932193,3424.99325
2025-10-28,2025-10-29,SARIMA,目标时刻上周同期,3434.141697880069,3486.63,3452.2534,3363.3565,3443.1975489400347,3424.99325
2025-10-29,2025-10-30,SARIMA,XGBoost跨日边界,3457.6158296435724,3494.38,3390.607421875,3472.5305,3424.111625759286,3483.45525
2025-10-29,2025-10-30,SARIMA,历史跨日比例,3457.6158296435724,3494.38,3440.6303468147,3472.5305,3449.123088229136,3483.45525
2025-10-29,2025-10-30,SARIMA,目标时刻上周同期,3457.6158296435724,3494.38,3433.9039,3472.5305,3445.7598648217863,3483.45525
2025-10-30,2025-10-31,SARIMA,XGBoost跨日边界,2528.5568849824554,2600.29,2475.532470703125,2433.8663,2502.0446778427904,2517.0781500000003
2025-10-30,2025-10-31,SARIMA,历史跨日比例,2528.5568849824554,2600.29,2516.135389458436,2433.8663,2522.3461372204456,2517.0781500000003
2025-10-30,2025-10-31,SARIMA,目标时刻上周同期,2528.5568849824554,2600.29,2390.2326,2433.8663,2459.3947424912276,2517.0781500000003
2025-10-31,2025-11-01,SARIMA,XGBoost跨日边界,3285.4814406666956,2471.51,2575.18798828125,2342.2452,2930.334714473973,2406.8776
2025-10-31,2025-11-01,SARIMA,历史跨日比例,3285.4814406666956,2471.51,3263.500329892951,2342.2452,3274.4908852798235,2406.8776
2025-10-31,2025-11-01,SARIMA,目标时刻上周同期,3285.4814406666956,2471.51,2275.2439,2342.2452,2780.3626703333475,2406.8776
2025-11-01,2025-11-02,SARIMA,XGBoost跨日边界,4215.717167911167,3406.47,3474.50146484375,3476.668,3845.1093163774585,3441.569
2025-11-01,2025-11-02,SARIMA,历史跨日比例,4215.717167911167,3406.47,4187.512429052612,3476.668,4201.614798481889,3441.569
2025-11-01,2025-11-02,SARIMA,目标时刻上周同期,4215.717167911167,3406.47,3550.0563,3476.668,3882.8867339555836,3441.569
2025-11-02,2025-11-03,SARIMA,XGBoost跨日边界,3400.842590465748,3256.76,3522.777587890625,3402.7052,3461.8100891781864,3329.7326000000003
2025-11-02,2025-11-03,SARIMA,历史跨日比例,3400.842590465748,3256.76,3365.0414371288493,3402.7052,3382.9420137972984,3329.7326000000003
2025-11-02,2025-11-03,SARIMA,目标时刻上周同期,3400.842590465748,3256.76,3430.3327,3402.7052,3415.587645232874,3329.7326000000003
2025-11-03,2025-11-04,SARIMA,XGBoost跨日边界,3369.6116585321347,3477.43,3491.261474609375,3563.3362,3430.4365665707546,3520.3831
2025-11-03,2025-11-04,SARIMA,历史跨日比例,3369.6116585321347,3477.43,3334.139277654786,3563.3362,3351.8754680934603,3520.3831
2025-11-03,2025-11-04,SARIMA,目标时刻上周同期,3369.6116585321347,3477.43,3482.3471,3563.3362,3425.9793792660676,3520.3831
2025-11-04,2025-11-05,SARIMA,XGBoost跨日边界,3398.790294154823,3457.44,3382.980224609375,3388.5113,3390.8852593820993,3422.9756500000003
2025-11-04,2025-11-05,SARIMA,历史跨日比例,3398.790294154823,3457.44,3363.010745632898,3388.5113,3380.9005198938603,3422.9756500000003
2025-11-04,2025-11-05,SARIMA,目标时刻上周同期,3398.790294154823,3457.44,3363.3565,3388.5113,3381.0733970774118,3422.9756500000003
2025-11-05,2025-11-06,SARIMA,XGBoost跨日边界,3446.38775397917,3203.62,3387.752685546875,3315.0687,3417.0702197630226,3259.34435
2025-11-05,2025-11-06,SARIMA,历史跨日比例,3446.38775397917,3203.62,3410.1071402322927,3315.0687,3428.247447105731,3259.34435
2025-11-05,2025-11-06,SARIMA,目标时刻上周同期,3446.38775397917,3203.62,3472.5305,3315.0687,3459.459126989585,3259.34435
2025-11-06,2025-11-07,SARIMA,XGBoost跨日边界,2583.0916231157653,2374.25,2483.745849609375,2332.5113,2533.41873636257,2353.38065
2025-11-06,2025-11-07,SARIMA,历史跨日比例,2583.0916231157653,2374.25,2555.874837984883,2332.5113,2569.483230550324,2353.38065
2025-11-06,2025-11-07,SARIMA,目标时刻上周同期,2583.0916231157653,2374.25,2433.8663,2332.5113,2508.478961557883,2353.38065
2025-11-07,2025-11-08,SARIMA,XGBoost跨日边界,3292.0275730275457,2630.28,2510.424072265625,2716.9924,2901.2258226465856,2673.6362
2025-11-07,2025-11-08,SARIMA,历史跨日比例,3292.0275730275457,2630.28,3270.0026661578063,2716.9924,3281.015119592676,2673.6362
2025-11-07,2025-11-08,SARIMA,目标时刻上周同期,3292.0275730275457,2630.28,2342.2452,2716.9924,2817.136386513773,2673.6362
2025-11-08,2025-11-09,SARIMA,XGBoost跨日边界,4215.508605177155,3381.19,3378.251953125,3167.857,3796.8802791510775,3274.5235000000002
2025-11-08,2025-11-09,SARIMA,历史跨日比例,4215.508605177155,3381.19,4171.091833082134,3167.857,4193.300219129645,3274.5235000000002
2025-11-08,2025-11-09,SARIMA,目标时刻上周同期,4215.508605177155,3381.19,3476.668,3167.857,3846.088302588578,3274.5235000000002
2025-11-09,2025-11-10,SARIMA,XGBoost跨日边界,3375.534342138713,3501.71,3502.76220703125,3397.8294,3439.1482745849817,3449.7697
2025-11-09,2025-11-10,SARIMA,历史跨日比例,3375.534342138713,3501.71,3352.950743468293,3397.8294,3364.242542803503,3449.7697
2025-11-09,2025-11-10,SARIMA,目标时刻上周同期,3375.534342138713,3501.71,3402.7052,3397.8294,3389.1197710693564,3449.7697
2025-11-10,2025-11-11,SARIMA,XGBoost跨日边界,3413.2280087400723,3299.55,3503.47998046875,3457.6302,3458.353994604411,3378.5901000000003
2025-11-10,2025-11-11,SARIMA,历史跨日比例,3413.2280087400723,3299.55,3390.3922252145567,3457.6302,3401.8101169773145,3378.5901000000003
2025-11-10,2025-11-11,SARIMA,目标时刻上周同期,3413.2280087400723,3299.55,3563.3362,3457.6302,3488.282104370036,3378.5901000000003
2025-11-11,2025-11-12,SARIMA,XGBoost跨日边界,3399.9242077089584,3580.04,3369.16650390625,3381.7557,3384.545355807604,3480.8978500000003
2025-11-11,2025-11-12,SARIMA,历史跨日比例,3399.9242077089584,3580.04,3364.100853324462,3381.7557,3382.0125305167103,3480.8978500000003
2025-11-11,2025-11-12,SARIMA,目标时刻上周同期,3399.9242077089584,3580.04,3388.5113,3381.7557,3394.2177538544793,3480.8978500000003
2025-11-12,2025-11-13,SARIMA,XGBoost跨日边界,3384.7426760527173,3458.31,3365.060546875,3397.4385,3374.901611463859,3427.87425
2025-11-12,2025-11-13,SARIMA,历史跨日比例,3384.7426760527173,3458.31,3349.0792821130417,3397.4385,3366.9109790828797,3427.87425
2025-11-12,2025-11-13,SARIMA,目标时刻上周同期,3384.7426760527173,3458.31,3315.0687,3397.4385,3349.905688026359,3427.87425
2025-11-13,2025-11-14,SARIMA,XGBoost跨日边界,2560.921509063437,2427.59,2513.395263671875,2387.825,2537.158386367656,2407.7075
2025-11-13,2025-11-14,SARIMA,历史跨日比例,2560.921509063437,2427.59,2524.157747035876,2387.825,2542.5396280496566,2407.7075
2025-11-13,2025-11-14,SARIMA,目标时刻上周同期,2560.921509063437,2427.59,2332.5113,2387.825,2446.7164045317186,2407.7075
2025-11-14,2025-11-15,SARIMA,XGBoost跨日边界,3279.8953723849136,2534.07,2544.814453125,2422.0646,2912.354912754957,2478.0673
2025-11-14,2025-11-15,SARIMA,历史跨日比例,3279.8953723849136,2534.07,3226.849519239511,2422.0646,3253.3724458122124,2478.0673
2025-11-14,2025-11-15,SARIMA,目标时刻上周同期,3279.8953723849136,2534.07,2716.9924,2422.0646,2998.443886192457,2478.0673
2025-11-15,2025-11-16,SARIMA,XGBoost跨日边界,4191.487850641927,3263.2,3384.135986328125,3463.6701,3787.811918485026,3363.43505
2025-11-15,2025-11-16,SARIMA,历史跨日比例,4191.487850641927,3263.2,4126.2122041936855,3463.6701,4158.850027417806,3363.43505
2025-11-15,2025-11-16,SARIMA,目标时刻上周同期,4191.487850641927,3263.2,3167.857,3463.6701,3679.6724253209636,3363.43505
2025-11-16,2025-11-17,SARIMA,XGBoost跨日边界,3388.913802889791,3665.39,3518.50830078125,3292.4654,3453.7110518355203,3478.9277
2025-11-16,2025-11-17,SARIMA,历史跨日比例,3388.913802889791,3665.39,3336.136949628217,3292.4654,3362.5253762590037,3478.9277
2025-11-16,2025-11-17,SARIMA,目标时刻上周同期,3388.913802889791,3665.39,3397.8294,3292.4654,3393.3716014448955,3478.9277
2025-11-17,2025-11-18,SARIMA,XGBoost跨日边界,3419.02184286836,3102.96,3494.195556640625,3495.3361,3456.6086997544926,3299.14805
2025-11-17,2025-11-18,SARIMA,历史跨日比例,3419.02184286836,3102.96,3365.7761055629994,3495.3361,3392.39897421568,3299.14805
2025-11-17,2025-11-18,SARIMA,目标时刻上周同期,3419.02184286836,3102.96,3457.6302,3495.3361,3438.32602143418,3299.14805
2025-11-18,2025-11-19,SARIMA,XGBoost跨日边界,3448.817797920019,3278.45,3374.57958984375,3398.5794,3411.6986938818845,3338.5146999999997
2025-11-18,2025-11-19,SARIMA,历史跨日比例,3448.817797920019,3278.45,3390.2565542021507,3398.5794,3419.537176061085,3338.5146999999997
2025-11-18,2025-11-19,SARIMA,目标时刻上周同期,3448.817797920019,3278.45,3381.7557,3398.5794,3415.2867489600094,3338.5146999999997
2025-11-19,2025-11-20,SARIMA,XGBoost跨日边界,3391.838423926831,3573.7,3375.187744140625,3451.4104,3383.513084033728,3512.5552
2025-11-19,2025-11-20,SARIMA,历史跨日比例,3391.838423926831,3573.7,3339.0160244211515,3451.4104,3365.4272241739914,3512.5552
2025-11-19,2025-11-20,SARIMA,目标时刻上周同期,3391.838423926831,3573.7,3397.4385,3451.4104,3394.6384619634155,3512.5552
2025-11-20,2025-11-21,SARIMA,XGBoost跨日边界,2506.4121523263398,2375.58,2473.092529296875,2367.6198,2489.7523408116076,2371.5999
2025-11-20,2025-11-21,SARIMA,历史跨日比例,2506.4121523263398,2375.58,2467.378835437738,2367.6198,2486.895493882039,2371.5999
2025-11-20,2025-11-21,SARIMA,目标时刻上周同期,2506.4121523263398,2375.58,2387.825,2367.6198,2447.1185761631696,2371.5999
2025-11-21,2025-11-22,SARIMA,XGBoost跨日边界,3325.3164458029055,2207.79,2499.98193359375,2513.7416,2912.649189698328,2360.7658
2025-11-21,2025-11-22,SARIMA,历史跨日比例,3325.3164458029055,2207.79,3268.852266413915,2513.7416,3297.0843561084102,2360.7658
2025-11-21,2025-11-22,SARIMA,目标时刻上周同期,3325.3164458029055,2207.79,2422.0646,2513.7416,2873.690522901453,2360.7658
2025-11-22,2025-11-23,SARIMA,XGBoost跨日边界,4162.871013025673,3314.17,3430.83935546875,3454.443,3796.8551842472116,3384.3065
2025-11-22,2025-11-23,SARIMA,历史跨日比例,4162.871013025673,3314.17,4115.761471960125,3454.443,4139.3162424929,3384.3065
2025-11-22,2025-11-23,SARIMA,目标时刻上周同期,4162.871013025673,3314.17,3463.6701,3454.443,3813.2705565128363,3384.3065
2025-11-23,2025-11-24,SARIMA,XGBoost跨日边界,3424.6761904258437,3501.22,3534.442626953125,3579.4616,3479.5594086894844,3540.3408
2025-11-23,2025-11-24,SARIMA,历史跨日比例,3424.6761904258437,3501.22,3408.231581546158,3579.4616,3416.453885986001,3540.3408
2025-11-23,2025-11-24,SARIMA,目标时刻上周同期,3424.6761904258437,3501.22,3292.4654,3579.4616,3358.570795212922,3540.3408
2025-11-24,2025-11-25,SARIMA,XGBoost跨日边界,3291.925865376076,3408.88,3500.88037109375,3335.9676,3396.403118234913,3372.4238
2025-11-24,2025-11-25,SARIMA,历史跨日比例,3291.925865376076,3408.88,3276.1186969587025,3335.9676,3284.0222811673893,3372.4238
2025-11-24,2025-11-25,SARIMA,目标时刻上周同期,3291.925865376076,3408.88,3495.3361,3335.9676,3393.630982688038,3372.4238
2025-11-25,2025-11-26,SARIMA,XGBoost跨日边界,3421.570870134345,3354.59,3373.329833984375,3232.8252,3397.45035205936,3293.7076
2025-11-25,2025-11-26,SARIMA,历史跨日比例,3421.570870134345,3354.59,3405.1411723805,3232.8252,3413.3560212574225,3293.7076
2025-11-25,2025-11-26,SARIMA,目标时刻上周同期,3421.570870134345,3354.59,3398.5794,3232.8252,3410.0751350671726,3293.7076
2025-11-26,2025-11-27,SARIMA,XGBoost跨日边界,3413.6089286873657,3513.5,3380.458984375,3300.0173,3397.033956531183,3406.7586499999998
2025-11-26,2025-11-27,SARIMA,历史跨日比例,3413.6089286873657,3513.5,3374.9784860182244,3300.0173,3394.293707352795,3406.7586499999998
2025-11-26,2025-11-27,SARIMA,目标时刻上周同期,3413.6089286873657,3513.5,3451.4104,3300.0173,3432.5096643436827,3406.7586499999998
2025-11-27,2025-11-28,SARIMA,XGBoost跨日边界,2426.6398535719713,2286.92,2486.39111328125,2358.9521,2456.5154834266104,2322.9360500000003
2025-11-27,2025-11-28,SARIMA,历史跨日比例,2426.6398535719713,2286.92,2399.178543943246,2358.9521,2412.9091987576085,2322.9360500000003
2025-11-27,2025-11-28,SARIMA,目标时刻上周同期,2426.6398535719713,2286.92,2367.6198,2358.9521,2397.1298267859856,2322.9360500000003
2025-11-28,2025-11-29,SARIMA,XGBoost跨日边界,3223.8151901161295,2575.09,2506.883544921875,2495.8762,2865.349367519002,2535.4831000000004
2025-11-28,2025-11-29,SARIMA,历史跨日比例,3223.8151901161295,2575.09,3169.0745113932303,2495.8762,3196.44485075468,2535.4831000000004
2025-11-28,2025-11-29,SARIMA,目标时刻上周同期,3223.8151901161295,2575.09,2513.7416,2495.8762,2868.7783950580647,2535.4831000000004
2025-11-29,2025-11-30,SARIMA,XGBoost跨日边界,4153.920357106718,3455.21,3319.541015625,3451.9161,3736.730686365859,3453.5630499999997
2025-11-29,2025-11-30,SARIMA,历史跨日比例,4153.920357106718,3455.21,4112.939257655269,3451.9161,4133.429807380993,3453.5630499999997
2025-11-29,2025-11-30,SARIMA,目标时刻上周同期,4153.920357106718,3455.21,3454.443,3451.9161,3804.1816785533592,3453.5630499999997
2025-11-30,2025-12-01,SARIMA,XGBoost跨日边界,3422.2800950294113,3542.73,3507.235107421875,3853.1437,3464.757601225643,3697.93685
2025-11-30,2025-12-01,SARIMA,历史跨日比例,3422.2800950294113,3542.73,3388.517097940367,3853.1437,3405.398596484889,3697.93685
2025-11-30,2025-12-01,SARIMA,目标时刻上周同期,3422.2800950294113,3542.73,3579.4616,3853.1437,3500.870847514706,3697.93685
2025-12-01,2025-12-02,SARIMA,XGBoost跨日边界,3304.1405170727503,3762.77,3485.508056640625,3647.0472,3394.8242868566876,3704.9085999999998
2025-12-01,2025-12-02,SARIMA,历史跨日比例,3304.1405170727503,3762.77,3271.543043002247,3647.0472,3287.8417800374987,3704.9085999999998
2025-12-01,2025-12-02,SARIMA,目标时刻上周同期,3304.1405170727503,3762.77,3335.9676,3647.0472,3320.054058536375,3704.9085999999998
2025-12-02,2025-12-03,SARIMA,XGBoost跨日边界,3411.6202103452265,3371.95,3370.873046875,3520.0258,3391.2466286101135,3445.9879
2025-12-02,2025-12-03,SARIMA,历史跨日比例,3411.6202103452265,3371.95,3377.9623798835673,3520.0258,3394.791295114397,3445.9879
2025-12-02,2025-12-03,SARIMA,目标时刻上周同期,3411.6202103452265,3371.95,3232.8252,3520.0258,3322.222705172613,3445.9879
2025-12-03,2025-12-04,SARIMA,XGBoost跨日边界,3420.5540522476813,3611.5,3370.74755859375,3677.5108,3395.6508054207156,3644.5054
2025-12-03,2025-12-04,SARIMA,历史跨日比例,3420.5540522476813,3611.5,3362.47272953338,3677.5108,3391.513390890531,3644.5054
2025-12-03,2025-12-04,SARIMA,目标时刻上周同期,3420.5540522476813,3611.5,3300.0173,3677.5108,3360.285676123841,3644.5054
2025-12-04,2025-12-05,SARIMA,XGBoost跨日边界,2354.6643747159555,2450.92,2462.136962890625,2446.3843,2408.4006688032905,2448.65215
2025-12-04,2025-12-05,SARIMA,历史跨日比例,2354.6643747159555,2450.92,2331.434094253325,2446.3843,2343.0492344846402,2448.65215
2025-12-04,2025-12-05,SARIMA,目标时刻上周同期,2354.6643747159555,2450.92,2358.9521,2446.3843,2356.8082373579778,2448.65215
2025-12-05,2025-12-06,SARIMA,XGBoost跨日边界,3285.9730840044267,2772.61,2520.576416015625,2772.0127,2903.274750010026,2772.31135
2025-12-05,2025-12-06,SARIMA,历史跨日比例,3285.9730840044267,2772.61,3253.554843360986,2772.0127,3269.763963682706,2772.31135
2025-12-05,2025-12-06,SARIMA,目标时刻上周同期,3285.9730840044267,2772.61,2495.8762,2772.0127,2890.9246420022137,2772.31135
2025-12-06,2025-12-07,SARIMA,XGBoost跨日边界,4182.5354238811315,3490.74,3494.337890625,3534.9738,3838.4366572530657,3512.8568999999998
2025-12-06,2025-12-07,SARIMA,历史跨日比例,4182.5354238811315,3490.74,4171.657786798369,3534.9738,4177.09660533975,3512.8568999999998
2025-12-06,2025-12-07,SARIMA,目标时刻上周同期,4182.5354238811315,3490.74,3451.9161,3534.9738,3817.2257619405655,3512.8568999999998
2025-12-07,2025-12-08,SARIMA,XGBoost跨日边界,3525.657835506641,3502.98,3629.1259765625,3411.0941,3577.3919060345706,3457.03705
2025-12-07,2025-12-08,SARIMA,历史跨日比例,3525.657835506641,3502.98,3516.4885583754376,3411.0941,3521.073196941039,3457.03705
2025-12-07,2025-12-08,SARIMA,目标时刻上周同期,3525.657835506641,3502.98,3853.1437,3411.0941,3689.4007677533205,3457.03705
2025-12-08,2025-12-09,SARIMA,XGBoost跨日边界,3434.050361724521,3470.38,3614.874267578125,3493.1053,3524.462314651323,3481.74265
2025-12-08,2025-12-09,SARIMA,历史跨日比例,3434.050361724521,3470.38,3429.2359515852486,3493.1053,3431.6431566548845,3481.74265
2025-12-08,2025-12-09,SARIMA,目标时刻上周同期,3434.050361724521,3470.38,3647.0472,3493.1053,3540.54878086226,3481.74265
2025-12-09,2025-12-10,SARIMA,XGBoost跨日边界,3405.870749983628,3389.92,3399.625,3482.16,3402.7478749918137,3436.04
2025-12-09,2025-12-10,SARIMA,历史跨日比例,3405.870749983628,3389.92,3401.0958466058164,3482.16,3403.483298294722,3436.04
2025-12-09,2025-12-10,SARIMA,目标时刻上周同期,3405.870749983628,3389.92,3520.0258,3482.16,3462.948274991814,3436.04
2025-12-10,2025-12-11,SARIMA,XGBoost跨日边界,3581.0246912069247,3714.23,3369.474609375,3848.8115,3475.2496502909626,3781.5207499999997
2025-12-10,2025-12-11,SARIMA,历史跨日比例,3581.0246912069247,3714.23,3576.0042285560294,3848.8115,3578.514459881477,3781.5207499999997
2025-12-10,2025-12-11,SARIMA,目标时刻上周同期,3581.0246912069247,3714.23,3677.5108,3848.8115,3629.2677456034626,3781.5207499999997
2025-12-11,2025-12-12,SARIMA,XGBoost跨日边界,2396.6207236962196,2433.78,2464.79248046875,2287.6078,2430.706602082485,2360.6939
2025-12-11,2025-12-12,SARIMA,历史跨日比例,2396.6207236962196,2433.78,2395.2202071310344,2287.6078,2395.920465413627,2360.6939
2025-12-11,2025-12-12,SARIMA,目标时刻上周同期,2396.6207236962196,2433.78,2446.3843,2287.6078,2421.50251184811,2360.6939
2025-12-12,2025-12-13,SARIMA,XGBoost跨日边界,3357.9565249163684,2687.78,2526.604736328125,2699.8904,2942.2806306222465,2693.8352000000004
2025-12-12,2025-12-13,SARIMA,历史跨日比例,3357.9565249163684,2687.78,3368.5893799385135,2699.8904,3363.272952427441,2693.8352000000004
2025-12-12,2025-12-13,SARIMA,目标时刻上周同期,3357.9565249163684,2687.78,2772.0127,2699.8904,3064.9846124581845,2693.8352000000004
2025-12-13,2025-12-14,SARIMA,XGBoost跨日边界,4256.113417705124,3530.51,3402.846435546875,3556.1474,3829.4799266259997,3543.3287
2025-12-13,2025-12-14,SARIMA,历史跨日比例,4256.113417705124,3530.51,4269.590255952574,3556.1474,4262.85183682885,3543.3287
2025-12-13,2025-12-14,SARIMA,目标时刻上周同期,4256.113417705124,3530.51,3534.9738,3556.1474,3895.543608852562,3543.3287
2025-12-14,2025-12-15,SARIMA,XGBoost跨日边界,3565.606729921965,3657.78,3505.465576171875,3435.7699,3535.53615304692,3546.77495
2025-12-14,2025-12-15,SARIMA,历史跨日比例,3565.606729921965,3657.78,3585.3139927327616,3435.7699,3575.460361327363,3546.77495
2025-12-14,2025-12-15,SARIMA,目标时刻上周同期,3565.606729921965,3657.78,3411.0941,3435.7699,3488.3504149609826,3546.77495
2025-12-15,2025-12-16,SARIMA,XGBoost跨日边界,3410.8446867790535,3375.46,3515.13671875,3434.511,3462.9907027645268,3404.9855
2025-12-15,2025-12-16,SARIMA,历史跨日比例,3410.8446867790535,3375.46,3429.696573075172,3434.511,3420.270629927113,3404.9855
2025-12-15,2025-12-16,SARIMA,目标时刻上周同期,3410.8446867790535,3375.46,3493.1053,3434.511,3451.974993389527,3404.9855
2025-12-16,2025-12-17,SARIMA,XGBoost跨日边界,3313.6049859220857,3615.65,3415.01806640625,3625.6262,3364.311526164168,3620.6381
2025-12-16,2025-12-17,SARIMA,历史跨日比例,3313.6049859220857,3615.65,3331.919424180441,3625.6262,3322.7622050512637,3620.6381
2025-12-16,2025-12-17,SARIMA,目标时刻上周同期,3313.6049859220857,3615.65,3482.16,3625.6262,3397.8824929610428,3620.6381
2025-12-17,2025-12-18,SARIMA,XGBoost跨日边界,3580.026416592259,3385.65,3399.955322265625,3339.3699,3489.990869428942,3362.50995
2025-12-17,2025-12-18,SARIMA,历史跨日比例,3580.026416592259,3385.65,3599.813377635751,3339.3699,3589.919897114005,3362.50995
2025-12-17,2025-12-18,SARIMA,目标时刻上周同期,3580.026416592259,3385.65,3848.8115,3339.3699,3714.4189582961294,3362.50995
2025-12-18,2025-12-19,SARIMA,XGBoost跨日边界,2359.76293142516,2446.27,2478.52099609375,2469.608,2419.141963759455,2457.9390000000003
2025-12-18,2025-12-19,SARIMA,历史跨日比例,2359.76293142516,2446.27,2368.3346497465363,2469.608,2364.048790585848,2457.9390000000003
2025-12-18,2025-12-19,SARIMA,目标时刻上周同期,2359.76293142516,2446.27,2287.6078,2469.608,2323.6853657125803,2457.9390000000003
2025-12-19,2025-12-20,SARIMA,XGBoost跨日边界,3324.890936783462,2566.67,2532.47607421875,2686.8269,2928.683505501106,2626.74845
2025-12-19,2025-12-20,SARIMA,历史跨日比例,3324.890936783462,2566.67,3336.968433289517,2686.8269,3330.92968503649,2626.74845
2025-12-19,2025-12-20,SARIMA,目标时刻上周同期,3324.890936783462,2566.67,2699.8904,2686.8269,3012.390668391731,2626.74845
2025-12-20,2025-12-21,SARIMA,XGBoost跨日边界,4238.095120353459,3373.27,3299.39697265625,3576.1063,3768.7460465048543,3474.68815
2025-12-20,2025-12-21,SARIMA,历史跨日比例,4238.095120353459,3373.27,4261.519255621396,3576.1063,4249.807187987428,3474.68815
2025-12-20,2025-12-21,SARIMA,目标时刻上周同期,4238.095120353459,3373.27,3556.1474,3576.1063,3897.1212601767293,3474.68815
2025-12-21,2025-12-22,SARIMA,XGBoost跨日边界,3509.7115594594725,3464.4,3475.63427734375,3745.3962,3492.6729184016112,3604.8981000000003
2025-12-21,2025-12-22,SARIMA,历史跨日比例,3509.7115594594725,3464.4,3529.1098872424895,3745.3962,3519.4107233509812,3604.8981000000003
2025-12-21,2025-12-22,SARIMA,目标时刻上周同期,3509.7115594594725,3464.4,3435.7699,3745.3962,3472.740729729736,3604.8981000000003
2025-12-22,2025-12-23,SARIMA,XGBoost跨日边界,3431.1898573492854,3548.01,3498.51611328125,3450.6501,3464.8529853152677,3499.33005
2025-12-22,2025-12-23,SARIMA,历史跨日比例,3431.1898573492854,3548.01,3450.154192284227,3450.6501,3440.672024816756,3499.33005
2025-12-22,2025-12-23,SARIMA,目标时刻上周同期,3431.1898573492854,3548.01,3434.511,3450.6501,3432.850428674643,3499.33005
2025-12-23,2025-12-24,SARIMA,XGBoost跨日边界,3349.9689137829864,3579.47,3431.352294921875,3784.6124,3390.6606043524307,3682.0411999999997
2025-12-23,2025-12-24,SARIMA,历史跨日比例,3349.9689137829864,3579.47,3368.484337045429,3784.6124,3359.226625414208,3682.0411999999997
2025-12-23,2025-12-24,SARIMA,目标时刻上周同期,3349.9689137829864,3579.47,3625.6262,3784.6124,3487.7975568914935,3682.0411999999997
2025-12-24,2025-12-25,SARIMA,XGBoost跨日边界,3484.2638425620207,3573.24,3405.70068359375,3536.5305,3444.9822630778854,3554.88525
2025-12-24,2025-12-25,SARIMA,历史跨日比例,3484.2638425620207,3573.24,3503.52151971169,3536.5305,3493.8926811368556,3554.88525
2025-12-24,2025-12-25,SARIMA,目标时刻上周同期,3484.2638425620207,3573.24,3339.3699,3536.5305,3411.81687128101,3554.88525
2025-12-25,2025-12-26,SARIMA,XGBoost跨日边界,2351.5887006972057,2360.89,2511.880859375,2470.813,2431.734780036103,2415.8514999999998
2025-12-25,2025-12-26,SARIMA,历史跨日比例,2351.5887006972057,2360.89,2367.8264572526905,2470.813,2359.707578974948,2415.8514999999998
2025-12-25,2025-12-26,SARIMA,目标时刻上周同期,2351.5887006972057,2360.89,2469.608,2470.813,2410.598350348603,2415.8514999999998
2025-12-26,2025-12-27,SARIMA,XGBoost跨日边界,3365.4286349741146,2530.45,2627.781005859375,2338.1942,2996.6048204167446,2434.3221
2025-12-26,2025-12-27,SARIMA,历史跨日比例,3365.4286349741146,2530.45,3388.666972045289,2338.1942,3377.047803509702,2434.3221
2025-12-26,2025-12-27,SARIMA,目标时刻上周同期,3365.4286349741146,2530.45,2686.8269,2338.1942,3026.127767487057,2434.3221
2025-12-27,2025-12-28,SARIMA,XGBoost跨日边界,4174.87880411233,3378.26,3527.248291015625,3784.9516,3851.0635475639774,3581.6058000000003
2025-12-27,2025-12-28,SARIMA,历史跨日比例,4174.87880411233,3378.26,4203.706407191784,3784.9516,4189.292605652057,3581.6058000000003
2025-12-27,2025-12-28,SARIMA,目标时刻上周同期,4174.87880411233,3378.26,3576.1063,3784.9516,3875.4925520561646,3581.6058000000003
2025-12-28,2025-12-29,SARIMA,XGBoost跨日边界,3446.2898413549638,3439.02,3551.2197265625,3478.8245,3498.754783958732,3458.92225
2025-12-28,2025-12-29,SARIMA,历史跨日比例,3446.2898413549638,3439.02,3470.0865263139326,3478.8245,3458.188183834448,3458.92225
2025-12-28,2025-12-29,SARIMA,目标时刻上周同期,3446.2898413549638,3439.02,3745.3962,3478.8245,3595.843020677482,3458.92225
2025-12-29,2025-12-30,SARIMA,XGBoost跨日边界,3420.5683534682234,3690.04,3616.94921875,3557.4277,3518.7587861091115,3623.73385
2025-12-29,2025-12-30,SARIMA,历史跨日比例,3420.5683534682234,3690.04,3449.3043929508726,3557.4277,3434.936373209548,3623.73385
2025-12-29,2025-12-30,SARIMA,目标时刻上周同期,3420.5683534682234,3690.04,3450.6501,3557.4277,3435.609226734112,3623.73385
2025-12-30,2025-12-31,SARIMA,XGBoost跨日边界,3344.282476740084,3403.37,3437.7119140625,3657.9857,3390.9971954012917,3530.67785
2025-12-30,2025-12-31,SARIMA,历史跨日比例,3344.282476740084,3403.37,3372.37764203485,3657.9857,3358.330059387467,3530.67785
2025-12-30,2025-12-31,SARIMA,目标时刻上周同期,3344.282476740084,3403.37,3784.6124,3657.9857,3564.4474383700417,3530.67785
