日期,发布时间,选择方法,选择依据历史天数,选择前历史MAE_A_kW,选择前历史MAE_B_kW,选择前历史MAE_C_kW
2025-02-01,0,B_历史形状,24,136.70172085262348,134.0992364679784,136.70172085262348
2025-02-01,6,B_历史形状,24,115.89009378215019,109.48730766460905,115.89009378215019
2025-02-01,12,B_历史形状,24,48.47896666666666,44.557065427276235,64.77265860026108
2025-02-01,18,B_历史形状,24,0.0038179398148148152,0.0036785879629629634,0.0038179398148148152
2025-02-02,0,B_历史形状,25,136.47267664351853,133.90716287731482,136.47267664351853
2025-02-02,6,B_历史形状,25,117.7543585493827,111.92700667901235,117.7543585493827
2025-02-02,12,B_历史形状,25,48.37333669444443,44.482045166666666,66.18954794266803
2025-02-02,18,B_历史形状,25,0.004020555555555556,0.0038138888888888892,0.004020555555555556
2025-02-03,0,B_历史形状,26,135.88846230858263,132.91030788595089,135.88846230858263
2025-02-03,6,B_历史形状,26,116.60928434235517,110.75509102564102,116.60928434235517
2025-02-03,12,B_历史形状,26,49.2242893696581,44.966553743767804,66.94431290402265
2025-02-03,18,B_历史形状,26,0.00416121794871795,0.003873023504273505,0.00416121794871795
2025-02-04,0,B_历史形状,27,136.62562083762006,133.2096708161866,136.62562083762006
2025-02-04,6,B_历史形状,27,115.63402061042524,109.63853194158665,115.63402061042524
2025-02-04,12,B_历史形状,27,49.199625900205746,45.19496637088477,66.21506421468972
2025-02-04,18,B_历史形状,27,0.004217901234567902,0.0038340020576131694,0.004217901234567902
2025-02-05,0,B_历史形状,28,137.69669839616404,134.075095333168,137.69669839616404
2025-02-05,6,B_历史形状,28,115.3652353505291,108.85272228284832,115.3652353505291
2025-02-05,12,B_历史形状,28,49.49799599867724,45.619054439484124,66.79198200590137
2025-02-05,18,B_历史形状,28,0.004155853174603175,0.003725992063492064,0.004155853174603175
2025-02-06,0,B_历史形状,28,131.09744429150132,127.73806695395176,131.09744429150132
2025-02-06,6,B_历史形状,28,117.04252153880073,109.66942084711198,117.04252153880073
2025-02-06,12,B_历史形状,28,50.76622237929894,46.533207754629636,67.95140662442152
2025-02-06,18,B_历史形状,28,0.004186210317460317,0.003785367063492064,0.004186210317460317
2025-02-07,0,B_历史形状,28,137.31714934275794,133.28122772404103,137.31714934275794
2025-02-07,6,B_历史形状,28,119.69738913690476,111.62213492614639,119.69738913690476
2025-02-07,12,B_历史形状,28,50.90705435681217,46.59854385333994,69.05366025506657
2025-02-07,18,B_历史形状,28,0.00418343253968254,0.00388968253968254,0.00418343253968254
2025-02-08,0,B_历史形状,28,137.49725870535715,133.3574539661872,137.49725870535715
2025-02-08,6,B_历史形状,28,123.49505331790122,114.30582981150793,123.49505331790122
2025-02-08,12,B_历史形状,28,50.89977161044972,45.91029080274471,69.09345234900816
2025-02-08,18,B_历史形状,28,0.004225198412698413,0.00399389880952381,0.004225198412698413
2025-02-09,0,B_历史形状,28,139.89184741236775,135.88490215153772,139.89184741236775
2025-02-09,6,B_历史形状,28,122.59175370370369,113.11644732142858,122.59175370370369
2025-02-09,12,B_历史形状,28,51.34849595734126,45.57790508845899,69.72237735071255
2025-02-09,18,B_历史形状,28,0.004299007936507936,0.004095585317460318,0.004299007936507936
2025-02-10,0,B_历史形状,28,141.2162885499339,137.11799346684856,141.2162885499339
2025-02-10,6,B_历史形状,28,122.22658601190473,112.36278505291004,122.22658601190473
2025-02-10,12,B_历史形状,28,53.12722904265871,47.01082037037037,67.35808198996362
2025-02-10,18,B_历史形状,28,0.004415178571428571,0.004195982142857143,0.004415178571428571
2025-02-11,0,B_历史形状,28,140.87084195601855,136.41064389260916,140.87084195601855
2025-02-11,6,B_历史形状,28,120.86668510802467,111.7819453648589,120.86668510802467
2025-02-11,12,B_历史形状,28,53.55524699900791,47.131781588955015,65.71946424060874
2025-02-11,18,B_历史形状,28,0.004568749999999999,0.004336656746031746,0.004568749999999999
2025-02-12,0,B_历史形状,28,146.04061149966932,141.64849783812832,146.04061149966932
2025-02-12,6,B_历史形状,28,121.56574895282185,112.88053070160933,121.56574895282185
2025-02-12,12,B_历史形状,28,53.13515414186507,46.921518783068784,65.44694811876522
2025-02-12,18,B_历史形状,28,0.004747222222222222,0.004506299603174603,0.004747222222222222
2025-02-13,0,B_历史形状,28,145.10904181134262,140.18672060391864,145.10904181134262
2025-02-13,6,B_历史形状,28,121.69056462742503,113.16143343253967,121.69056462742503
2025-02-13,12,B_历史形状,28,53.85689335317459,47.46723679315476,65.65787189309783
2025-02-13,18,B_历史形状,28,0.004949107142857142,0.004708184523809525,0.004949107142857142
2025-02-14,0,B_历史形状,28,145.88361376488098,140.21450420180224,145.88361376488098
2025-02-14,6,B_历史形状,28,123.21581625881834,114.630337078373,123.21581625881834
2025-02-14,12,B_历史形状,28,54.04540464616401,47.28143118386243,66.50251978061685
2025-02-14,18,B_历史形状,28,0.005222222222222223,0.004981299603174603,0.005222222222222223
2025-02-15,0,B_历史形状,28,149.8850693369709,143.78653655960647,149.8850693369709
2025-02-15,6,B_历史形状,28,123.19887006172839,113.95685949900792,123.19887006172839
2025-02-15,12,B_历史形状,28,55.255978406084644,47.927964021164016,67.44423573579637
2025-02-15,18,B_历史形状,28,0.0054699404761904755,0.005229017857142857,0.0054699404761904755
2025-02-16,0,B_历史形状,28,151.09203153521827,144.84764857184194,151.09203153521827
2025-02-16,6,B_历史形状,28,121.46786868386242,112.65964523258377,121.46786868386242
2025-02-16,12,B_历史形状,28,55.1751880704365,47.880295490244706,65.20132029590587
2025-02-16,18,B_历史形状,28,0.00575,0.00550907738095238,0.00575
2025-02-17,0,B_历史形状,28,152.90524713128306,145.82208295097556,152.90524713128306
2025-02-17,6,B_历史形状,28,122.91342528108464,113.77296739142415,122.91342528108464
2025-02-17,12,B_历史形状,28,56.844320659722214,49.56809350611771,66.98197041435903
2025-02-17,18,B_历史形状,28,0.0060428571428571415,0.0058019345238095234,0.0060428571428571415
2025-02-18,0,B_历史形状,28,161.3049650462963,153.25520403025794,161.3049650462963
2025-02-18,6,B_历史形状,28,123.1708201664462,113.11183758818343,123.1708201664462
2025-02-18,12,B_历史形状,28,58.14781300429894,51.02019267113095,68.60090615672271
2025-02-18,18,B_历史形状,28,0.006392757936507935,0.006151835317460316,0.006392757936507935
2025-02-19,0,B_历史形状,28,163.32823811177246,155.70745543774802,163.32823811177246
2025-02-19,6,B_历史形状,28,124.24083261684302,114.06218169642857,124.24083261684302
2025-02-19,12,B_历史形状,28,58.796176860119054,51.25498735945767,71.12350200767756
2025-02-19,18,B_历史形状,28,0.006789583333333332,0.0065486607142857135,0.006789583333333332
2025-02-20,0,B_历史形状,28,163.70430294312172,156.2455404141865,163.70430294312172
2025-02-20,6,B_历史形状,28,125.01576708553792,115.13738320105823,125.01576708553792
2025-02-20,12,B_历史形状,28,59.21617633101852,51.472278563161375,73.20270441901815
2025-02-20,18,B_历史形状,28,0.007196130952380952,0.006955208333333332,0.007196130952380952
2025-02-21,0,B_历史形状,28,164.00408268435845,155.60166004670967,164.00408268435845
2025-02-21,6,B_历史形状,28,126.04824058090828,115.46984042658731,126.04824058090828
2025-02-21,12,B_历史形状,28,60.13976235945768,51.830108792162704,73.17713166364824
2025-02-21,18,B_历史形状,28,0.0074095238095238086,0.00716374007936508,0.0074095238095238086
2025-02-22,0,B_历史形状,28,167.55312569031085,158.62098741939488,167.55312569031085
2025-02-22,6,B_历史形状,28,128.7684991291887,117.03938530643741,128.7684991291887
2025-02-22,12,B_历史形状,28,60.559780439814816,51.69036352926588,74.2676786908702
2025-02-22,18,B_历史形状,28,0.007461210317460317,0.007184523809523809,0.007461210317460317
2025-02-23,0,B_历史形状,28,167.51823261408728,158.14272611813823,167.51823261408728
2025-02-23,6,B_历史形状,28,126.47362851631394,114.79506044973543,126.47362851631394
2025-02-23,12,B_历史形状,28,61.055243592923276,52.284939587466944,72.39888012424322
2025-02-23,18,B_历史形状,28,0.007376190476190475,0.007037549603174603,0.007376190476190475
2025-02-24,0,B_历史形状,28,164.6023832919973,155.25752429108795,164.6023832919973
2025-02-24,6,B_历史形状,28,129.46339050925928,117.59273955302028,129.46339050925928
2025-02-24,12,B_历史形状,28,62.64960149636243,53.65920433201059,73.91967392035565
2025-02-24,18,B_历史形状,28,0.0071534722222222225,0.0068989583333333325,0.0071534722222222225
2025-02-25,0,B_历史形状,28,165.75662641369044,156.33735048569778,165.75662641369044
2025-02-25,6,B_历史形状,28,132.99457080026457,120.43495608741182,132.99457080026457
2025-02-25,12,B_历史形状,28,63.427559499007934,53.89616306216932,77.27028627789221
2025-02-25,18,B_历史形状,28,0.007368948412698413,0.007125744047619048,0.007368948412698413
2025-02-26,0,B_历史形状,28,171.9071746982474,162.2348799231151,171.9071746982474
2025-02-26,6,B_历史形状,28,139.5460628692681,126.61289767691801,139.5460628692681
2025-02-26,12,B_历史形状,28,63.49210280257936,54.05876436011905,77.69859852345802
2025-02-26,18,B_历史形状,28,0.007859623015873016,0.007629315476190475,0.007859623015873016
2025-02-27,0,B_历史形状,28,172.17680167410717,162.41854142485118,172.17680167410717
2025-02-27,6,B_历史形状,28,137.27532653218697,124.56462300760585,137.27532653218697
2025-02-27,12,B_历史形状,28,63.063946370701046,52.60251015211641,73.49639328574061
2025-02-27,18,B_历史形状,28,0.008963492063492064,0.008754315476190476,0.008963492063492064
2025-02-28,0,B_历史形状,28,170.32196173528442,160.30960694651122,170.32196173528442
2025-02-28,6,B_历史形状,28,136.00835132275137,123.1843834490741,136.00835132275137
2025-02-28,12,B_历史形状,28,61.48593633432539,50.955625421627,72.48931913283998
2025-02-28,18,B_历史形状,28,0.01010109126984127,0.009932242063492063,0.01010109126984127
2025-03-01,0,B_历史形状,28,170.0017338169643,159.7437189876819,170.0017338169643
2025-03-01,6,B_历史形状,28,137.6080185846561,124.53199284336425,137.6080185846561
2025-03-01,12,B_历史形状,28,61.585822164351846,51.21172779431219,75.04803710043579
2025-03-01,18,B_历史形状,28,0.012000992063492064,0.011889682539682537,0.012000992063492064
2025-03-02,0,B_历史形状,28,174.74971459986773,163.8203818059689,174.74971459986773
2025-03-02,6,B_历史形状,28,138.7837921957672,125.32455163139333,138.7837921957672
2025-03-02,12,B_历史形状,28,61.931092567791,50.916349636243396,76.42207354597622
2025-03-02,18,B_历史形状,28,0.014039682539682541,0.01399345238095238,0.014039682539682541
2025-03-03,0,B_历史形状,28,175.1948344246032,164.41277982184192,175.1948344246032
2025-03-03,6,B_历史形状,28,139.66940373126104,125.77938027447092,139.66940373126104
2025-03-03,12,B_历史形状,28,61.753756018518516,51.415566294642865,76.28570689741444
2025-03-03,18,A_线性插值,28,0.01641746031746032,0.016454315476190477,0.01641746031746032
2025-03-04,0,B_历史形状,28,178.0548820560516,166.8269455625827,178.0548820560516
2025-03-04,6,B_历史形状,28,141.39164937169315,128.10412726245593,141.39164937169315
2025-03-04,12,B_历史形状,28,61.470318022486765,50.892964074900796,76.89017123818932
2025-03-04,18,A_线性插值,28,0.01959831349206349,0.019737748015873018,0.01959831349206349
2025-03-05,0,B_历史形状,28,177.4126748305225,166.7705675760582,177.4126748305225
2025-03-05,6,B_历史形状,28,142.50966081900356,129.70791620370375,142.50966081900356
2025-03-05,12,B_历史形状,28,62.14414893353173,51.61391480654763,77.1545400990083
2025-03-05,18,A_线性插值,28,0.023012301587301588,0.02321140873015873,0.023012301587301588
2025-03-06,0,B_历史形状,28,180.70664145171958,169.2088341807209,180.70664145171958
2025-03-06,6,B_历史形状,28,142.92402077270725,130.39842049437834,142.92402077270725
2025-03-06,12,B_历史形状,28,63.57993735119047,53.504003203538375,79.50151704276664
2025-03-06,18,A_线性插值,28,0.027293849206349204,0.02747485119047619,0.027293849206349204
2025-03-07,0,B_历史形状,28,175.54947206101187,164.34944654017858,175.54947206101187
2025-03-07,6,B_历史形状,28,141.51831195987657,129.47755814043214,141.51831195987657
2025-03-07,12,B_历史形状,28,63.35768899636243,52.74190338955028,78.90190052049051
2025-03-07,18,A_线性插值,28,0.03204007936507937,0.03211329365079365,0.03204007936507937
2025-03-08,0,B_历史形状,28,175.25653277943118,164.12416084242727,175.25653277943118
2025-03-08,6,B_历史形状,28,137.7321738425926,126.30591464120373,137.7321738425926
2025-03-08,12,B_历史形状,28,63.68959322916667,53.55927878637568,79.97398376801007
2025-03-08,18,A_线性插值,28,0.03643402777777778,0.03644181547619048,0.03643402777777778
2025-03-09,0,B_历史形状,28,174.18331584821425,162.55089934895832,174.18331584821425
2025-03-09,6,B_历史形状,28,138.49372881944447,127.2906542796517,138.49372881944447
2025-03-09,12,B_历史形状,28,63.58921728670635,53.52291137979499,79.7442030334133
2025-03-09,18,B_历史形状,28,0.04050069444444444,0.04047251984126984,0.04050069444444444
2025-03-10,0,B_历史形状,28,179.60033195684522,167.5729571903935,179.60033195684522
2025-03-10,6,B_历史形状,28,138.3957181878307,127.86175526895946,138.3957181878307
2025-03-10,12,B_历史形状,28,63.02331474867725,53.147799557705056,80.28961635648014
2025-03-10,18,B_历史形状,28,0.043634424603174606,0.04360625,0.043634424603174606
2025-03-11,0,B_历史形状,28,177.6915922825727,166.35886205563824,177.6915922825727
2025-03-11,6,B_历史形状,28,136.40296453373017,125.49424975198417,136.40296453373017
2025-03-11,12,B_历史形状,28,63.79760185185186,54.46521441385584,80.78162902995241
2025-03-11,18,B_历史形状,28,0.04517460317460318,0.044906746031746034,0.04517460317460318
2025-03-12,0,B_历史形状,28,179.9339900338955,169.06782215815147,179.9339900338955
2025-03-12,6,B_历史形状,28,137.45297496693124,126.26023966600532,137.45297496693124
2025-03-12,12,B_历史形状,28,65.55641873346562,56.25843206018521,82.0499086739183
2025-03-12,18,A_线性插值,28,0.044990972222222224,0.04535952380952381,0.044990972222222224
2025-03-13,0,B_历史形状,28,182.7531208498677,171.93098102885253,182.7531208498677
2025-03-13,6,B_历史形状,28,141.24911771935626,129.8050675650353,141.24911771935626
2025-03-13,12,B_历史形状,28,65.00908655753969,55.725491302910065,81.66636375593886
2025-03-13,18,A_线性插值,28,0.045505357142857146,0.04587390873015873,0.045505357142857146
2025-03-14,0,B_历史形状,28,183.38188690889547,172.66825497271824,183.38188690889547
2025-03-14,6,B_历史形状,28,140.49611197089948,128.69353446869493,140.49611197089948
2025-03-14,12,B_历史形状,28,65.00060666335979,55.91028111359129,80.6736789723649
2025-03-14,18,A_线性插值,28,0.046425992063492065,0.04679454365079365,0.046425992063492065
2025-03-15,0,B_历史形状,28,180.3572514674272,170.09405077504962,180.3572514674272
2025-03-15,6,B_历史形状,28,144.8951214395944,133.75401579309968,144.8951214395944
2025-03-15,12,B_历史形状,28,64.88870603505292,56.40223600777118,83.9545144338816
2025-03-15,18,A_线性插值,28,0.04832757936507937,0.04869613095238095,0.04832757936507937
2025-03-16,0,B_历史形状,28,177.56495132275128,167.62751535631614,177.56495132275128
2025-03-16,6,B_历史形状,28,150.47785667438276,138.92573596230164,150.47785667438276
2025-03-16,12,B_历史形状,28,66.53027538855821,57.954761512070135,85.1407746136973
2025-03-16,18,A_线性插值,28,0.05066319444444444,0.051031746031746025,0.05066319444444444
2025-03-17,0,B_历史形状,28,176.6884829571759,167.14482155877977,176.6884829571759
2025-03-17,6,B_历史形状,28,153.17941630842157,141.55437538304676,153.17941630842157
2025-03-17,12,B_历史形状,28,66.11689347718254,57.3661102058532,84.58555812595583
2025-03-17,18,A_线性插值,28,0.05316607142857143,0.053534623015873015,0.05316607142857143
2025-03-18,0,B_历史形状,28,171.43450159143518,161.74921986400463,171.43450159143518
2025-03-18,6,B_历史形状,28,157.75238802910056,146.72084060295418,157.75238802910056
2025-03-18,12,B_历史形状,28,65.01714123677249,56.38137611607145,84.02906261319251
2025-03-18,18,A_线性插值,28,0.0571484126984127,0.05751696428571428,0.0571484126984127
2025-03-19,0,B_历史形状,28,176.16870400132277,166.14299719535384,176.16870400132277
2025-03-19,6,B_历史形状,28,157.81232745260144,146.6859167879189,157.81232745260144
2025-03-19,12,B_历史形状,28,64.87556976686508,56.27277470238097,82.20345898026176
2025-03-19,18,A_线性插值,28,0.06043065476190477,0.060799206349206346,0.06043065476190477
2025-03-20,0,B_历史形状,28,180.11502979497354,170.9217749958664,180.11502979497354
2025-03-20,6,B_历史形状,28,160.39162222773368,150.06848442735895,160.39162222773368
2025-03-20,12,B_历史形状,28,67.11079876818783,58.74927934854499,85.57674139699292
2025-03-20,18,A_线性插值,28,0.06606984126984128,0.06643839285714286,0.06606984126984128
2025-03-21,0,B_历史形状,28,184.47099835069443,176.11736541005288,184.47099835069443
2025-03-21,6,B_历史形状,28,165.46413643077602,155.94958514109354,165.46413643077602
2025-03-21,12,B_历史形状,28,67.74583913690478,60.33710630373679,85.61727410657831
2025-03-21,18,A_线性插值,28,0.07164871031746033,0.07202212301587303,0.07164871031746033
2025-03-22,0,B_历史形状,28,189.0128089988426,180.88880094039354,189.0128089988426
2025-03-22,6,B_历史形状,28,163.1432072585979,155.12255692515436,163.1432072585979
2025-03-22,12,B_历史形状,28,67.77869947916669,61.31309277447092,85.29718882258551
2025-03-22,18,A_线性插值,28,0.07780863095238097,0.07821294642857143,0.07780863095238097
2025-03-23,0,B_历史形状,28,189.94316652612434,182.45914725322424,189.94316652612434
2025-03-23,6,B_历史形状,28,166.48928993055557,159.57088694334217,166.48928993055557
2025-03-23,12,B_历史形状,28,68.84417024636245,62.589356175595256,86.43847011740549
2025-03-23,18,A_线性插值,28,0.08550823412698415,0.08597936507936509,0.08550823412698415
2025-03-24,0,B_历史形状,28,194.42278622685185,187.15600164103836,194.42278622685185
2025-03-24,6,B_历史形状,28,166.064476151896,159.52320498787478,166.07132201545974
2025-03-24,12,B_历史形状,28,67.95675524140213,61.72062583085319,85.37818996932414
2025-03-24,18,A_线性插值,28,0.11149786706349207,0.1125356646825397,0.35619478999810716
2025-03-25,0,B_历史形状,28,192.50259258432538,185.22303095651458,192.50259258432538
2025-03-25,6,B_历史形状,28,163.31690694995592,157.8191096230159,163.29169784391084
2025-03-25,12,B_历史形状,28,69.17631963458994,63.64454313409393,83.84109678532643
2025-03-25,18,A_线性插值,28,0.17679196428571428,0.17847083333333336,0.8519947665743935
2025-03-26,0,B_历史形状,28,193.4309989624669,186.71354937375992,193.4309989624669
2025-03-26,6,B_历史形状,28,160.2550579034392,156.16666142250887,160.21427801391005
2025-03-26,12,B_历史形状,28,69.01779126157409,64.26507800512567,82.26640913968431
2025-03-26,18,A_线性插值,28,0.28235545634920634,0.28443685515873013,0.8542195681616952
2025-03-27,0,B_历史形状,28,196.21994164599866,189.8829176380622,196.21994164599866
2025-03-27,6,B_历史形状,28,160.9250489693563,157.16193888613319,160.88432775632296
2025-03-27,12,B_历史形状,28,69.60886201223546,65.86916367394181,83.0888510852729
2025-03-27,18,A_线性插值,28,0.447045386904762,0.44912499999999994,1.3013250956419118
2025-03-28,0,B_历史形状,28,198.52526327298276,192.37054800347224,198.52526327298276
2025-03-28,6,B_历史形状,28,163.860059981261,160.99207791556438,163.70245444868652
2025-03-28,12,B_历史形状,28,70.33138469742063,67.48264856564154,83.70494533608483
2025-03-28,18,A_线性插值,28,0.6490835317460318,0.6511631448412699,1.3070546026789966
2025-03-29,0,B_历史形状,28,203.64937225529096,197.80130364996694,203.64937225529096
2025-03-29,6,B_历史形状,28,161.9178626377866,160.3429420221561,161.7342675419564
2025-03-29,12,B_历史形状,28,69.4170197337963,67.1895046750992,80.95803007639746
2025-03-29,18,A_线性插值,28,0.9050643353174603,0.9071439484126984,1.635635201965238
2025-03-30,0,B_历史形状,28,200.23021249999996,195.10632697172622,200.23021249999996
2025-03-30,6,B_历史形状,28,158.25867010582007,157.3087232280644,158.17595333447125
2025-03-30,12,B_历史形状,28,69.55623177083334,67.8123990120701,78.01812016279675
2025-03-30,18,A_线性插值,28,1.2080630952380953,1.2101427083333332,1.8465693143493238
2025-03-31,0,B_历史形状,28,206.64279167493387,201.55381284308868,206.64279167493387
2025-03-31,6,C_残差同化,28,157.363904039903,157.2700277943122,157.23200838469432
2025-03-31,12,B_历史形状,28,71.10591125165344,69.17882461144181,78.4418676312819
2025-03-31,18,A_线性插值,28,1.549756398809524,1.5518360119047618,1.8499174720231846
2025-04-01,0,B_历史形状,28,205.6965292906746,202.07994720775469,205.6965292906746
2025-04-01,6,A_线性插值,28,159.1950278769841,159.2067169863316,159.219528889571
2025-04-01,12,B_历史形状,28,72.53608745866403,71.00483223379631,79.03933830423168
2025-04-01,18,C_残差同化,28,1.8948266865079366,1.896906299603175,1.8573465743599775
2025-04-02,0,B_历史形状,28,210.23688630952375,206.145535588211,210.23688630952375
2025-04-02,6,B_历史形状,28,160.68661667217813,160.3221869460979,160.78067432242185
2025-04-02,12,B_历史形状,28,72.14920357969577,70.32684181134262,78.172816497676
2025-04-02,18,C_残差同化,28,2.314572867063492,2.31665248015873,2.0616451857950233
2025-04-03,0,B_历史形状,28,208.23960848627644,204.9410309606482,208.23960848627644
2025-04-03,6,B_历史形状,28,162.13631835868605,161.84219901620372,162.59070429619456
2025-04-03,12,B_历史形状,28,71.59725305886244,69.2603123181217,76.57005116611613
2025-04-03,18,C_残差同化,28,2.8249095238095236,2.826989136904762,2.1379118191088606
2025-04-04,0,B_历史形状,28,214.9074631820436,211.49272645295966,214.9074631820436
2025-04-04,6,B_历史形状,28,161.33244710097003,160.9780473820547,162.08797879739853
2025-04-04,12,B_历史形状,28,72.37233781415344,70.4296599867725,75.95031343107243
2025-04-04,18,C_残差同化,28,3.361537896825397,3.3636175099206347,3.0566639907769018
2025-04-05,0,B_历史形状,28,211.3472384589947,208.34253563161377,211.3472384589947
2025-04-05,6,A_线性插值,28,162.19242248126102,162.33357746913583,162.68855049565445
2025-04-05,12,B_历史形状,28,72.64974222883596,70.6315012276786,77.9923438815528
2025-04-05,18,C_残差同化,28,4.008971527777778,4.011051140873016,4.000407488502165
2025-04-06,0,B_历史形状,28,214.77662714120373,211.81726899801586,214.77662714120373
2025-04-06,6,A_线性插值,28,164.34186450066136,165.22507752425045,165.04624269601484
2025-04-06,12,B_历史形状,28,75.59106969246032,74.1174283564815,80.56169350153367
2025-04-06,18,C_残差同化,28,4.632712103174604,4.634791716269842,4.090797460721626
2025-04-07,0,B_历史形状,28,212.12085099619708,209.3683222842262,212.12085099619708
2025-04-07,6,A_线性插值,28,162.3351557484568,163.68672531139768,163.44477689444366
2025-04-07,12,B_历史形状,28,76.10385767195764,75.2400744088955,80.96742485164658
2025-04-07,18,C_残差同化,28,5.29392931547619,5.2830252232142865,5.024493186202867
2025-04-08,0,B_历史形状,28,217.57019998759918,214.85056365740743,217.57019998759918
2025-04-08,6,A_线性插值,28,161.45359554673723,163.0984830660273,162.74547920919252
2025-04-08,12,B_历史形状,28,75.52952286706349,74.96987114748677,80.53976264573988
2025-04-08,18,C_残差同化,28,5.987492509920635,5.930970163690476,5.5351979928241155
2025-04-09,0,B_历史形状,28,217.45861495949072,214.0647349309689,217.45861495949072
2025-04-09,6,A_线性插值,28,160.85900151565258,162.48611394675922,162.42055074750706
2025-04-09,12,B_历史形状,28,75.213480067791,74.91925951967595,80.40729681448411
2025-04-09,18,C_残差同化,28,6.683579365079366,6.540367956349207,6.116788634838171
2025-04-10,0,B_历史形状,28,216.18676057787698,213.27215421213623,216.18676057787698
2025-04-10,6,A_线性插值,28,157.84170602954143,159.79178051973105,159.73695494148427
2025-04-10,12,B_历史形状,28,77.18670206679893,76.69007393353176,83.13881234320154
2025-04-10,18,C_残差同化,28,7.518709771825397,7.239269072420634,6.923653727403287
2025-04-11,0,B_历史形状,28,216.67607625661373,213.9852738033234,216.67607625661373
2025-04-11,6,A_线性插值,28,164.03086296847442,165.9224109705688,166.1091704910541
2025-04-11,12,B_历史形状,28,77.96314017030423,77.49975083912038,85.84168884817022
2025-04-11,18,C_残差同化,28,8.293078075396826,7.828820163690475,7.36383175752448
2025-04-12,0,B_历史形状,28,221.48346536044974,219.0243243634259,221.48346536044974
2025-04-12,6,A_线性插值,28,161.35515381944444,163.47200208608905,163.25546636463352
2025-04-12,12,B_历史形状,28,78.83203467261903,78.04480171957672,83.74379143717456
2025-04-12,18,C_残差同化,28,9.222046031746032,8.526874975198412,7.658717529089699
2025-04-13,0,B_历史形状,28,228.80652100281085,226.01359024264215,228.80652100281085
2025-04-13,6,A_线性插值,28,154.69424131393296,157.04559396770273,157.0472928062811
2025-04-13,12,B_历史形状,28,78.12010415839946,77.17383164682539,84.30508097380643
2025-04-13,18,C_残差同化,28,10.008463541666668,9.03155642361111,8.332417464247209
2025-04-14,0,B_历史形状,28,228.15895389384923,225.08522215195103,228.15895389384923
2025-04-14,6,A_线性插值,28,152.36372097663138,154.95587276234565,154.86097869217983
2025-04-14,12,B_历史形状,28,78.65470715112431,77.6216708746693,85.14804519044473
2025-04-14,18,C_残差同化,28,10.834308432539682,9.532863665674602,8.712878713161457
2025-04-15,0,B_历史形状,28,230.40032960069445,227.76368603463953,230.40032960069445
2025-04-15,6,A_线性插值,28,151.40115574845677,154.4913961171737,154.00840376202171
2025-04-15,12,B_历史形状,28,81.06886665839946,80.24788555720899,85.76300847769626
2025-04-15,18,C_残差同化,28,11.8577939484127,10.210066344246032,9.132396211725
2025-04-16,0,B_历史形状,28,226.39811699322095,223.94718202918315,226.39811699322095
2025-04-16,6,A_线性插值,28,151.00435219907405,153.61686322751322,154.32574202457585
2025-04-16,12,B_历史形状,28,82.45194985945766,81.49035930472881,87.53451822572181
2025-04-16,18,C_残差同化,28,12.908696527777778,10.875056870039684,9.599117595323262
2025-04-17,0,B_历史形状,28,223.82425031828706,220.5168936631944,223.82425031828706
2025-04-17,6,A_线性插值,28,151.29522885802467,153.01444556051587,154.64816590659464
2025-04-17,12,B_历史形状,28,80.22863566468253,79.63446629877646,82.85175302037153
2025-04-17,18,C_残差同化,28,13.862540426587303,11.360141889880952,10.743183001213866
2025-04-18,0,B_历史形状,28,220.28298446593914,217.19944121610447,220.28298446593914
2025-04-18,6,A_线性插值,28,145.59028251763667,146.14609638723542,149.68412553458083
2025-04-18,12,B_历史形状,28,81.12968343253966,79.78006426504628,84.66175277790133
2025-04-18,18,C_残差同化,28,14.794196825396826,11.763992063492065,11.311955473478188
2025-04-19,0,B_历史形状,28,215.20573065889545,212.1597677641369,215.20573065889545
2025-04-19,6,B_历史形状,28,146.62429475859787,146.58589133597883,151.16291639247552
2025-04-19,12,B_历史形状,28,83.52338694609786,82.3135623057209,87.70120630234433
2025-04-19,18,C_残差同化,28,15.835313392857145,12.22554779265873,11.549573638785887
2025-04-20,0,B_历史形状,28,222.3424421544312,218.4474095465443,222.3424421544312
2025-04-20,6,B_历史形状,28,147.46968583002644,146.54241094301145,152.76935963481876
2025-04-20,12,B_历史形状,28,83.2322739748677,81.85341965112433,87.42292793352281
2025-04-20,18,B_历史形状,28,16.91514890873016,12.676319766865081,13.003908001187009
2025-04-21,0,B_历史形状,28,220.241784395668,216.56607187086638,220.241784395668
2025-04-21,6,B_历史形状,28,145.18437567239857,144.41027788249556,150.86998367498913
2025-04-21,12,B_历史形状,28,83.93222037863754,83.14178363508599,88.2422414620735
2025-04-21,18,B_历史形状,28,17.769712748015873,12.935500768849208,13.849357108477657
2025-04-22,0,B_历史形状,28,226.5026302000661,222.1201993510251,226.5026302000661
2025-04-22,6,B_历史形状,28,146.32412099316574,145.81098448247351,151.67536217294602
2025-04-22,12,B_历史形状,28,82.74791464947089,81.51246105737434,88.41030352670774
2025-04-22,18,B_历史形状,28,18.846747023809524,13.356650520833332,14.372506348550719
2025-04-23,0,B_历史形状,28,225.99414653191135,221.66426661086308,225.99414653191135
2025-04-23,6,B_历史形状,28,144.49041829254847,143.2112613756614,150.1171069596655
2025-04-23,12,B_历史形状,28,84.3825470403439,82.93520003720239,91.12381398878235
2025-04-23,18,B_历史形状,28,19.773292509920633,13.628931473214285,15.623661057965993
2025-04-24,0,B_历史形状,28,227.24132835234786,222.5886946841931,227.24132835234786
2025-04-24,6,B_历史形状,28,145.13182965718693,144.03215511188267,151.4370055909689
2025-04-24,12,B_历史形状,28,82.7200495949074,80.93518426752645,90.56649660391052
2025-04-24,18,B_历史形状,28,20.71604965277778,13.869431026785714,16.301143741680253
2025-04-25,0,B_历史形状,28,227.4541148354828,222.42062323288684,227.4541148354828
2025-04-25,6,B_历史形状,28,145.16379928902114,143.67847615740737,151.18717218249276
2025-04-25,12,B_历史形状,28,86.1114029017857,83.53046655092592,95.8063108837129
2025-04-25,18,B_历史形状,28,21.667230109126987,14.071552058531747,18.85272372469841
2025-04-26,0,B_历史形状,28,227.9890422536376,222.82607573578042,227.9890422536376
2025-04-26,6,B_历史形状,28,148.5583415839947,147.03412890487212,154.5626350548128
2025-04-26,12,B_历史形状,28,87.28765432374338,83.98476350033069,99.54075545960337
2025-04-26,18,B_历史形状,28,22.620845188492066,14.249115302579364,19.99851675720709
2025-04-27,0,B_历史形状,28,228.64633392857147,222.97110763682207,228.64633392857147
2025-04-27,6,B_历史形状,28,152.4879429398148,149.98714780643738,158.86848889595586
2025-04-27,12,B_历史形状,28,88.32041340112433,84.90455632027115,100.18707074384454
2025-04-27,18,B_历史形状,28,23.37604007936508,14.276048090277778,21.148174092412308
2025-04-28,0,B_历史形状,28,224.17643498677253,218.5043833953373,224.17643498677253
2025-04-28,6,B_历史形状,28,158.61871692019398,155.1838855489418,165.60768397575978
2025-04-28,12,B_历史形状,28,87.99422050264549,83.9571701099537,102.26619677198423
2025-04-28,18,B_历史形状,28,24.001993303571428,14.159640848214286,21.620347271654243
2025-04-29,0,B_历史形状,28,222.49961289682543,215.83859282200729,222.49961289682543
2025-04-29,6,B_历史形状,28,159.8273993551587,155.39788403328922,166.96001568191068
2025-04-29,12,B_历史形状,28,87.21668670634917,82.16810238921958,102.15301502409828
2025-04-29,18,B_历史形状,28,24.69056453373016,14.057660590277779,22.77105763502131
2025-04-30,0,B_历史形状,28,219.72874362599208,212.7912339802414,219.72874362599208
2025-04-30,6,B_历史形状,28,158.93016154100528,154.63140947420632,166.75008298483598
2025-04-30,12,B_历史形状,28,87.07377566137562,81.76596849371694,102.52936893646287
2025-04-30,18,B_历史形状,28,25.22944360119047,13.779030952380953,23.40339023215663
2025-05-01,0,B_历史形状,28,222.289945692791,215.58123305224868,222.289945692791
2025-05-01,6,B_历史形状,28,159.67273365850969,155.6959234457672,167.3391431369711
2025-05-01,12,B_历史形状,28,87.1893431630291,82.2534033275463,102.5051456338987
2025-05-01,18,B_历史形状,28,25.774380753968256,13.49381691468254,24.121111021777637
2025-05-02,0,B_历史形状,28,216.71013394510584,209.92331828290344,216.71013394510584
2025-05-02,6,B_历史形状,28,162.83821110008816,159.01939987874775,170.5831184918125
2025-05-02,12,B_历史形状,28,87.9703657407407,82.67197393766534,103.83028831426816
2025-05-02,18,B_历史形状,28,26.237223611111112,13.129945560515875,24.29687253263492
2025-05-03,0,B_历史形状,28,219.51566649305556,212.45755081638555,219.51566649305556
2025-05-03,6,B_历史形状,28,164.31928756062607,159.64221529706788,173.01420502338254
2025-05-03,12,B_历史形状,28,86.9097559854497,81.53145532820766,102.80493577605087
2025-05-03,18,B_历史形状,28,26.34262142857143,12.734125694444444,24.17867140006322
2025-05-04,0,B_历史形状,28,217.01744433697087,209.7053798755787,217.01744433697087
2025-05-04,6,B_历史形状,28,163.8785409281305,158.05695789792767,172.8784944068123
2025-05-04,12,B_历史形状,28,85.62988554067458,79.90662886078042,101.065019916404
2025-05-04,18,B_历史形状,28,26.626171825396828,12.361730158730156,25.4192143273234
2025-05-05,0,B_历史形状,28,214.0187493758267,206.62930348875662,214.0187493758267
2025-05-05,6,B_历史形状,28,168.8454211695326,162.95039836309522,177.08871857216084
2025-05-05,12,B_历史形状,28,85.99951301256613,79.4508093584656,101.7123419309308
2025-05-05,18,B_历史形状,28,26.80972256944445,12.006548586309522,24.87171762866591
2025-05-06,0,B_历史形状,28,212.90576431878304,205.5024546957672,212.90576431878304
2025-05-06,6,B_历史形状,28,169.44376261574072,162.8017396356922,178.06540506687588
2025-05-06,12,B_历史形状,28,86.71236112764548,79.52828519758599,102.4911958977406
2025-05-06,18,B_历史形状,28,27.031993601190475,11.567319370039684,24.783178693085965
2025-05-07,0,B_历史形状,28,211.94027606233468,204.73733323412696,211.94027606233468
2025-05-07,6,B_历史形状,28,171.51836700837742,164.3970090746252,180.0227795401037
2025-05-07,12,B_历史形状,28,85.77599012070104,78.20801082589284,101.43274192427634
2025-05-07,18,B_历史形状,28,27.316589583333336,11.124720163690478,24.984427447616945
2025-05-08,0,B_历史形状,28,213.30415030588622,206.14912061838623,213.30415030588622
2025-05-08,6,B_历史形状,28,170.52333576940035,163.25623867669748,179.18004095886457
2025-05-08,12,B_历史形状,28,85.41064520502644,77.42313420552249,100.44713214443144
2025-05-08,18,B_历史形状,28,27.33147371031746,10.610573809523812,25.042922470830806
2025-05-09,0,B_历史形状,28,211.5956984499008,204.00083743179562,211.5956984499008
2025-05-09,6,B_历史形状,28,167.64895302028214,160.99140485559968,176.26678071577763
2025-05-09,12,B_历史形状,28,84.17276623677246,76.1877310309193,99.22264377328644
2025-05-09,18,B_历史形状,28,27.569711706349214,10.189234871031745,25.446222151987822
2025-05-10,0,B_历史形状,28,213.77597571511245,205.24368465608467,213.77597571511245
2025-05-10,6,B_历史形状,28,168.8693056602733,161.94358685791445,178.0662203689292
2025-05-10,12,B_历史形状,28,83.87573601190472,76.11904751157407,98.44527566165827
2025-05-10,18,B_历史形状,28,27.464818501984134,9.731326339285715,25.890367957865415
2025-05-11,0,B_历史形状,28,207.48306145006615,199.18123908730158,207.48306145006615
2025-05-11,6,B_历史形状,28,170.31498788580242,163.64777399966934,179.5158574623885
2025-05-11,12,B_历史形状,28,83.75490663029099,75.83625179811507,98.34479525993274
2025-05-11,18,B_历史形状,28,27.526558630952387,9.448590128968254,25.992527429955196
2025-05-12,0,B_历史形状,28,205.46492924107142,197.0705812975364,205.46492924107142
2025-05-12,6,B_历史形状,28,171.50404996141972,164.31262580191796,180.84984443272006
2025-05-12,12,B_历史形状,28,82.40803277943121,75.21910090112432,96.77391554742532
2025-05-12,18,B_历史形状,28,27.509226240079364,9.261467361111112,26.54262452548786
2025-05-13,0,B_历史形状,28,203.52525669642858,195.24377604786702,203.52525669642858
2025-05-13,6,B_历史形状,28,170.78865525793645,162.97420268959436,180.2391633630314
2025-05-13,12,B_历史形状,28,81.09923620205026,73.2275032903439,97.46157846525443
2025-05-13,18,B_历史形状,28,27.345221329365078,8.802317832341268,26.74171248624391
2025-05-14,0,B_历史形状,28,205.95493444527116,197.30948176669972,205.95493444527116
2025-05-14,6,B_历史形状,28,169.34791874999996,162.27560764164463,178.10804030827737
2025-05-14,12,B_历史形状,28,81.07426290509258,73.119058974041,99.33912958255867
2025-05-14,18,B_历史形状,28,27.37099771825397,8.29241507936508,27.552520448024946
2025-05-15,0,B_历史形状,28,209.30904792493382,200.9729231026786,209.30904792493382
2025-05-15,6,B_历史形状,28,172.5346643738977,165.38583427303794,181.2959928191644
2025-05-15,12,B_历史形状,28,82.28763381283066,74.25681227678571,102.41640045377733
2025-05-15,18,B_历史形状,28,27.25815233134921,8.029195758928571,27.46769791666308
2025-05-16,0,B_历史形状,28,210.3128354497354,201.88395775256285,210.3128354497354
2025-05-16,6,B_历史形状,28,178.2265817184744,172.20492832616847,186.36464809795896
2025-05-16,12,B_历史形状,28,80.86762047784389,73.22442993551587,100.63450742427054
2025-05-16,18,B_历史形状,28,26.9249412202381,8.033195386904763,27.345323109968223
2025-05-17,0,B_历史形状,28,208.70946722470237,200.27392802579365,208.70946722470237
2025-05-17,6,B_历史形状,28,176.06034439484128,170.0665628720238,183.92453788022678
2025-05-17,12,B_历史形状,28,79.32886769179892,70.98984730076057,97.95995728248685
2025-05-17,18,B_历史形状,28,26.73164365079365,7.794353893849206,27.756742676962173
2025-05-18,0,B_历史形状,28,202.10059990492724,193.77800846147488,202.10059990492724
2025-05-18,6,B_历史形状,28,174.64153210978836,168.5863281167328,182.61129859504896
2025-05-18,12,B_历史形状,28,80.60302585978835,71.66580865162037,99.91422468768512
2025-05-18,18,B_历史形状,28,26.460435466269843,7.511270163690476,26.725112673428804
2025-05-19,0,B_历史形状,28,200.7187307498346,192.068707411541,200.7187307498346
2025-05-19,6,B_历史形状,28,176.12217452601408,170.25907145061728,184.33354999708507
2025-05-19,12,B_历史形状,28,79.18439554398147,70.0461593460648,99.52023409348807
2025-05-19,18,B_历史形状,28,26.27178933531746,7.506527976190475,26.496871656999197
2025-05-20,0,B_历史形状,28,195.57454457258595,187.24293206018518,195.57454457258595
2025-05-20,6,B_历史形状,28,176.50187357253085,169.96311063161374,185.5281405705773
2025-05-20,12,B_历史形状,28,81.712850719246,72.22767189153437,100.43089360166164
2025-05-20,18,B_历史形状,28,25.99048834325397,7.133375570436506,27.175008416488343
2025-05-21,0,B_历史形状,28,192.25199411375658,184.08167055638228,192.25199411375658
2025-05-21,6,B_历史形状,28,175.7092567460317,169.33050292934303,184.6064601723942
2025-05-21,12,B_历史形状,28,81.3800073578042,71.16615020667987,99.9167942513858
2025-05-21,18,B_历史形状,28,25.761118055555556,6.886193278769839,26.419697328555916
2025-05-22,0,B_历史形状,28,191.19520858134916,183.01728096271492,191.19520858134916
2025-05-22,6,B_历史形状,28,176.38588584104932,169.67273953648595,185.23027443910777
2025-05-22,12,B_历史形状,28,81.67273157242063,71.44166242972882,99.54916276223786
2025-05-22,18,B_历史形状,28,25.29996160714286,6.742615997023806,25.798127325062648
2025-05-23,0,B_历史形状,28,194.1416181712963,186.589834385334,194.1416181712963
2025-05-23,6,B_历史形状,28,175.53963862985006,169.01659587191358,185.00559629455077
2025-05-23,12,B_历史形状,28,78.70891372354495,68.70637229249338,95.05159197829853
2025-05-23,18,B_历史形状,28,24.762471329365077,6.61018563988095,23.487681220065102
2025-05-24,0,B_历史形状,28,191.18415662615737,183.03726590195106,191.18415662615737
2025-05-24,6,B_历史形状,28,175.64335309193117,168.2205788359788,185.84741906998195
2025-05-24,12,B_历史形状,28,83.48087545469575,73.42342141617063,95.15790246728656
2025-05-24,18,B_历史形状,28,24.387342212301583,6.236227157738094,24.291817849741495
2025-05-25,0,B_历史形状,28,189.8777499462632,182.42697281952715,189.8777499462632
2025-05-25,6,B_历史形状,28,171.6444158068783,164.6469509837963,181.31085291873313
2025-05-25,12,B_历史形状,28,84.58385930886242,74.44038171709654,97.2517739175299
2025-05-25,18,B_历史形状,28,24.099853720238094,6.003616889880952,24.31684492395527
2025-05-26,0,B_历史形状,28,189.91509377480156,182.38135425347224,189.91509377480156
2025-05-26,6,B_历史形状,28,170.29950198963846,163.66328423721342,179.81992550466364
2025-05-26,12,B_历史形状,28,84.78588216765873,75.30158947172619,97.70348578840733
2025-05-26,18,B_历史形状,28,23.743242509920638,6.017768353174603,24.247648796582137
2025-05-27,0,B_历史形状,28,194.47340830853167,187.59818019386577,194.47340830853167
2025-05-27,6,B_历史形状,28,168.46105698853617,162.9358283840388,177.93149522007235
2025-05-27,12,B_历史形状,28,85.47304116236772,76.8277222387566,98.15657743776629
2025-05-27,18,B_历史形状,28,23.193589087301586,6.131234077380952,23.678104359318148
2025-05-28,0,B_历史形状,28,194.0156426008598,187.6133843708664,194.0156426008598
2025-05-28,6,B_历史形状,28,174.29484388778658,169.2319914021164,182.99789178990562
2025-05-28,12,B_历史形状,28,86.43646857638889,77.69503339947089,98.65777069345677
2025-05-28,18,B_历史形状,28,22.733951686507936,6.318475223214286,23.288498054488098
2025-05-29,0,B_历史形状,28,190.71445525380292,184.32028599330354,190.71445525380292
2025-05-29,6,B_历史形状,28,173.61284785052908,168.32608827987215,182.258373536468
2025-05-29,12,B_历史形状,28,86.33815889550263,77.4109035424934,98.85377940976637
2025-05-29,18,B_历史形状,28,22.193538690476192,6.398509226190476,23.125917114587022
2025-05-30,0,B_历史形状,28,191.67519150132276,185.75426470734126,191.67519150132276
2025-05-30,6,B_历史形状,28,176.7046224481922,170.94873454034388,185.5584236550856
2025-05-30,12,B_历史形状,28,86.00145307539682,77.5922044890873,99.9193625869146
2025-05-30,18,B_历史形状,28,21.68463774801588,6.540427976190476,22.17176576303415
2025-05-31,0,B_历史形状,28,193.68406488508597,187.5791796854332,193.68406488508597
2025-05-31,6,B_历史形状,28,175.76281437940915,170.30194090332893,183.96315133900734
2025-05-31,12,B_历史形状,28,87.03315746527777,78.82273738012567,101.01072364030094
2025-05-31,18,B_历史形状,28,21.30927123015874,6.70948621031746,21.541285445564323
2025-06-01,0,B_历史形状,28,198.2459167741402,192.50429402075068,198.2459167741402
2025-06-01,6,B_历史形状,28,176.4014821924603,171.39731728946208,184.08614704813263
2025-06-01,12,B_历史形状,28,86.98037834821426,78.73622255291006,101.14305392359304
2025-06-01,18,B_历史形状,28,20.92764697420635,6.727673363095238,21.053163093072985
2025-06-02,0,B_历史形状,28,202.22868751240077,196.6547480096726,202.22868751240077
2025-06-02,6,B_历史形状,28,172.83923180665784,167.43309758046738,181.77877472073806
2025-06-02,12,B_历史形状,28,88.1645602926587,80.66195165757277,102.82489075522751
2025-06-02,18,B_历史形状,28,20.464896924603174,6.836787847222223,21.173652267546572
2025-06-03,0,B_历史形状,28,206.49380707671955,200.4867367848876,206.49380707671955
2025-06-03,6,B_历史形状,28,173.273063949515,168.7418651455027,181.63804202481967
2025-06-03,12,B_历史形状,28,89.02003476355819,81.88590295138889,103.32474099867632
2025-06-03,18,B_历史形状,28,20.03043030753968,6.9174236111111105,20.8336313668458
2025-06-04,0,B_历史形状,28,202.4938024429563,196.44356550925926,202.4938024429563
2025-06-04,6,B_历史形状,28,177.3798108520723,173.0450305417769,185.8907503182845
2025-06-04,12,B_历史形状,28,89.39246226025132,82.12537640542327,106.76915269623234
2025-06-04,18,B_历史形状,28,19.57899791666667,6.9721247519841265,20.697324026155478
2025-06-05,0,B_历史形状,28,211.16707046544312,204.534091344246,211.16707046544312
2025-06-05,6,B_历史形状,28,183.10020106922397,179.48969525462962,191.2301403568254
2025-06-05,12,B_历史形状,28,89.66598509424603,83.01535641947753,106.94390667577454
2025-06-05,18,B_历史形状,28,19.061045585317462,7.170587574404761,21.140761399846784
2025-06-06,0,B_历史形状,28,212.0262595155423,205.9567525008267,212.0262595155423
2025-06-06,6,B_历史形状,28,181.12701057098766,176.98500168650796,189.3959438696422
2025-06-06,12,B_历史形状,28,90.07014871031744,83.90704194361773,106.5373576961638
2025-06-06,18,B_历史形状,28,18.586181200396826,7.1549881696428566,20.558686022581785
2025-06-07,0,B_历史形状,28,204.63268889715604,199.46375522693447,204.63268889715604
2025-06-07,6,B_历史形状,28,181.63587531415345,178.13447716876104,189.31997558445113
2025-06-07,12,B_历史形状,28,90.21395144675924,84.31740612185847,106.42684933750766
2025-06-07,18,B_历史形状,28,18.1138941468254,7.22870339781746,20.201442156177823
2025-06-08,0,B_历史形状,28,208.74234811921295,203.39398479662697,208.74234811921295
2025-06-08,6,B_历史形状,28,181.9184185846561,178.76343605599646,189.07501169020614
2025-06-08,12,B_历史形状,28,90.35935715112433,84.72997718667328,106.35834760161806
2025-06-08,18,B_历史形状,28,17.753525148809526,7.192508234126984,20.60260295839396
2025-06-09,0,B_历史形状,28,216.20119817294972,211.4057956555886,216.20119817294972
2025-06-09,6,B_历史形状,28,180.46802768408287,177.09504153163581,187.53502710281552
2025-06-09,12,B_历史形状,28,91.68711820436508,85.60334596560848,108.15595462686792
2025-06-09,18,B_历史形状,28,17.448688144841274,7.009785044642858,20.652996429076428
2025-06-10,0,B_历史形状,28,216.49609274966932,211.62743517071755,216.49609274966932
2025-06-10,6,B_历史形状,28,177.28702323633155,174.35769205246916,184.1010267285436
2025-06-10,12,B_历史形状,28,92.06082003141533,86.35706284722222,107.68189115717625
2025-06-10,18,B_历史形状,28,16.93139275793651,7.067113963293651,20.617517248343596
2025-06-11,0,B_历史形状,28,212.09963199818122,208.0715009155919,212.09963199818122
2025-06-11,6,B_历史形状,28,179.59175961750435,177.65214538966052,186.5133897859799
2025-06-11,12,B_历史形状,28,91.2125720238095,85.49126435598545,106.53200380913417
2025-06-11,18,B_历史形状,28,16.128551587301587,7.220806175595238,19.889862122294414
2025-06-12,0,B_历史形状,28,211.58457618220902,207.60199064773474,211.58457618220902
2025-06-12,6,B_历史形状,28,176.56468873456788,174.51747968198856,183.4539358739111
2025-06-12,12,B_历史形状,28,90.16415341435184,84.30964692873678,103.38809778695077
2025-06-12,18,B_历史形状,28,15.569493154761906,7.262273710317461,19.081592782246524
2025-06-13,0,B_历史形状,28,208.1242914393188,204.52035742187496,208.1242914393188
2025-06-13,6,B_历史形状,28,170.20872898478837,167.36843072641093,177.0882508669104
2025-06-13,12,B_历史形状,28,90.51975359623016,84.82381672867064,103.87443894449466
2025-06-13,18,B_历史形状,28,15.182392906746033,7.173489037698414,18.65751603729993
2025-06-14,0,B_历史形状,28,206.78081410383598,203.24986140046298,206.78081410383598
2025-06-14,6,B_历史形状,28,173.52501358575836,170.87287762070105,180.382042366791
2025-06-14,12,B_历史形状,28,90.71276354993385,85.32546029265873,104.38660629923845
2025-06-14,18,B_历史形状,28,14.475615128968256,7.34475091765873,18.157253074834596
2025-06-15,0,B_历史形状,28,207.93280730820106,204.5194843357308,207.93280730820106
2025-06-15,6,B_历史形状,28,170.8739498952822,169.4328799906305,176.9763378395139
2025-06-15,12,B_历史形状,28,91.1694211226852,87.37318532159392,104.19679156798564
2025-06-15,18,B_历史形状,28,13.7279236276455,7.6314062003968255,18.628843050447905
2025-06-16,0,B_历史形状,28,211.4170901785714,209.01485387318124,211.4170901785714
2025-06-16,6,B_历史形状,28,169.00656128196647,167.8420885526896,174.48668501057
2025-06-16,12,B_历史形状,28,92.53734220403439,89.07006325231482,104.52917941133713
2025-06-16,18,B_历史形状,28,13.263196693121696,7.628128273809523,18.735882105324723
2025-06-17,0,B_历史形状,28,210.55393354414682,208.58618080977183,210.55393354414682
2025-06-17,6,B_历史形状,28,168.48832787147265,167.35708077876984,173.5185927821349
2025-06-17,12,B_历史形状,28,92.08083948412698,89.43239123263889,105.45986244145885
2025-06-17,18,B_历史形状,28,12.654474074074074,7.750646478174603,17.497464963913597
2025-06-18,0,B_历史形状,28,207.54094576306215,205.92867248263892,207.54094576306215
2025-06-18,6,B_历史形状,28,169.8576084104938,169.02861993772044,174.75525983169058
2025-06-18,12,B_历史形状,28,92.19719496527777,90.44938971974206,104.87751484720634
2025-06-18,18,B_历史形状,28,12.03482824074074,7.91389375,17.983416662793513
2025-06-19,0,B_历史形状,28,204.5945265542328,202.8343927372685,204.5945265542328
2025-06-19,6,B_历史形状,28,176.31851140873013,174.9095116402116,180.5982522971515
2025-06-19,12,B_历史形状,28,92.01664183201058,90.12330107473544,104.96236420870174
2025-06-19,18,B_历史形状,28,11.713833101851856,7.796258655753968,18.040091496724344
2025-06-20,0,B_历史形状,28,203.95033162202384,201.92153080770504,203.95033162202384
2025-06-20,6,B_历史形状,28,175.74118592372136,174.39486945546733,179.79240386646362
2025-06-20,12,B_历史形状,28,94.69227763723543,92.21254950810183,108.15484125841147
2025-06-20,18,B_历史形状,28,11.367262566137567,7.706159027777779,18.070549274848794
2025-06-21,0,B_历史形状,28,201.82691402116401,200.49370110160385,201.82691402116401
2025-06-21,6,B_历史形状,28,173.55478732363318,172.35186356922398,176.91495701522177
2025-06-21,12,B_历史形状,28,89.56304899140211,87.78918535052908,105.46529732679191
2025-06-21,18,B_历史形状,28,10.904529232804233,7.704136458333333,16.01154357252083
2025-06-22,0,B_历史形状,28,199.79854954530424,198.61807962756282,199.79854954530424
2025-06-22,6,B_历史形状,28,175.2719553791887,173.66721625330686,178.69221004827054
2025-06-22,12,B_历史形状,28,90.73180231481479,89.062480849041,104.97324309466912
2025-06-22,18,B_历史形状,28,10.361072685185187,7.788192584325398,16.597973681645094
2025-06-23,0,B_历史形状,28,200.2721046420304,199.33295444361775,200.2721046420304
2025-06-23,6,B_历史形状,28,172.25609308311286,171.3987682925485,175.1643729472055
2025-06-23,12,B_历史形状,28,89.67099675099203,88.07879025710976,101.76118784005952
2025-06-23,18,B_历史形状,28,9.96803156415344,7.725078050595238,16.683888538331285
2025-06-24,0,B_历史形状,28,196.13230109126985,195.45109708581347,196.13230109126985
2025-06-24,6,B_历史形状,28,170.5885852402998,168.91759988701497,173.25183480332288
2025-06-24,12,B_历史形状,28,89.70403498677244,88.2361335400132,103.21297080504408
2025-06-24,18,B_历史形状,28,9.768170701058205,7.443342733134921,16.31033829768982
2025-06-25,0,B_历史形状,28,195.47624483300265,194.67008344494047,195.47624483300265
2025-06-25,6,B_历史形状,28,165.4907379298942,164.06919448578037,168.17229588663415
2025-06-25,12,B_历史形状,28,90.92584046792324,89.96079253058859,104.31335358304567
2025-06-25,18,B_历史形状,28,9.857533002645505,7.3960352926587305,17.848013657089158
2025-06-26,0,B_历史形状,28,199.23244380373677,198.2945595320767,199.23244380373677
2025-06-26,6,B_历史形状,28,165.26580203373015,163.62781507936506,167.7964460556037
2025-06-26,12,B_历史形状,28,91.39446998181215,90.70277154017853,104.69571946142541
2025-06-26,18,B_历史形状,28,9.714589252645505,7.148484375,18.06025336769435
2025-06-27,0,B_历史形状,28,201.92348601190477,201.0430192253638,201.92348601190477
2025-06-27,6,B_历史形状,28,162.45573552138447,160.7297486689815,164.3978818842427
2025-06-27,12,B_历史形状,28,90.63861125165342,90.11620863095234,104.06509524326125
2025-06-27,18,B_历史形状,28,9.652133647486773,6.94713933531746,18.349587542010532
2025-06-28,0,B_历史形状,28,202.66528348627645,202.5919426256614,202.66528348627645
2025-06-28,6,B_历史形状,28,161.84865416115517,160.67432308752203,163.75500868257404
2025-06-28,12,B_历史形状,28,91.36613163029101,91.09323771908065,101.70071395501358
2025-06-28,18,B_历史形状,28,9.448864203042328,6.677822172619047,18.893480809551644
2025-06-29,0,A_线性插值,28,196.32536065228174,196.45873473462305,196.32536065228174
2025-06-29,6,B_历史形状,28,161.39286587301584,160.04460765266754,163.5992323579126
2025-06-29,12,A_线性插值,28,89.986219088955,90.05703634672616,100.89395816428221
2025-06-29,18,B_历史形状,28,9.098851157407408,6.54051545138889,18.706171998358375
2025-06-30,0,A_线性插值,28,199.13526125578704,199.70024367352843,199.13526125578704
2025-06-30,6,B_历史形状,28,161.116426295194,160.3917434358466,162.42471729050047
2025-06-30,12,A_线性插值,28,87.79330367063491,87.8406446717923,98.23948015038138
2025-06-30,18,B_历史形状,28,8.800749289021164,6.348632746362435,18.273328747811508
2025-07-01,0,A_线性插值,28,191.59248350281084,192.31621550099206,191.59248350281084
2025-07-01,6,B_历史形状,28,163.440989247134,162.66219322365518,164.7806868263145
2025-07-01,12,A_线性插值,28,86.26904931382273,86.52525368716928,97.01792216869016
2025-07-01,18,B_历史形状,28,8.650276785714285,6.134509747023811,18.88894108217692
2025-07-02,0,A_线性插值,28,194.52122064318786,195.34385978009257,194.52122064318786
2025-07-02,6,B_历史形状,28,158.59742039241624,158.15481831183862,159.94689967281982
2025-07-02,12,A_线性插值,28,86.27461455853174,86.84889570105817,94.29491659812972
2025-07-02,18,B_历史形状,28,8.48126691468254,5.9916566468253984,18.469985570795192
2025-07-03,0,A_线性插值,28,182.63199575066136,184.08775938533404,182.63199575066136
2025-07-03,6,B_历史形状,28,152.709531095679,152.099460896164,153.84930837363615
2025-07-03,12,A_线性插值,28,85.42188320105818,85.98059570105816,93.2948747746211
2025-07-03,18,B_历史形状,28,8.385189136904762,5.6709719990079375,17.308852646478748
2025-07-04,0,A_线性插值,28,182.04652211061506,183.67202800305887,182.04652211061506
2025-07-04,6,B_历史形状,28,154.790413866843,153.99790234512787,155.78333393385896
2025-07-04,12,A_线性插值,28,85.46886484788357,85.82624068700393,93.41146037200099
2025-07-04,18,B_历史形状,28,8.05524717261905,5.591603000992064,17.353891738510647
2025-07-05,0,A_线性插值,28,185.6105916087963,186.92167263144844,185.6105916087963
2025-07-05,6,B_历史形状,28,157.4761922894621,155.47345586970897,158.94843623207447
2025-07-05,12,B_历史形状,28,85.93851681547618,85.8184958167989,94.20113568471548
2025-07-05,18,B_历史形状,28,8.24486969246032,5.551330753968254,17.216643789872652
2025-07-06,0,A_线性插值,28,183.69749033978175,185.88539813574738,183.69749033978175
2025-07-06,6,B_历史形状,28,156.9759201719577,154.77819141865078,158.51702519638155
2025-07-06,12,A_线性插值,28,87.43997909226188,87.4649431175595,95.8277265347862
2025-07-06,18,B_历史形状,28,8.109478769841271,5.45015709325397,16.29779916850962
2025-07-07,0,A_线性插值,28,182.3568821015212,184.5204349206349,182.3568821015212
2025-07-07,6,B_历史形状,28,157.7107907186949,155.9444922067901,159.06983650966382
2025-07-07,12,A_线性插值,28,86.38615711805554,86.55593504464284,95.81274012544407
2025-07-07,18,B_历史形状,28,7.904785119047619,5.373788144841271,16.042488170537485
2025-07-08,0,A_线性插值,28,178.70811492228833,181.07105656828702,178.70811492228833
2025-07-08,6,B_历史形状,28,159.2383631834215,156.99763768187833,160.4405737598673
2025-07-08,12,B_历史形状,28,88.02067193287034,87.86789332837301,97.61134047914588
2025-07-08,18,B_历史形状,28,7.9805246527777784,5.251300520833333,16.83404436412079
2025-07-09,0,A_线性插值,28,181.07629500248018,182.5940731936177,181.07629500248018
2025-07-09,6,B_历史形状,28,157.75789912918873,154.61686782682978,159.0366769448354
2025-07-09,12,A_线性插值,28,88.22843644179893,88.66871715443122,95.95182059503996
2025-07-09,18,B_历史形状,28,7.79713888888889,5.161266393849206,16.638236459189137
2025-07-10,0,A_线性插值,28,180.85389052166008,181.77661513516864,180.85389052166008
2025-07-10,6,B_历史形状,28,157.59509446097883,154.4265282517637,159.08968602129036
2025-07-10,12,A_线性插值,28,88.22405028108463,88.93762080026451,97.71796141511454
2025-07-10,18,B_历史形状,28,7.912654662698413,5.032318625992063,16.73454430028958
2025-07-11,0,A_线性插值,28,180.81163426339285,181.30007413194446,180.81163426339285
2025-07-11,6,B_历史形状,28,159.17717293320106,156.7555107721561,160.71137138302885
2025-07-11,12,A_线性插值,28,88.23846978339945,89.16451223544972,97.13896681905285
2025-07-11,18,B_历史形状,28,8.048959126984128,4.7958688492063475,16.852665109299892
2025-07-12,0,A_线性插值,28,181.71249129877648,182.14300640707674,181.71249129877648
2025-07-12,6,B_历史形状,28,157.02788353725754,154.32694754464288,158.36975738961766
2025-07-12,12,A_线性插值,28,88.08181555886242,88.63915254629629,96.62036597180717
2025-07-12,18,B_历史形状,28,8.278975694444446,4.502365922619046,16.840929645781546
2025-07-13,0,A_线性插值,28,185.74739887566133,186.87997568411046,185.74739887566133
2025-07-13,6,B_历史形状,28,156.99756254409175,153.0655167631173,158.2189740604737
2025-07-13,12,B_历史形状,28,88.08636341765872,87.50850550181876,95.2280011506616
2025-07-13,18,B_历史形状,28,8.774228951719579,4.325438368055555,17.148927531362006
2025-07-14,0,A_线性插值,28,186.086708552414,186.5554095568783,186.086708552414
2025-07-14,6,B_历史形状,28,156.71016549272488,152.11728257550706,158.0272866711826
2025-07-14,12,B_历史形状,28,88.35280555555553,86.903351963459,95.56411748116705
2025-07-14,18,B_历史形状,28,9.131209209656086,4.3425457837301575,16.289784702088706
2025-07-15,0,A_线性插值,28,185.8726911499669,185.97965147776125,185.8726911499669
2025-07-15,6,B_历史形状,28,156.11228271604935,152.2538733107363,157.39795955433036
2025-07-15,12,B_历史形状,28,86.99785543154759,85.26331519097221,93.96990855723095
2025-07-15,18,B_历史形状,28,9.331626025132277,4.25540927579365,16.53456115656658
2025-07-16,0,B_历史形状,28,185.88309071180555,185.22408948206018,185.88309071180555
2025-07-16,6,B_历史形状,28,157.05985076058207,153.3181168926367,158.16648347184375
2025-07-16,12,B_历史形状,28,88.6808912037037,86.53184658151459,95.17167863161826
2025-07-16,18,B_历史形状,28,9.779513029100528,4.277516716269841,16.068988948856912
2025-07-17,0,B_历史形状,28,189.90038296544307,189.72104966724535,189.90038296544307
2025-07-17,6,B_历史形状,28,150.45608804563494,147.81612048886683,151.56571276384213
2025-07-17,12,B_历史形状,28,89.56037951388888,87.73456469907408,94.98020038696488
2025-07-17,18,B_历史形状,28,10.095480539021166,4.442909399801587,16.320183219115343
2025-07-18,0,B_历史形状,28,188.34312652529758,188.10000441468256,188.34312652529758
2025-07-18,6,B_历史形状,28,150.2122253692681,147.30873283454588,151.45586238159666
2025-07-18,12,B_历史形状,28,86.07744297288362,84.97420211226851,90.87509009369589
2025-07-18,18,B_历史形状,28,10.245890658068786,4.344010664682539,16.18090033024777
2025-07-19,0,B_历史形状,28,193.88494976438488,193.3702228629299,193.88494976438488
2025-07-19,6,B_历史形状,28,151.03631181657852,148.20035842702825,152.537785125518
2025-07-19,12,B_历史形状,28,88.9216791335979,87.40085234375,93.68512264142123
2025-07-19,18,B_历史形状,28,10.239205638227515,4.395984821428571,16.597525418383118
2025-07-20,0,B_历史形状,28,203.64618291583994,202.73903051835313,203.64618291583994
2025-07-20,6,B_历史形状,28,158.45101994047624,156.42456925429897,159.905609310955
2025-07-20,12,B_历史形状,28,85.69845133101855,84.57025333581349,95.23476296026828
2025-07-20,18,B_历史形状,28,10.53695320767196,4.389963318452381,15.492276751559574
2025-07-21,0,B_历史形状,28,204.1852427414021,202.95390355282734,204.1852427414021
2025-07-21,6,B_历史形状,28,159.8817187830688,157.02853645557758,161.4566446398861
2025-07-21,12,B_历史形状,28,85.456810218254,84.20774932208995,94.59712196991322
2025-07-21,18,B_历史形状,28,10.941740013227514,4.466677083333333,15.845302689423704
2025-07-22,0,B_历史形状,28,201.7247322089947,199.87754535176916,201.7247322089947
2025-07-22,6,B_历史形状,28,162.56387517636685,160.1507488618827,164.32274834080334
2025-07-22,12,B_历史形状,28,84.96229628802914,83.36142166418652,92.55470098012334
2025-07-22,18,B_历史形状,28,11.196088475529104,4.544779737103174,16.330972119207914
2025-07-23,0,B_历史形状,28,200.41888267609127,198.72435844494044,200.41888267609127
2025-07-23,6,B_历史形状,28,172.5850424272487,169.7233148478836,174.55279340822867
2025-07-23,12,B_历史形状,28,83.51423600363759,81.81489069940478,93.81041725592475
2025-07-23,18,B_历史形状,28,11.15242572751323,4.427652058531746,14.709878373498176
2025-07-24,0,B_历史形状,28,204.39441221064817,202.40387288979827,204.39441221064817
2025-07-24,6,B_历史形状,28,172.70492696759263,170.40816760361554,174.50666583732044
2025-07-24,12,B_历史形状,28,83.31309523809524,81.61210272817462,94.28467566126366
2025-07-24,18,B_历史形状,28,11.30557453703704,4.564390625000001,14.512435835671367
2025-07-25,0,B_历史形状,28,206.77338561507938,204.22443568121693,206.77338561507938
2025-07-25,6,B_历史形状,28,169.8142312169312,168.06069688602292,172.016612007221
2025-07-25,12,B_历史形状,28,84.02764334490742,81.90238146908071,93.21634104339046
2025-07-25,18,B_历史形状,28,11.672932969576722,4.8457803323412705,15.003608206273537
2025-07-26,0,B_历史形状,28,203.00670873015875,200.07757679191468,203.00670873015875
2025-07-26,6,B_历史形状,28,173.76847313712523,171.32752919697973,176.14836444877776
2025-07-26,12,B_历史形状,28,82.52804299768518,79.70178728091932,92.81741042117632
2025-07-26,18,B_历史形状,28,12.080053902116404,4.870805555555556,14.706720905551787
2025-07-27,0,B_历史形状,28,206.31364060433202,202.793053031994,206.31364060433202
2025-07-27,6,B_历史形状,28,172.90473225859787,170.53714138833774,175.15304721639902
2025-07-27,12,B_历史形状,28,83.05539480820107,79.95274620535714,93.51530928863467
2025-07-27,18,B_历史形状,28,12.57572076719577,4.98684300595238,14.682801057605099
2025-07-28,0,B_历史形状,28,203.1228168898809,199.167394921875,203.1228168898809
2025-07-28,6,B_历史形状,28,172.34920179673722,169.71818619378308,174.65426056411897
2025-07-28,12,B_历史形状,28,83.41822820767197,80.06021903521825,93.53595557161061
2025-07-28,18,B_历史形状,28,13.233681216931217,5.075391137566137,14.952545840417518
2025-07-29,0,B_历史形状,28,204.97150770916005,201.29582325355491,204.97150770916005
2025-07-29,6,B_历史形状,28,169.79991302910054,167.39001628086422,172.0584411437472
2025-07-29,12,B_历史形状,28,84.41271731150793,81.11944911541006,94.48856422622477
2025-07-29,18,B_历史形状,28,13.657589980158733,5.297312251984126,14.853329988652957
2025-07-30,0,B_历史形状,28,203.9868571841931,200.67986039393188,203.9868571841931
2025-07-30,6,B_历史形状,28,169.77524894731044,167.0122773313492,172.62102153187288
2025-07-30,12,B_历史形状,28,85.30661168981483,81.99499453538361,94.68801811302835
2025-07-30,18,B_历史形状,28,14.185096378968256,5.637601165674602,16.29145907272903
2025-07-31,0,B_历史形状,28,211.2897237309854,207.8885554935516,211.2897237309854
2025-07-31,6,B_历史形状,28,170.65175237544094,167.5168609760802,174.19006752735942
2025-07-31,12,B_历史形状,28,88.8078904183201,85.26361428158069,97.85001922936033
2025-07-31,18,B_历史形状,28,14.751973313492067,5.887360887896825,17.261475702594755
2025-08-01,0,B_历史形状,28,214.61822960896166,211.20177199487435,214.61822960896166
2025-08-01,6,B_历史形状,28,169.32155066137565,166.606971905313,172.70002672690453
2025-08-01,12,B_历史形状,28,89.39891662533068,85.44305947007275,97.56838468676241
2025-08-01,18,B_历史形状,28,15.4144189484127,6.174317435515873,17.706441715718533
2025-08-02,0,B_历史形状,28,216.80568468088626,213.06430260416667,216.80568468088626
2025-08-02,6,B_历史形状,28,168.86641565806877,167.04746458608903,171.890568740301
2025-08-02,12,B_历史形状,28,89.33251964285715,84.98919124503968,100.0876661856751
2025-08-02,18,B_历史形状,28,15.830165724206353,6.317391592261904,18.364186079048416
2025-08-03,0,B_历史形状,28,226.2034287698413,221.57672171792325,226.2034287698413
2025-08-03,6,B_历史形状,28,169.46129639550264,167.41747481261018,172.7898832314243
2025-08-03,12,B_历史形状,28,91.0206484292328,86.24094835482803,101.72697560416304
2025-08-03,18,B_历史形状,28,16.41889761904762,6.605508159722221,19.273819837139825
2025-08-04,0,B_历史形状,28,220.9988436053241,216.36078115906085,220.9988436053241
2025-08-04,6,B_历史形状,28,169.1183855820106,167.3795581486993,172.14991851721206
2025-08-04,12,B_历史形状,28,92.88813372189153,88.21802015542328,102.00893811567364
2025-08-04,18,B_历史形状,28,17.08390223214286,6.917185143849205,19.19764931239092
2025-08-05,0,B_历史形状,28,221.71366831597223,216.85716583167988,221.71366831597223
2025-08-05,6,B_历史形状,28,173.23191032848325,171.15084236662256,176.94265868001693
2025-08-05,12,B_历史形状,28,92.76566519510581,88.20639754464285,103.94378588551206
2025-08-05,18,B_历史形状,28,17.71871180555556,7.2047284722222225,18.07554172126729
2025-08-06,0,B_历史形状,28,221.81005329861114,217.41791704902445,221.81005329861114
2025-08-06,6,B_历史形状,28,174.29311890983243,171.8183691633598,177.95166134508764
2025-08-06,12,B_历史形状,28,92.08623095238093,87.1603159970238,103.1871956712856
2025-08-06,18,B_历史形状,28,18.624371329365083,7.354446676587301,18.476500807953894
2025-08-07,0,B_历史形状,28,223.7423375330688,219.71575394758594,223.7423375330688
2025-08-07,6,B_历史形状,28,170.99837216159608,168.99605476190476,174.77474483757723
2025-08-07,12,B_历史形状,28,92.64962041170635,87.37066804728838,102.30627983299868
2025-08-07,18,B_历史形状,28,19.225515079365085,7.572238789682539,19.12301169988842
2025-08-08,0,B_历史形状,28,235.90706560846556,231.03781234912364,235.90706560846556
2025-08-08,6,B_历史形状,28,172.4585495535714,169.62066240354937,176.87088873107402
2025-08-08,12,B_历史形状,28,92.68925949074072,86.9738425719246,102.79029374953436
2025-08-08,18,B_历史形状,28,19.90064930555556,7.84531847718254,20.3970094789316
2025-08-09,0,B_历史形状,28,234.85571836144177,230.02873827711636,234.85571836144177
2025-08-09,6,B_历史形状,28,171.80007075066132,169.16873948412695,176.43909660338122
2025-08-09,12,B_历史形状,28,93.07990207506614,87.14462318535053,104.08490733457022
2025-08-09,18,B_历史形状,28,20.623036755952388,8.140225248015872,21.34753091008187
2025-08-10,0,B_历史形状,28,229.46139398148148,223.78154226603831,229.46139398148148
2025-08-10,6,B_历史形状,28,172.29089252645502,169.97049888117277,176.58093141710495
2025-08-10,12,B_历史形状,28,92.63461579034393,86.30553985615082,106.92824624137475
2025-08-10,18,B_历史形状,28,21.032847321428573,8.104915972222221,21.68683676395153
2025-08-11,0,B_历史形状,28,226.26545907324734,220.30180897197417,226.26545907324734
2025-08-11,6,B_历史形状,28,173.60319505070544,171.6860642195767,177.4747158325914
2025-08-11,12,B_历史形状,28,90.79379764384923,85.07275306712964,105.08624342796047
2025-08-11,18,B_历史形状,28,21.564873759920633,8.186366765873014,22.66628386819968
2025-08-12,0,B_历史形状,28,226.93223656994047,220.88126217344575,226.93223656994047
2025-08-12,6,B_历史形状,28,175.1674454089506,172.3588850666887,179.66030586476217
2025-08-12,12,B_历史形状,28,91.62461436838628,85.37241585648148,104.28649601668982
2025-08-12,18,B_历史形状,28,22.19044796626984,8.352144345238093,22.934126709945538
2025-08-13,0,B_历史形状,28,230.14187166418648,223.70077525834986,230.14187166418648
2025-08-13,6,B_历史形状,28,174.4919531690917,170.81413934358463,180.0384714631385
2025-08-13,12,B_历史形状,28,89.4282082589286,82.38998373015873,102.30338855302122
2025-08-13,18,B_历史形状,28,22.62849642857143,8.317654464285713,23.856848557296136
2025-08-14,0,B_历史形状,28,227.82428914103838,220.8782548032407,227.82428914103838
2025-08-14,6,B_历史形状,28,173.27833757716047,168.78215981040563,179.01750381124575
2025-08-14,12,B_历史形状,28,90.7160265459656,82.7959173859127,103.72312940386621
2025-08-14,18,B_历史形状,28,23.190238690476196,8.376099305555554,24.08821137219544
2025-08-15,0,B_历史形状,28,227.50256147900134,220.8209907779431,227.50256147900134
2025-08-15,6,B_历史形状,28,176.85792874228392,171.33453488756615,182.96944876948638
2025-08-15,12,B_历史形状,28,91.48442919973547,82.89930232721562,103.29735534024685
2025-08-15,18,B_历史形状,28,23.851169295634925,8.536420188492063,25.35923338916729
2025-08-16,0,B_历史形状,28,235.395661276455,227.86106096230156,235.395661276455
2025-08-16,6,B_历史形状,28,177.3936075672398,171.36688016975307,184.1742912984814
2025-08-16,12,B_历史形状,28,90.03950100033067,81.37822898065475,102.77643128843658
2025-08-16,18,B_历史形状,28,24.663233184523815,8.732591815476189,25.300279998948792
2025-08-17,0,B_历史形状,28,238.4950153769841,229.97148082217265,238.4950153769841
2025-08-17,6,B_历史形状,28,168.9528712301587,162.49769942405206,176.56702902572434
2025-08-17,12,B_历史形状,28,90.11671173941797,80.51986509176587,99.22803588920955
2025-08-17,18,B_历史形状,28,25.297887698412705,8.837624206349206,25.71967069270642
2025-08-18,0,B_历史形状,28,240.1291312954696,230.95490033895507,240.1291312954696
2025-08-18,6,B_历史形状,28,171.19631131503527,164.1822912367725,179.18646295387978
2025-08-18,12,B_历史形状,28,90.33532164351853,80.55862747602514,99.83000834026542
2025-08-18,18,B_历史形状,28,25.79791076388889,8.826368055555553,26.216435448223002
2025-08-19,0,B_历史形状,28,240.660033192791,231.63710505332347,240.660033192791
2025-08-19,6,B_历史形状,28,169.38333595127867,161.31731792879188,177.94447145254006
2025-08-19,12,B_历史形状,28,90.17983486276455,80.50133342427249,101.04195495568784
2025-08-19,18,B_历史形状,28,26.314075248015875,8.85564851190476,26.365647137103686
2025-08-20,0,B_历史形状,28,240.37729598214284,230.86882265625,240.37729598214284
2025-08-20,6,B_历史形状,28,160.04611106150793,151.29084901344797,168.91960075504448
2025-08-20,12,B_历史形状,28,90.22189021164021,80.0116691220238,98.60472481041428
2025-08-20,18,B_历史形状,28,26.976040277777777,8.972209102182537,26.95109626076612
2025-08-21,0,B_历史形状,28,235.8519325810185,225.92444333664022,235.8519325810185
2025-08-21,6,B_历史形状,28,160.19526947751322,151.91045054839063,169.61442455249963
2025-08-21,12,B_历史形状,28,90.2362081679894,80.29769759424603,97.63718797313467
2025-08-21,18,B_历史形状,28,27.546973611111117,8.973034350198413,27.26853424450355
2025-08-22,0,B_历史形状,28,230.2992690972222,219.83425675843256,230.2992690972222
2025-08-22,6,B_历史形状,28,163.47045914351853,155.55230966435187,172.91196874878875
2025-08-22,12,B_历史形状,28,90.15745889550263,80.66562454117066,97.757292615598
2025-08-22,18,B_历史形状,28,27.837211309523813,8.768789136904761,27.29538155726617
2025-08-23,0,B_历史形状,28,231.12066279761908,219.9740617249504,231.12066279761908
2025-08-23,6,B_历史形状,28,161.3825904431217,154.33874575892858,170.0567006819774
2025-08-23,12,B_历史形状,28,90.58493405257934,81.07953334573413,98.78652919774382
2025-08-23,18,B_历史形状,28,28.438281349206356,8.831111805555555,27.407198354626647
2025-08-24,0,B_历史形状,28,230.90423821097883,220.28508455894507,230.90423821097883
2025-08-24,6,B_历史形状,28,165.67601258818345,159.47669139109348,174.43082496440078
2025-08-24,12,B_历史形状,28,89.8297343171296,80.41365074818124,99.59683052483078
2025-08-24,18,B_历史形状,28,28.888866765873022,8.755123536706348,27.986536748903088
2025-08-25,0,B_历史形状,28,226.5238297660384,215.9002641658399,226.5238297660384
2025-08-25,6,B_历史形状,28,169.02533115079365,162.75964360945767,178.2794585246149
2025-08-25,12,B_历史形状,28,90.20867777777777,80.2838543320106,100.45879615747937
2025-08-25,18,B_历史形状,28,29.15212628968254,8.516902331349206,29.006090123617305
2025-08-26,0,B_历史形状,28,242.10395125248016,230.47031474867717,242.10395125248016
2025-08-26,6,B_历史形状,28,169.63968363646384,162.83538936287476,179.15386507080734
2025-08-26,12,B_历史形状,28,90.03023545800264,79.28420456349207,100.23019497853913
2025-08-26,18,B_历史形状,28,29.43458020833333,8.321927008928572,29.13111053830491
2025-08-27,0,B_历史形状,28,242.02924367146167,230.29491217344574,242.02924367146167
2025-08-27,6,B_历史形状,28,170.99830018738976,164.3674190228175,179.6451174386248
2025-08-27,12,B_历史形状,28,89.73869820601853,78.82040684110451,100.60851162846117
2025-08-27,18,B_历史形状,28,29.64226661706349,8.03220662202381,29.310657565337245
2025-08-28,0,B_历史形状,28,240.31870252149474,228.37243721891534,240.31870252149474
2025-08-28,6,B_历史形状,28,177.9201757330247,170.31869367283952,186.55275877851338
2025-08-28,12,B_历史形状,28,87.39930180224867,75.77059997519844,98.08688172014465
2025-08-28,18,B_历史形状,28,29.719553968253965,7.748602405753969,28.88980950314508
2025-08-29,0,B_历史形状,28,241.10972993551587,228.9354050946594,241.10972993551587
2025-08-29,6,B_历史形状,28,179.99706073082012,172.6079982638889,188.70472398752597
2025-08-29,12,B_历史形状,28,87.46171448412697,76.31774940062833,99.41512218973614
2025-08-29,18,B_历史形状,28,29.795897966269838,7.4505176835317455,29.780299423110733
2025-08-30,0,B_历史形状,28,242.91081929563492,230.25288753720238,242.91081929563492
2025-08-30,6,B_历史形状,28,177.32006379519402,169.24236950782628,186.40426616519423
2025-08-30,12,B_历史形状,28,86.70337829034392,75.47028107638891,95.84954687950268
2025-08-30,18,B_历史形状,28,29.75909528769841,7.084864087301588,29.92230851594521
2025-08-31,0,B_历史形状,28,238.13738190310846,225.3761550801918,238.13738190310846
2025-08-31,6,B_历史形状,28,177.18098734016758,169.45171751818788,186.42896527804913
2025-08-31,12,B_历史形状,28,82.84392660383598,71.80678856233467,91.85799645139168
2025-08-31,18,B_历史形状,28,29.745699305555554,6.768833606150793,30.045646991452347
2025-09-01,0,B_历史形状,28,241.83148757853837,228.86100859995037,241.83148757853837
2025-09-01,6,B_历史形状,28,177.51653657958553,168.97917536926815,187.32851538700191
2025-09-01,12,B_历史形状,28,81.85753110119049,70.29305184771826,91.7188400274667
2025-09-01,18,B_历史形状,28,29.68139826388889,6.451466220238095,29.670583464153726
2025-09-02,0,B_历史形状,28,250.14030083498682,236.26649996693124,250.14030083498682
2025-09-02,6,B_历史形状,28,176.68919383267198,168.3470106481482,186.60299375276037
2025-09-02,12,B_历史形状,28,79.27064222056877,67.72112764963626,88.03377432516558
2025-09-02,18,B_历史形状,28,29.44325758928571,6.0418171874999995,30.32800893579639
2025-09-03,0,B_历史形状,28,248.4445654431217,234.30272242063492,248.4445654431217
2025-09-03,6,B_历史形状,28,180.14085240850972,171.33612736441802,190.5975431965967
2025-09-03,12,B_历史形状,28,79.874805489418,68.58957762070106,89.53575065317263
2025-09-03,18,B_历史形状,28,29.372799107142857,5.758808184523809,30.28321077650366
2025-09-04,0,B_历史形状,28,245.17473879381615,230.27901567666999,245.17473879381615
2025-09-04,6,B_历史形状,28,180.76833612213406,171.851924239418,191.0988054797817
2025-09-04,12,B_历史形状,28,79.86099017857144,68.77924152199076,89.73539357467845
2025-09-04,18,B_历史形状,28,29.053344246031745,5.422632589285713,29.778718418275854
2025-09-05,0,B_历史形状,28,233.92102996445107,219.49867735821758,233.92102996445107
2025-09-05,6,B_历史形状,28,178.44834600418875,170.20033340498236,187.9425537041173
2025-09-05,12,B_历史形状,28,79.84979810681219,68.96863761987436,89.52840533414039
2025-09-05,18,B_历史形状,28,28.66395967261905,5.0726373015873,28.81708274280455
2025-09-06,0,B_历史形状,28,236.3069595114087,222.37524626736112,236.3069595114087
2025-09-06,6,B_历史形状,28,179.31784115410056,171.11996810240302,188.69839554247173
2025-09-06,12,B_历史形状,28,80.40066631944445,69.98828077876985,88.83558866123941
2025-09-06,18,B_历史形状,28,28.334722371031745,4.7243206101190465,27.9544165868942
2025-09-07,0,B_历史形状,28,238.03398214285716,224.46567577711645,238.03398214285716
2025-09-07,6,B_历史形状,28,177.67966708002646,169.5676359375,187.69132419060733
2025-09-07,12,B_历史形状,28,77.95788043154764,67.80051359953704,84.43377503475587
2025-09-07,18,B_历史形状,28,28.040813740079365,4.500942038690476,26.935181287721093
2025-09-08,0,B_历史形状,28,235.89928503637566,222.89412872850534,235.89928503637566
2025-09-08,6,B_历史形状,28,181.5298244708995,172.62494846505734,192.1989205089182
2025-09-08,12,B_历史形状,28,78.27588088624341,68.11045986276456,86.0957268714055
2025-09-08,18,B_历史形状,28,27.506726240079363,4.135095634920634,26.61175250824919
2025-09-09,0,B_历史形状,28,237.68334036458333,224.54675058077055,237.68334036458333
2025-09-09,6,B_历史形状,28,179.16614106591712,170.22734037422842,189.55274785604084
2025-09-09,12,B_历史形状,28,77.58373464781748,67.34298926091269,86.22179681873435
2025-09-09,18,B_历史形状,28,27.01234523809524,3.828743253968254,26.346396854703006
2025-09-10,0,B_历史形状,28,236.5812857473545,223.93477325148817,236.5812857473545
2025-09-10,6,B_历史形状,28,181.96718529541445,173.51951897597004,191.3172251791654
2025-09-10,12,B_历史形状,28,78.26574656084657,67.8444638434193,87.40776943553183
2025-09-10,18,B_历史形状,28,26.49038000992064,3.5626615823412706,25.206326185351568
2025-09-11,0,B_历史形状,28,236.31863618964948,223.5006993468916,236.31863618964948
2025-09-11,6,B_历史形状,28,184.29596187720463,176.9642973820547,193.20287836508575
2025-09-11,12,B_历史形状,28,76.78279310515872,66.72519805720898,85.88108693590975
2025-09-11,18,B_历史形状,28,25.752709275793656,3.2292225694444445,24.366122404916844
2025-09-12,0,B_历史形状,28,245.6036556960979,232.27440769469248,245.6036556960979
2025-09-12,6,B_历史形状,28,179.18959714506173,173.17307577711645,187.50319590389503
2025-09-12,12,B_历史形状,28,75.56495289351854,66.30142018022487,85.52517762729659
2025-09-12,18,B_历史形状,28,25.081282787698417,3.024036210317461,23.218725743606264
2025-09-13,0,B_历史形状,28,235.27468747933202,223.22857699239424,235.27468747933202
2025-09-13,6,B_历史形状,28,183.13471046075833,178.36547516258818,190.1866474917452
2025-09-13,12,B_历史形状,28,75.88497766203704,66.97398336226851,87.34654491833068
2025-09-13,18,B_历史形状,28,24.271394444444443,2.7459992559523814,23.723397606949536
2025-09-14,0,B_历史形状,28,223.45383773974868,212.45561299189822,223.45383773974868
2025-09-14,6,B_历史形状,28,185.87901161816578,180.64381909997795,192.24689163857724
2025-09-14,12,B_历史形状,28,75.7527463293651,67.85379759011242,91.39977821406266
2025-09-14,18,B_历史形状,28,23.438097321428568,2.4861029265873023,22.456387197582266
2025-09-15,0,B_历史形状,28,223.56266243799604,213.28272898892197,223.56266243799604
2025-09-15,6,B_历史形状,28,181.6109597828483,177.31195965332896,187.67910110938314
2025-09-15,12,B_历史形状,28,75.69369035218254,67.41278451140872,91.06566590100745
2025-09-15,18,B_历史形状,28,22.600078224206346,2.2610257936507936,21.271497168366626
2025-09-16,0,B_历史形状,28,225.51735220734125,215.49233210565484,225.51735220734125
2025-09-16,6,B_历史形状,28,180.54044947641094,177.36857060185187,185.7058465723786
2025-09-16,12,B_历史形状,28,75.31989464285716,67.18636628224206,88.79989710344162
2025-09-16,18,B_历史形状,28,21.749778968253967,2.0828728918650796,20.425628503966816
2025-09-17,0,B_历史形状,28,232.47118970734124,222.37221639591604,232.47118970734124
2025-09-17,6,B_历史形状,28,180.31904857253087,177.40931397707234,185.0853805870052
2025-09-17,12,B_历史形状,28,74.53905618386243,66.73714798693783,87.76412498655229
2025-09-17,18,B_历史形状,28,20.729231448412694,1.802656547619048,19.487009265590746
2025-09-18,0,B_历史形状,28,231.99683179976847,222.80546563326723,231.99683179976847
2025-09-18,6,B_历史形状,28,181.1296241347002,177.83740355764994,185.4659719821018
2025-09-18,12,B_历史形状,28,73.06414809027777,64.84370711392194,87.3279917743674
2025-09-18,18,B_历史形状,28,19.763927529761904,1.6047802331349208,18.524191477722912
2025-09-19,0,B_历史形状,28,234.64833046874998,226.67916285755624,234.64833046874998
2025-09-19,6,B_历史形状,28,182.69658801807765,178.4205915702161,186.62481151172992
2025-09-19,12,B_历史形状,28,73.110354307209,64.26752454943781,86.69597634713706
2025-09-19,18,B_历史形状,28,18.775854017857142,1.4137840773809525,17.57737015380006
2025-09-20,0,B_历史形状,28,232.00999552331345,224.90667336516205,232.00999552331345
2025-09-20,6,B_历史形状,28,179.2842446208113,174.89467212301588,183.77605112108776
2025-09-20,12,B_历史形状,28,72.23808912037038,63.68349766865078,85.16559038455507
2025-09-20,18,B_历史形状,28,17.635759623015872,1.1756599206349203,17.02406391336505
2025-09-21,0,B_历史形状,28,233.45661264880954,226.75185274470897,233.45661264880954
2025-09-21,6,B_历史形状,28,177.29144332010583,171.89979029155646,181.5326967484212
2025-09-21,12,B_历史形状,28,73.88286707175926,65.23489327876982,85.47861502144198
2025-09-21,18,B_历史形状,28,16.51668234126984,1.006095486111111,15.815857420922812
2025-09-22,0,B_历史形状,28,235.16443606977512,228.54669429150132,235.16443606977512
2025-09-22,6,B_历史形状,28,177.62525184634038,171.55020867779987,181.30505702407385
2025-09-22,12,B_历史形状,28,73.68894330357143,65.89801791501321,87.37688459701282
2025-09-22,18,B_历史形状,28,15.515532837301587,0.9494713541666666,14.456700820582217
2025-09-23,0,B_历史形状,28,222.4218412243717,216.56591106357473,222.4218412243717
2025-09-23,6,B_历史形状,28,178.64002048059962,173.12385571538803,182.08885294047218
2025-09-23,12,B_历史形状,28,72.21175524966931,65.05656961805555,88.62076546187257
2025-09-23,18,B_历史形状,28,14.483181696428574,0.8524434027777776,13.73804559977863
2025-09-24,0,B_历史形状,28,219.92569531249998,213.8233853071263,219.92569531249998
2025-09-24,6,B_历史形状,28,174.55591800044093,169.2153958912037,177.9766914313851
2025-09-24,12,B_历史形状,28,71.1024760003307,64.1737937127976,87.1518645872002
2025-09-24,18,B_历史形状,28,13.392468154761906,0.7273116815476189,11.897512785467073
2025-09-25,0,B_历史形状,28,220.62288150628305,214.960214103836,220.62288150628305
2025-09-25,6,B_历史形状,28,168.91677352843914,164.88817991622574,171.76394844100466
2025-09-25,12,B_历史形状,28,69.05292472718254,63.218760395998665,85.79177832831051
2025-09-25,18,B_历史形状,28,12.51642023809524,0.702724032738095,11.20478044629047
2025-09-26,0,B_历史形状,28,216.32089391121028,210.5711682891038,216.32089391121028
2025-09-26,6,B_历史形状,28,170.43102204034386,165.49183796020722,173.2266379113019
2025-09-26,12,B_历史形状,28,68.59339909060847,62.33337181299602,84.30567897557857
2025-09-26,18,B_历史形状,28,11.572165773809525,0.6429435763888888,9.565218206203545
2025-09-27,0,B_历史形状,28,212.93843695023142,207.65713880001653,212.93843695023142
2025-09-27,6,B_历史形状,28,168.61582803130509,163.80323912312608,171.09364488925598
2025-09-27,12,B_历史形状,28,68.49537609126985,63.33099629629629,84.98193438781966
2025-09-27,18,B_历史形状,28,10.652903422619048,0.5930267113095236,8.522016951924053
2025-09-28,0,B_历史形状,28,211.63740892443778,207.36594826802252,211.63740892443778
2025-09-28,6,B_历史形状,28,168.8458945712081,163.66061746307315,170.85745437543503
2025-09-28,12,B_历史形状,28,67.86880400132274,62.85853098131614,84.59944478460434
2025-09-28,18,B_历史形状,28,9.725047172619048,0.5362468998015871,7.230746511177483
2025-09-29,0,B_历史形状,28,208.81545839120366,204.8797350570437,208.81545839120366
2025-09-29,6,B_历史形状,28,174.34749516093476,169.2358677827381,176.07462979870493
2025-09-29,12,B_历史形状,28,66.93954487433862,62.231352521494706,84.95375216525001
2025-09-29,18,B_历史形状,28,8.824565029761905,0.4860557291666665,6.955543019877289
2025-09-30,0,B_历史形状,28,199.8714567666997,196.88801667700068,199.8714567666997
2025-09-30,6,B_历史形状,28,175.07476591159613,170.72000090939153,176.21599122959466
2025-09-30,12,B_历史形状,28,66.51507277612434,61.719937363591264,86.61979703068322
2025-09-30,18,B_历史形状,28,8.007180605158732,0.45248588789682526,6.042751893378669
2025-10-01,0,B_历史形状,28,204.5872265459656,202.03486082175922,204.5872265459656
2025-10-01,6,B_历史形状,28,169.49171845238098,166.02845211089064,169.9343096380758
2025-10-01,12,B_历史形状,28,67.60662375992062,62.32154424603174,88.03737734703456
2025-10-01,18,B_历史形状,28,7.0785302083333335,0.36404268353174596,5.329527330157754
2025-10-02,0,B_历史形状,28,209.36968523892193,207.12655999710645,209.36968523892193
2025-10-02,6,B_历史形状,28,177.58991080798063,173.59088199129192,177.82470835779873
2025-10-02,12,B_历史形状,28,68.40007169312169,62.67237142443783,88.35563915922417
2025-10-02,18,B_历史形状,28,6.393643898809524,0.3422990823412698,4.8344858534094195
2025-10-03,0,B_历史形状,28,221.84322591352512,219.26340039889214,221.84322591352512
2025-10-03,6,B_历史形状,28,182.41725358796296,177.44772249228396,182.7048207590914
2025-10-03,12,B_历史形状,28,69.22654758597882,63.019997515707665,88.84836680748721
2025-10-03,18,B_历史形状,28,5.755593353174604,0.33194794146825396,4.377030631315477
2025-10-04,0,B_历史形状,28,220.7309992435516,217.3474177290013,220.7309992435516
2025-10-04,6,B_历史形状,28,184.447666313933,179.63832181988536,184.66611209712417
2025-10-04,12,B_历史形状,28,68.07267788525131,61.96037315641535,87.85771486783742
2025-10-04,18,B_历史形状,28,4.987399702380954,0.28089895833333334,4.148150335471887
2025-10-05,0,B_历史形状,28,228.4751191261574,224.62709970031412,228.4751191261574
2025-10-05,6,B_历史形状,28,185.12778748897708,180.29734901620373,185.07259551401785
2025-10-05,12,B_历史形状,28,69.50165072751322,63.9020384796627,88.96318042144733
2025-10-05,18,B_历史形状,28,4.311390029761905,0.2582521825396826,3.621868909920146
2025-10-06,0,B_历史形状,28,236.38292927000663,231.73293052868715,236.38292927000663
2025-10-06,6,B_历史形状,28,181.73128072641094,177.60905842151675,181.32933343915803
2025-10-06,12,B_历史形状,28,69.65410682870369,63.56551754712302,87.60745142881123
2025-10-06,18,B_历史形状,28,3.7342676091269844,0.25272596726190477,2.835036895347905
2025-10-07,0,B_历史形状,28,237.94701439318786,234.24833343874005,237.94701439318786
2025-10-07,6,B_历史形状,28,181.08366843033514,177.7286491484788,180.37570414061324
2025-10-07,12,B_历史形状,28,69.56779479166666,64.33289818948414,87.10056444712859
2025-10-07,18,B_历史形状,28,3.1553558035714286,0.24898953373015872,2.134107394133468
2025-10-08,0,B_历史形状,28,234.880065687004,231.17856314690806,234.880065687004
2025-10-08,6,B_历史形状,28,177.09815607914467,173.30138892195762,176.55394534187636
2025-10-08,12,B_历史形状,28,68.8262745949074,63.81858909143519,85.52012464671675
2025-10-08,18,B_历史形状,28,2.6127028273809527,0.23755181051587299,1.8374184209415314
2025-10-09,0,B_历史形状,28,232.3760526083003,229.16942272032074,232.3760526083003
2025-10-09,6,B_历史形状,28,174.5543901565256,170.4132800953483,174.2498422860618
2025-10-09,12,B_历史形状,28,68.3073900545635,63.81862613673944,84.68547768373143
2025-10-09,18,B_历史形状,28,2.150815823412698,0.20662549603174601,1.6388195944277506
2025-10-10,0,B_历史形状,28,230.36520540674607,226.787714504795,230.36520540674607
2025-10-10,6,B_历史形状,28,176.74854480268962,172.5787989390432,176.53658981292344
2025-10-10,12,B_历史形状,28,68.90210553075397,64.20387120122356,85.92561994679777
2025-10-10,18,B_历史形状,28,1.744957093253968,0.1719738095238095,1.3803692581027034
2025-10-11,0,B_历史形状,28,235.27416849785052,230.53688073743385,235.27416849785052
2025-10-11,6,B_历史形状,28,176.0956249228395,170.67437838128308,176.21634058398263
2025-10-11,12,B_历史形状,28,67.80008878968253,62.55633145254631,83.00091928244183
2025-10-11,18,B_历史形状,28,1.3789623015873016,0.14553115079365078,0.2997503043658933
2025-10-12,0,B_历史形状,28,237.6600277075066,232.20917972883598,237.6600277075066
2025-10-12,6,B_历史形状,28,174.19405045194003,168.99374575066136,174.21264607669357
2025-10-12,12,B_历史形状,28,67.71726950231482,62.13685975942462,78.91886895561638
2025-10-12,18,B_历史形状,28,1.0534661706349207,0.12589662698412699,0.2814274963479343
2025-10-13,0,B_历史形状,28,232.91594732556217,227.242433161789,232.91594732556217
2025-10-13,6,B_历史形状,28,177.15282130180776,171.12757465277778,177.0735714770745
2025-10-13,12,B_历史形状,28,69.38501873346561,63.85410527447091,81.56100717499682
2025-10-13,18,B_历史形状,28,0.7685568948412699,0.10906884920634918,0.12416246039843673
2025-10-14,0,B_历史形状,28,234.94636998594575,228.35983946552577,234.94636998594575
2025-10-14,6,B_历史形状,28,178.62330948522927,171.86145332065692,178.6868423666039
2025-10-14,12,B_历史形状,28,72.50390279431217,66.92274208829367,86.06105514720056
2025-10-14,18,B_历史形状,28,0.5628125000000002,0.10361473214285712,0.11870174611272245
2025-10-15,0,B_历史形状,28,231.95239083167985,225.34559872478505,231.95239083167985
2025-10-15,6,B_历史形状,28,182.0166842978395,176.11547920524688,181.9502704328535
2025-10-15,12,B_历史形状,28,73.34422703373016,67.37251364914023,89.5988323128761
2025-10-15,18,B_历史形状,28,0.37471344246031746,0.1013537698412698,0.1062711965710464
2025-10-16,0,B_历史形状,28,233.0541033730158,225.91520194072422,233.0541033730158
2025-10-16,6,B_历史形状,28,183.46014693011463,177.48177544367283,183.4456837911548
2025-10-16,12,B_历史形状,28,73.72057573578044,67.49280027281749,91.22345068413597
2025-10-16,18,B_历史形状,28,0.24076021825396826,0.10080262896825395,0.10218940838136759
2025-10-17,0,B_历史形状,28,230.63045080605153,222.9514732969577,230.63045080605153
2025-10-17,6,B_历史形状,28,179.28443362544093,173.57861620645946,179.25567685526244
2025-10-17,12,B_历史形状,28,73.61124477513229,67.38123294477516,91.91724684786588
2025-10-17,18,B_历史形状,28,0.1389438492063492,0.09660873015873014,0.09711547619047615
2025-10-18,0,B_历史形状,28,240.852704625496,233.0100079571759,240.852704625496
2025-10-18,6,B_历史形状,28,181.7730719631834,175.60910701609347,181.7692707311701
2025-10-18,12,B_历史形状,28,74.55026477347884,67.6581377273479,94.26358438477155
2025-10-18,18,B_历史形状,28,0.09254454365079365,0.09207043650793649,0.0924296626984127
2025-10-19,0,B_历史形状,28,240.9074360284391,232.00468265335647,240.9074360284391
2025-10-19,6,B_历史形状,28,185.12660885141094,178.07589475308643,185.12660885141094
2025-10-19,12,B_历史形状,28,72.8186035300926,65.97126979993389,94.3640978229236
2025-10-19,18,A_线性插值,28,0.08561785714285715,0.08603710317460318,0.08561785714285715
2025-10-20,0,B_历史形状,28,238.46886699735447,229.62598990575393,238.46886699735447
2025-10-20,6,B_历史形状,28,180.3004098600088,173.42991776069223,180.3004098600088
2025-10-20,12,B_历史形状,28,72.44959928075397,65.40562772817462,91.12651367374959
2025-10-20,18,A_线性插值,28,0.07862202380952381,0.07962192460317462,0.07862202380952381
2025-10-21,0,B_历史形状,28,235.85168606564147,226.5169173156415,235.85168606564147
2025-10-21,6,B_历史形状,28,179.41119715608465,171.2531897541887,179.41119715608465
2025-10-21,12,B_历史形状,28,73.72962502480159,65.97001356233467,89.61194709106017
2025-10-21,18,A_线性插值,28,0.0723859126984127,0.07383690476190477,0.0723859126984127
2025-10-22,0,B_历史形状,28,239.26318471808864,229.7795673817791,239.26318471808864
2025-10-22,6,B_历史形状,28,180.13211348104056,171.3810669284612,180.13211348104056
2025-10-22,12,B_历史形状,28,74.21916652612434,65.67070559689157,90.48113103109085
2025-10-22,18,A_线性插值,28,0.0681826388888889,0.06993442460317459,0.0681826388888889
2025-10-23,0,B_历史形状,28,232.95496457506607,222.94740143642525,232.95496457506607
2025-10-23,6,B_历史形状,28,181.66102085537923,172.07027497244266,181.66102085537923
2025-10-23,12,B_历史形状,28,74.68223957506613,65.53839503141536,90.99093115044687
2025-10-23,18,A_线性插值,28,0.06402936507936509,0.06591309523809523,0.06402936507936509
2025-10-24,0,B_历史形状,28,246.75637340856477,235.9440612847222,246.75637340856477
2025-10-24,6,B_历史形状,28,180.5599582561729,171.74176012180334,180.5599582561729
2025-10-24,12,B_历史形状,28,73.93282163525133,64.74415941633599,91.55406388207925
2025-10-24,18,A_线性插值,28,0.06098303571428571,0.0631580357142857,0.06098303571428571
2025-10-25,0,B_历史形状,28,246.90323938078703,235.64590458416004,246.90323938078703
2025-10-25,6,B_历史形状,28,180.0771107914463,171.2035778080908,180.0771107914463
2025-10-25,12,B_历史形状,28,73.72582507440475,63.27982428075398,91.3070673764352
2025-10-25,18,A_线性插值,28,0.05818234126984127,0.060677083333333326,0.05818234126984127
2025-10-26,0,B_历史形状,28,245.0590618427579,232.49290006407074,245.0590618427579
2025-10-26,6,B_历史形状,28,178.9404277832893,169.93411814098326,178.9404277832893
2025-10-26,12,B_历史形状,28,74.78655482804233,64.18531261160715,92.2670781021637
2025-10-26,18,A_线性插值,28,0.05607073412698412,0.058937450396825374,0.05607073412698412
2025-10-27,0,B_历史形状,28,248.41173817377646,234.72816787367725,248.41173817377646
2025-10-27,6,B_历史形状,28,175.62625004409173,167.3866732473545,175.62625004409173
2025-10-27,12,B_历史形状,28,75.14448133267196,64.23950221560848,91.78941141812153
2025-10-27,18,A_线性插值,28,0.054406150793650784,0.057656249999999985,0.054406150793650784
2025-10-28,0,B_历史形状,28,248.07011351686506,234.10457650669642,248.07011351686506
2025-10-28,6,B_历史形状,28,175.59685351080248,165.64566686232365,175.59685351080248
2025-10-28,12,B_历史形状,28,75.40291041666667,64.0080689608135,89.62560825110543
2025-10-28,18,A_线性插值,28,0.053101091269841263,0.05682485119047618,0.053101091269841263
2025-10-29,0,B_历史形状,28,246.00909258019178,231.83092601686508,246.00909258019178
2025-10-29,6,B_历史形状,28,175.34034265321876,164.88220562996034,175.34034265321876
2025-10-29,12,B_历史形状,28,74.41043914517196,62.62023019179895,88.02232388201499
2025-10-29,18,A_线性插值,28,0.052594940476190476,0.05682936507936508,0.052594940476190476
2025-10-30,0,B_历史形状,28,240.1838882853836,225.98359083788029,240.1838882853836
2025-10-30,6,B_历史形状,28,165.73326867835098,155.06393621858464,165.73326867835098
2025-10-30,12,B_历史形状,28,73.35653934358466,61.26757803819446,86.92184168125013
2025-10-30,18,A_线性插值,28,0.052448015873015875,0.057199156746031724,0.052448015873015875
2025-10-31,0,B_历史形状,28,229.24335732473543,215.490822296627,229.24335732473543
2025-10-31,6,B_历史形状,28,160.913894141314,151.12652462797618,160.913894141314
2025-10-31,12,B_历史形状,28,71.38947577711642,59.40828785962303,86.8578968289102
2025-10-31,18,A_线性插值,28,0.051332341269841264,0.05671463293650793,0.051332341269841264
2025-11-01,0,B_历史形状,28,229.9572838045635,216.23896334532077,229.9572838045635
2025-11-01,6,B_历史形状,28,157.7719625275573,147.32723645833332,157.7719625275573
2025-11-01,12,B_历史形状,28,70.47756258267195,58.32166133019181,85.87840990779944
2025-11-01,18,A_线性插值,28,0.04905059523809523,0.054747271825396814,0.04905059523809523
2025-11-02,0,B_历史形状,28,217.88531216931216,204.80047260871362,217.88531216931216
2025-11-02,6,B_历史形状,28,159.30607662588184,148.14658032131837,159.30607662588184
2025-11-02,12,B_历史形状,28,69.49565042989418,56.76981677414022,85.60893219510103
2025-11-02,18,A_线性插值,28,0.04523740079365079,0.05098918650793651,0.04523740079365079
2025-11-03,0,B_历史形状,28,211.81190497271822,199.45676045593586,211.81190497271822
2025-11-03,6,B_历史形状,28,161.9719740410053,149.61340945216048,161.9719740410053
2025-11-03,12,B_历史形状,28,69.20927520667989,56.427316451719584,85.17578862705753
2025-11-03,18,A_线性插值,28,0.04032063492063492,0.04600744047619048,0.04032063492063492
2025-11-04,0,B_历史形状,28,207.855999917328,194.28452319155093,207.855999917328
2025-11-04,6,B_历史形状,28,163.23465746252208,150.2910551366843,163.23465746252208
2025-11-04,12,B_历史形状,28,69.05064543650792,55.74286649718915,86.56712577342314
2025-11-04,18,A_线性插值,28,0.03488015873015873,0.040577182539682545,0.03488015873015873
2025-11-05,0,B_历史形状,28,206.77611470320764,193.05625495618386,206.77611470320764
2025-11-05,6,B_历史形状,28,162.60478522927693,149.39581789021162,162.60478522927693
2025-11-05,12,B_历史形状,28,68.81971957671956,55.40045388558201,87.11338783023322
2025-11-05,18,A_线性插值,28,0.029707043650793647,0.035452083333333335,0.029707043650793647
2025-11-06,0,B_历史形状,28,211.8361815930886,197.38945537781086,211.8361815930886
2025-11-06,6,B_历史形状,28,163.09522984457672,149.46500125661376,163.09522984457672
2025-11-06,12,B_历史形状,28,68.83083281249998,54.50076874173279,88.03383361006665
2025-11-06,18,A_线性插值,28,0.024907440476190472,0.030682837301587305,0.024907440476190472
2025-11-07,0,B_历史形状,28,201.52774606894837,187.40213264302247,201.52774606894837
2025-11-07,6,B_历史形状,28,161.46787319775132,146.81395982142857,161.46787319775132
2025-11-07,12,B_历史形状,28,69.12183199404761,54.416257581018506,87.95367449319262
2025-11-07,18,A_线性插值,28,0.020355357142857144,0.026130753968253973,0.020355357142857144
2025-11-08,0,B_历史形状,28,191.43766103670632,177.88255946180553,191.43766103670632
2025-11-08,6,B_历史形状,28,160.39190320216048,145.34077857418433,160.39190320216048
2025-11-08,12,B_历史形状,28,67.5743747767857,53.00887241650132,87.59035237417731
2025-11-08,18,A_线性插值,28,0.017054464285714284,0.022829861111111117,0.017054464285714284
2025-11-09,0,B_历史形状,28,190.6195714905754,176.9431755063657,190.6195714905754
2025-11-09,6,B_历史形状,28,159.26035237544093,144.52941056823192,159.26035237544093
2025-11-09,12,B_历史形状,28,67.3057931216931,52.50067123429232,87.85871053137454
2025-11-09,18,A_线性插值,28,0.014119940476190473,0.019895337301587303,0.014119940476190473
2025-11-10,0,B_历史形状,28,189.478506650959,175.6931106750165,189.478506650959
2025-11-10,6,B_历史形状,28,155.6639919642857,141.1012710896164,155.6639919642857
2025-11-10,12,B_历史形状,28,64.8161154183201,49.63838994295634,84.67923619588679
2025-11-10,18,A_线性插值,28,0.01202718253968254,0.01780257936507936,0.01202718253968254
2025-11-11,0,B_历史形状,28,186.3576017361111,173.2291419725529,186.3576017361111
2025-11-11,6,B_历史形状,28,155.67271253306876,140.65851568287036,155.67271253306876
2025-11-11,12,B_历史形状,28,61.30049083167987,45.95010029348544,82.13333592346655
2025-11-11,18,A_线性插值,28,0.01041349206349206,0.016188888888888888,0.01041349206349206
2025-11-12,0,B_历史形状,28,184.17770914765214,170.90614110449732,184.17770914765214
2025-11-12,6,B_历史形状,28,149.40449786155202,133.27596833939592,149.40449786155202
2025-11-12,12,B_历史形状,28,59.66023504464283,44.448429786706335,77.84013304754187
2025-11-12,18,A_线性插值,28,0.009276587301587301,0.015051984126984124,0.009276587301587301
2025-11-13,0,B_历史形状,28,179.95214493634256,166.6694476727844,179.95214493634256
2025-11-13,6,B_历史形状,28,150.16006279210757,133.16842735339506,150.16006279210757
2025-11-13,12,B_历史形状,28,60.03805396825396,44.81177693452378,77.9518393885598
2025-11-13,18,A_线性插值,28,0.008511805555555555,0.01428720238095238,0.008511805555555555
2025-11-14,0,B_历史形状,28,183.592995692791,170.299302302414,183.592995692791
2025-11-14,6,B_历史形状,28,150.20156087411814,133.31534379684746,150.20156087411814
2025-11-14,12,B_历史形状,28,60.44876391369046,45.561583482142844,78.98155786782677
2025-11-14,18,A_线性插值,28,0.00826001984126984,0.014571180555555554,0.00826001984126984
2025-11-15,0,B_历史形状,28,173.1907441674934,159.72059271040013,173.1907441674934
2025-11-15,6,B_历史形状,28,152.97610683421516,136.1055480296517,152.97610683421516
2025-11-15,12,B_历史形状,28,59.48001083829364,45.28353282076718,78.23223563974643
2025-11-15,18,A_线性插值,28,0.008182043650793652,0.014345684523809521,0.008182043650793652
2025-11-16,0,B_历史形状,28,171.8705392402447,158.5663353422619,171.8705392402447
2025-11-16,6,B_历史形状,28,145.66313321208114,129.61998228615522,145.66313321208114
2025-11-16,12,B_历史形状,28,59.480498602843895,45.2474370825066,76.13710623536595
2025-11-16,18,A_线性插值,28,0.008398611111111112,0.01378735119047619,0.008398611111111112
2025-11-17,0,B_历史形状,28,171.88489654017854,158.58007806712962,171.88489654017854
2025-11-17,6,B_历史形状,28,145.2817507771164,129.10004353229718,145.2817507771164
2025-11-17,12,B_历史形状,28,58.86234914021163,44.08519134424603,75.58414585481087
2025-11-17,18,A_线性插值,28,0.008387599206349208,0.013195684523809523,0.008387599206349208
2025-11-18,0,B_历史形状,28,171.68155173611106,159.29716217344577,171.68155173611106
2025-11-18,6,B_历史形状,28,146.4777690255732,130.39279781194884,146.4777690255732
2025-11-18,12,B_历史形状,28,57.92992738921957,43.33371259093916,74.14016565492945
2025-11-18,18,A_线性插值,28,0.008219345238095237,0.012576339285714283,0.008219345238095237
2025-11-19,0,B_历史形状,28,168.8789218419312,156.98318230200067,168.8789218419312
2025-11-19,6,B_历史形状,28,148.77568264440035,133.62547395833332,148.77568264440035
2025-11-19,12,B_历史形状,28,57.03233153935185,43.17181334738756,72.67230849061939
2025-11-19,18,A_线性插值,28,0.007866964285714286,0.011900198412698414,0.007866964285714286
2025-11-20,0,B_历史形状,28,168.6458983506944,157.12745561135915,168.6458983506944
2025-11-20,6,B_历史形状,28,149.27065165895058,133.74019842096558,149.27065165895058
2025-11-20,12,B_历史形状,28,56.27710372850529,42.43481255373677,73.9371377208533
2025-11-20,18,A_线性插值,28,0.0073331349206349206,0.011179662698412697,0.0073331349206349206
2025-11-21,0,B_历史形状,28,155.05239024470896,144.7923156436012,155.05239024470896
2025-11-21,6,B_历史形状,28,144.61728863536155,128.9783894262566,144.61728863536155
2025-11-21,12,B_历史形状,28,55.266575586970895,41.51785094246031,71.36936324272246
2025-11-21,18,A_线性插值,28,0.0069430555555555565,0.01038864087301587,0.0069430555555555565
2025-11-22,0,B_历史形状,28,151.7794019510582,142.39017927207342,151.7794019510582
2025-11-22,6,B_历史形状,28,147.03579624118166,130.64888760196206,147.03579624118166
2025-11-22,12,B_历史形状,28,54.029924032738094,41.38634520502645,73.11570569327668
2025-11-22,18,A_线性插值,28,0.006547222222222223,0.009604761904761904,0.006547222222222223
2025-11-23,0,B_历史形状,28,148.98550579530425,140.0574526971726,148.98550579530425
2025-11-23,6,B_历史形状,28,146.62615084876543,129.85540256834213,146.62615084876543
2025-11-23,12,B_历史形状,28,52.7584476521164,40.16112985284391,72.40694297450075
2025-11-23,18,A_线性插值,28,0.006188194444444445,0.008840625000000001,0.006188194444444445
2025-11-24,0,B_历史形状,28,145.4880892526455,137.6307244068287,145.4880892526455
2025-11-24,6,B_历史形状,28,142.50741712411815,125.59700086529982,142.50741712411815
2025-11-24,12,B_历史形状,28,51.77905191798943,39.41269458498677,70.48023061972253
2025-11-24,18,A_线性插值,28,0.005825892857142858,0.008093353174603175,0.005825892857142858
2025-11-25,0,B_历史形状,28,145.4782962714947,138.21072787078373,145.4782962714947
2025-11-25,6,B_历史形状,28,137.20002909501764,121.68951272597,137.20002909501764
2025-11-25,12,B_历史形状,28,51.55018450727515,40.152731092923275,69.03250776734076
2025-11-25,18,A_线性插值,28,0.005541468253968255,0.007360664682539682,0.005541468253968255
2025-11-26,0,B_历史形状,28,146.5165718584656,138.9715159825562,146.5165718584656
2025-11-26,6,B_历史形状,28,136.42290696097882,120.82408796020722,136.42290696097882
2025-11-26,12,B_历史形状,28,50.13500850694444,39.33625259589947,66.79700888257388
2025-11-26,18,A_线性插值,28,0.005278174603174604,0.006643353174603175,0.005278174603174604
2025-11-27,0,B_历史形状,28,145.72753907903441,138.40813792782737,145.72753907903441
2025-11-27,6,B_历史形状,28,137.80932727623454,122.53615872464727,137.80932727623454
2025-11-27,12,B_历史形状,28,48.93532232969578,38.61809842509921,67.24998055336604
2025-11-27,18,A_线性插值,28,0.0049949404761904775,0.005942807539682541,0.0049949404761904775
2025-11-28,0,B_历史形状,28,142.04351461226855,134.81347025462964,142.04351461226855
2025-11-28,6,B_历史形状,28,138.10130568783066,122.09826097056876,138.10130568783066
2025-11-28,12,B_历史形状,28,49.21625476190478,38.97062431795634,67.42218468329307
2025-11-28,18,A_线性插值,28,0.0048249007936507935,0.0052435515873015875,0.0048249007936507935
2025-11-29,0,B_历史形状,28,139.07566595155424,132.19921160714287,139.07566595155424
2025-11-29,6,B_历史形状,28,138.62494345238093,122.42500016534392,138.62494345238093
2025-11-29,12,B_历史形状,28,48.63839210482805,38.589708304398144,67.87336248516203
2025-11-29,18,A_线性插值,28,0.004683928571428572,0.004932986111111112,0.004683928571428572
2025-11-30,0,B_历史形状,28,144.57363678902115,137.28056610863095,144.57363678902115
2025-11-30,6,B_历史形状,28,136.34312283399467,120.71679124228395,136.34312283399467
2025-11-30,12,B_历史形状,28,48.514034647817475,38.5378787119709,66.91157843205364
2025-11-30,18,A_线性插值,28,0.004575992063492062,0.004913343253968254,0.004575992063492062
2025-12-01,0,B_历史形状,28,142.23957263971562,134.90100677703373,142.23957263971562
2025-12-01,6,B_历史形状,28,131.77691687610226,117.00620119323193,131.77691687610226
2025-12-01,12,B_历史形状,28,47.8193769593254,38.25256957671957,66.53276180151467
2025-12-01,18,A_线性插值,28,0.0045127976190476185,0.005054464285714285,0.0045127976190476185
2025-12-02,0,B_历史形状,28,140.94973756613757,134.09867181712963,140.94973756613757
2025-12-02,6,B_历史形状,28,132.00772889109345,117.27829971615962,132.00772889109345
2025-12-02,12,B_历史形状,28,46.62003607804235,37.42506569113756,64.35357030945491
2025-12-02,18,A_线性插值,28,0.004484027777777777,0.005152132936507936,0.004484027777777777
2025-12-03,0,B_历史形状,28,143.7551486400463,136.80697372891865,143.7551486400463
2025-12-03,6,B_历史形状,28,132.31175984898587,117.9815237213404,132.31175984898587
2025-12-03,12,B_历史形状,28,45.58379218750001,36.5915994088955,62.95839388026641
2025-12-03,18,A_线性插值,28,0.00445843253968254,0.005207936507936507,0.00445843253968254
2025-12-04,0,B_历史形状,28,142.75095557622353,136.88269365906083,142.75095557622353
2025-12-04,6,B_历史形状,28,129.47878468364195,115.16039519400354,129.47878468364195
2025-12-04,12,B_历史形状,28,45.36413592096562,36.7469599743717,61.70710850423395
2025-12-04,18,A_线性插值,28,0.0044125,0.005263740079365079,0.0044125
2025-12-05,0,B_历史形状,28,147.5123614996693,142.03037761656745,147.5123614996693
2025-12-05,6,B_历史形状,28,127.85427828483243,114.00854028880072,127.85427828483243
2025-12-05,12,B_历史形状,28,44.13891181382276,35.790660296792325,60.46895007721134
2025-12-05,18,A_线性插值,28,0.004279960317460317,0.005257738095238095,0.004279960317460317
2025-12-06,0,B_历史形状,28,147.97363732225526,142.58602156084655,147.97363732225526
2025-12-06,6,B_历史形状,28,123.77699933862432,110.51077917493387,123.77699933862432
2025-12-06,12,B_历史形状,28,43.77520383597885,35.83121636078042,59.64432338701033
2025-12-06,18,A_线性插值,28,0.004068849206349206,0.005142807539682538,0.004068849206349206
2025-12-07,0,B_历史形状,28,144.3034598916997,139.44843438120037,144.3034598916997
2025-12-07,6,B_历史形状,28,123.65891895943561,110.10375606261026,123.65891895943561
2025-12-07,12,B_历史形状,28,43.571999231150805,35.746570754794966,58.77193018154041
2025-12-07,18,A_线性插值,28,0.003817162698412699,0.004962599206349206,0.003817162698412699
2025-12-08,0,B_历史形状,28,147.31292058531744,142.616531557953,147.31292058531744
2025-12-08,6,B_历史形状,28,123.54740037477951,110.98305467372136,123.54740037477951
2025-12-08,12,B_历史形状,28,42.91923053075397,35.69971424437829,58.72198399815898
2025-12-08,18,A_线性插值,28,0.003413888888888889,0.004608035714285715,0.003413888888888889
2025-12-09,0,B_历史形状,28,148.45400515459656,143.57921921916335,148.45400515459656
2025-12-09,6,B_历史形状,28,126.36463767085536,114.13480240024252,126.36463767085536
2025-12-09,12,B_历史形状,28,42.541933738425925,35.437617410714275,60.22202768341632
2025-12-09,18,A_线性插值,28,0.0030816468253968255,0.004305704365079366,0.0030816468253968255
2025-12-10,0,B_历史形状,28,148.2680003678902,143.9380825913525,148.2680003678902
2025-12-10,6,B_历史形状,28,125.26404608134919,113.90600085152117,125.26404608134919
2025-12-10,12,B_历史形状,28,42.58468673941799,36.1079306382275,60.54602791404586
2025-12-10,18,A_线性插值,28,0.002746031746031746,0.0039838293650793655,0.002746031746031746
2025-12-11,0,B_历史形状,28,149.23732242890213,145.5818692997685,149.23732242890213
2025-12-11,6,B_历史形状,28,120.29252941468253,109.26452106481482,120.29252941468253
2025-12-11,12,B_历史形状,28,40.89120119047619,35.074125136408725,57.34551258131863
2025-12-11,18,A_线性插值,28,0.0024700396825396826,0.0037088789682539684,0.0024700396825396826
2025-12-12,0,B_历史形状,28,144.4084098544974,140.45795918278773,144.4084098544974
2025-12-12,6,B_历史形状,28,119.291473396164,108.27849404486332,119.291473396164
2025-12-12,12,B_历史形状,28,39.29974761078042,33.64391203703703,55.429718678676885
2025-12-12,18,A_线性插值,28,0.0021845238095238094,0.003423363095238095,0.0021845238095238094
2025-12-13,0,B_历史形状,28,144.12829752810848,140.28961672040344,144.12829752810848
2025-12-13,6,B_历史形状,28,115.55712492283946,104.07991208939595,115.55712492283946
2025-12-13,12,B_历史形状,28,39.35227151124339,33.62394077794311,54.553088211016814
2025-12-13,18,A_线性插值,28,0.0019602182539682545,0.0031990575396825395,0.0019602182539682545
2025-12-14,0,B_历史形状,28,142.06485930472886,138.5582947627315,142.06485930472886
2025-12-14,6,B_历史形状,28,116.74898222552908,105.5015908068783,116.74898222552908
2025-12-14,12,B_历史形状,28,38.96479980158731,33.15945805638227,54.51713374910573
2025-12-14,18,A_线性插值,28,0.001730654761904762,0.0029663194444444437,0.001730654761904762
2025-12-15,0,B_历史形状,28,143.95284869378307,141.0985888971561,143.95284869378307
2025-12-15,6,B_历史形状,28,115.717515470679,104.7935664792769,115.717515470679
2025-12-15,12,B_历史形状,28,39.090834722222226,33.340796011078034,55.01552681274997
2025-12-15,18,A_线性插值,28,0.0015299603174603177,0.0027572420634920628,0.0015299603174603177
2025-12-16,0,B_历史形状,28,144.32010637400793,141.64110961061508,144.32010637400793
2025-12-16,6,B_历史形状,28,111.93216310074955,101.40392249779542,111.93216310074955
2025-12-16,12,B_历史形状,28,38.422033308531745,33.249779869378294,54.949127576276915
2025-12-16,18,A_线性插值,28,0.0013589285714285715,0.002574454365079364,0.0013589285714285715
2025-12-17,0,B_历史形状,28,142.5148091724537,139.7246535486938,142.5148091724537
2025-12-17,6,B_历史形状,28,107.9040395282187,97.03945554728837,107.9040395282187
2025-12-17,12,B_历史形状,28,38.01812893518518,33.0517534928902,54.926678845428945
2025-12-17,18,A_线性插值,28,0.0012209325396825396,0.0024440476190476187,0.0012209325396825396
2025-12-18,0,B_历史形状,28,142.30648253554895,139.0580045262897,142.30648253554895
2025-12-18,6,B_历史形状,28,103.32717791005291,93.53754671792328,103.32717791005291
2025-12-18,12,B_历史形状,28,37.96388125,33.83281545552248,52.6392021363735
2025-12-18,18,A_线性插值,28,0.0010967261904761903,0.0023556051587301586,0.0010967261904761903
2025-12-19,0,B_历史形状,28,139.8665346064815,136.63990460482805,139.8665346064815
2025-12-19,6,B_历史形状,28,103.48586304563491,93.56095702987213,103.48586304563491
2025-12-19,12,B_历史形状,28,37.654278885582016,33.74688067956348,52.58618940071317
2025-12-19,18,A_线性插值,28,0.000985813492063492,0.0023325892857142855,0.000985813492063492
2025-12-20,0,B_历史形状,28,139.36148162615743,136.29195285838293,139.36148162615743
2025-12-20,6,B_历史形状,28,100.31883484898587,90.66383669532627,100.31883484898587
2025-12-20,12,B_历史形状,28,38.23711045800265,34.45226629464285,50.20626071914255
2025-12-20,18,A_线性插值,28,0.0009112103174603173,0.0023000992063492063,0.0009112103174603173
2025-12-21,0,B_历史形状,28,135.5288382977844,132.96636314277447,135.5288382977844
2025-12-21,6,B_历史形状,28,98.8061036926808,89.87558306051586,98.8061036926808
2025-12-21,12,B_历史形状,28,38.518748602843914,34.82069636656745,49.63433063001317
2025-12-21,18,A_线性插值,28,0.000856547619047619,0.0022446924603174608,0.000856547619047619
2025-12-22,0,B_历史形状,28,132.8919345982143,130.1076174355159,132.8919345982143
2025-12-22,6,B_历史形状,28,98.32965189043209,89.96693679728835,98.32965189043209
2025-12-22,12,B_历史形状,28,39.01846078042329,35.12122704613094,51.18404995836836
2025-12-22,18,A_线性插值,28,0.0008186507936507936,0.0021700892857142856,0.0008186507936507936
2025-12-23,0,B_历史形状,28,132.0128652777778,129.35140431340938,132.0128652777778
2025-12-23,6,B_历史形状,28,98.09405890101412,89.65297605820105,98.09405890101412
2025-12-23,12,B_历史形状,28,38.4143320271164,34.430120940806866,50.86250912941818
2025-12-23,18,A_线性插值,28,0.0007939484126984127,0.0020782242063492064,0.0007939484126984127
2025-12-24,0,B_历史形状,28,126.64104096808863,124.16232828000992,126.64104096808863
2025-12-24,6,B_历史形状,28,98.21003533950616,90.67146537973986,98.21003533950616
2025-12-24,12,B_历史形状,28,38.20005395171957,34.85138929398146,50.82179804851774
2025-12-24,18,A_线性插值,28,0.0007845238095238096,0.0019704861111111112,0.0007845238095238096
2025-12-25,0,B_历史形状,28,124.47734264219578,122.3397496052414,124.47734264219578
2025-12-25,6,B_历史形状,28,96.22492692350089,89.23407683531745,96.22492692350089
2025-12-25,12,B_历史形状,28,38.59717337136242,35.73856895667988,50.28872382256392
2025-12-25,18,A_线性插值,28,0.0007936507936507937,0.0018476686507936508,0.0007936507936507937
2025-12-26,0,B_历史形状,28,126.7171476397156,124.91026617476852,126.7171476397156
2025-12-26,6,B_历史形状,28,95.98093332782187,90.10711767250883,95.98093332782187
2025-12-26,12,B_历史形状,28,38.13579613921957,35.331501744378286,50.07656154561856
2025-12-26,18,A_线性插值,28,0.0008072420634920635,0.0017266369047619049,0.0008072420634920635
2025-12-27,0,B_历史形状,28,127.42380539847885,125.98453483176256,127.42380539847885
2025-12-27,6,B_历史形状,28,95.43142002865962,90.36306408730161,95.43142002865962
2025-12-27,12,B_历史形状,28,38.62718195271164,36.03506424437829,50.093368935545946
2025-12-27,18,A_线性插值,28,0.0008411706349206349,0.001582986111111111,0.0008411706349206349
2025-12-28,0,B_历史形状,28,122.64549571759258,121.70382496073083,122.64549571759258
2025-12-28,6,B_历史形状,28,94.47240779320988,89.79104722497796,94.47240779320988
2025-12-28,12,B_历史形状,28,38.47637551256613,35.9364403935185,50.716346812672256
2025-12-28,18,A_线性插值,28,0.0008689484126984127,0.0014339781746031744,0.0008689484126984127
2025-12-29,0,B_历史形状,28,121.0906986111111,120.19250026041667,121.0906986111111
2025-12-29,6,B_历史形状,28,93.30459966931218,88.85548843970457,93.30459966931218
2025-12-29,12,B_历史形状,28,38.26860418320105,35.57213010499337,50.469303192130006
2025-12-29,18,A_线性插值,28,0.0008953373015873015,0.0012871031746031745,0.0008953373015873015
2025-12-30,0,B_历史形状,28,119.54249749917327,119.40270707258597,119.54249749917327
2025-12-30,6,B_历史形状,28,91.22817512676367,86.74555070822312,91.22817512676367
2025-12-30,12,B_历史形状,28,39.08780515873015,36.16278202711638,50.32755704009158
2025-12-30,18,A_线性插值,28,0.0009142857142857144,0.001139285714285714,0.0009142857142857144
2025-12-31,0,A_线性插值,28,117.58708078290343,117.9716140562996,117.58708078290343
2025-12-31,6,B_历史形状,28,93.1083266920194,89.05906938381834,93.1083266920194
2025-12-31,12,B_历史形状,28,39.872488905423275,37.13641904348543,52.41770595441416
2025-12-31,18,A_线性插值,28,0.0009298611111111111,0.0009914682539682539,0.0009298611111111111
